nohup: ignoring input
[[1;34mINFO[m] Scanning for projects...
[[1;33mWARNING[m] 
[[1;33mWARNING[m] Some problems were encountered while building the effective model for org.egovframe.template:handy-new-cms:jar:1.0.0
[[1;33mWARNING[m] 'dependencies.dependency.systemPath' for com.niceid:niceid:jar should not point at files within the project directory, ${project.basedir}/libs/NiceID_v1.2.jar will be unresolvable by dependent projects @ line 473, column 16
[[1;33mWARNING[m] 
[[1;33mWARNING[m] It is highly recommended to fix these problems because they threaten the stability of your build.
[[1;33mWARNING[m] 
[[1;33mWARNING[m] For this reason, future Maven versions might no longer support building such malformed projects.
[[1;33mWARNING[m] 
[[1;34mINFO[m] 
[[1;34mINFO[m] [1m----------------< [0;36morg.egovframe.template:handy-new-cms[0;1m >----------------[m
[[1;34mINFO[m] [1mBuilding handy-new-cms 1.0.0[m
[[1;34mINFO[m] [1m--------------------------------[ jar ]---------------------------------[m
[[1;34mINFO[m] 
[[1;34mINFO[m] [1m--- [0;32mmaven-clean-plugin:3.2.0:clean[m [1m(default-clean)[m @ [36mhandy-new-cms[0;1m ---[m
[[1;34mINFO[m] Deleting /root/knd/server/target
[[1;34mINFO[m] 
[[1;34mINFO[m] [1m--- [0;32mapt-maven-plugin:1.1.3:process[m [1m(default)[m @ [36mhandy-new-cms[0;1m ---[m
[[1;34mINFO[m] 
[[1;34mINFO[m] [1m--- [0;32mmaven-resources-plugin:3.2.0:resources[m [1m(default-resources)[m @ [36mhandy-new-cms[0;1m ---[m
[[1;34mINFO[m] Using 'UTF-8' encoding to copy filtered resources.
[[1;34mINFO[m] Using 'UTF-8' encoding to copy filtered properties files.
[[1;34mINFO[m] Copying 74 resources
[[1;34mINFO[m] Copying 105 resources
[[1;34mINFO[m] Copying 0 resource
[[1;34mINFO[m] 
[[1;34mINFO[m] [1m--- [0;32mmaven-compiler-plugin:3.13.0:compile[m [1m(default-compile)[m @ [36mhandy-new-cms[0;1m ---[m
[[1;34mINFO[m] Recompiling the module because of [1mchanged source code[m.
[[1;34mINFO[m] Compiling 481 source files with javac [debug parameters target 1.8] to target/classes
[[1;33mWARNING[m] bootstrap class path not set in conjunction with -source 8
[[1;33mWARNING[m] unknown enum constant javax.annotation.meta.When.MAYBE
  reason: class file for javax.annotation.meta.When not found
[[1;33mWARNING[m] /root/knd/server/src/main/java/cms/board/domain/BbsCommentDomain.java:[37,20] @Builder will ignore the initializing expression entirely. If you want the initializing expression to serve as default, add @Builder.Default. If it is not supposed to be settable during building, make the field final.
[[1;33mWARNING[m] /root/knd/server/src/main/java/cms/file/entity/CmsFile.java:[45,21] @Builder will ignore the initializing expression entirely. If you want the initializing expression to serve as default, add @Builder.Default. If it is not supposed to be settable during building, make the field final.
[[1;33mWARNING[m] /root/knd/server/src/main/java/cms/file/entity/CmsFile.java:[48,20] @Builder will ignore the initializing expression entirely. If you want the initializing expression to serve as default, add @Builder.Default. If it is not supposed to be settable during building, make the field final.
[[1;33mWARNING[m] /root/knd/server/src/main/java/cms/file/entity/CmsFile.java:[51,21] @Builder will ignore the initializing expression entirely. If you want the initializing expression to serve as default, add @Builder.Default. If it is not supposed to be settable during building, make the field final.
[[1;33mWARNING[m] /root/knd/server/src/main/java/cms/board/domain/BbsArticleDomain.java:[83,21] @Builder will ignore the initializing expression entirely. If you want the initializing expression to serve as default, add @Builder.Default. If it is not supposed to be settable during building, make the field final.
[[1;33mWARNING[m] /root/knd/server/src/main/java/cms/payment/domain/Payment.java:[55,21] @Builder will ignore the initializing expression entirely. If you want the initializing expression to serve as default, add @Builder.Default. If it is not supposed to be settable during building, make the field final.
[[1;33mWARNING[m] /root/knd/server/src/main/java/cms/enroll/domain/Enroll.java:[74,30] @Builder will ignore the initializing expression entirely. If you want the initializing expression to serve as default, add @Builder.Default. If it is not supposed to be settable during building, make the field final.
[[1;33mWARNING[m] /root/knd/server/src/main/java/cms/enroll/domain/Enroll.java:[111,32] @Builder will ignore the initializing expression entirely. If you want the initializing expression to serve as default, add @Builder.Default. If it is not supposed to be settable during building, make the field final.
[[1;33mWARNING[m] /root/knd/server/src/main/java/cms/enroll/domain/Enroll.java:[154,46] @Builder will ignore the initializing expression entirely. If you want the initializing expression to serve as default, add @Builder.Default. If it is not supposed to be settable during building, make the field final.
[[1;33mWARNING[m] /root/knd/server/src/main/java/cms/user/domain/User.java:[93,21] @Builder will ignore the initializing expression entirely. If you want the initializing expression to serve as default, add @Builder.Default. If it is not supposed to be settable during building, make the field final.
[[1;33mWARNING[m] unknown enum constant javax.annotation.meta.When.MAYBE
  reason: class file for javax.annotation.meta.When not found
[[1;33mWARNING[m] unknown enum constant javax.annotation.meta.When.MAYBE
  reason: class file for javax.annotation.meta.When not found
[[1;33mWARNING[m] unknown enum constant javax.annotation.meta.When.MAYBE
  reason: class file for javax.annotation.meta.When not found
[[1;33mWARNING[m] unknown enum constant javax.annotation.meta.When.MAYBE
  reason: class file for javax.annotation.meta.When not found
[[1;34mINFO[m] /root/knd/server/src/main/java/egov/com/cmm/AltibaseClobStringTypeHandler.java: Some input files use or override a deprecated API.
[[1;34mINFO[m] /root/knd/server/src/main/java/egov/com/cmm/AltibaseClobStringTypeHandler.java: Recompile with -Xlint:deprecation for details.
[[1;34mINFO[m] /root/knd/server/src/main/java/cms/kispg/service/impl/KispgPaymentServiceImpl.java: /root/knd/server/src/main/java/cms/kispg/service/impl/KispgPaymentServiceImpl.java uses unchecked or unsafe operations.
[[1;34mINFO[m] /root/knd/server/src/main/java/cms/kispg/service/impl/KispgPaymentServiceImpl.java: Recompile with -Xlint:unchecked for details.
[[1;34mINFO[m] 
[[1;34mINFO[m] [1m--- [0;32mmaven-resources-plugin:3.2.0:testResources[m [1m(default-testResources)[m @ [36mhandy-new-cms[0;1m ---[m
[[1;34mINFO[m] Using 'UTF-8' encoding to copy filtered resources.
[[1;34mINFO[m] Using 'UTF-8' encoding to copy filtered properties files.
[[1;34mINFO[m] skip non existing resourceDirectory /root/knd/server/src/test/resources
[[1;34mINFO[m] 
[[1;34mINFO[m] [1m--- [0;32mmaven-compiler-plugin:3.13.0:testCompile[m [1m(default-testCompile)[m @ [36mhandy-new-cms[0;1m ---[m
[[1;34mINFO[m] No sources to compile
[[1;34mINFO[m] 
[[1;34mINFO[m] [1m--- [0;32mmaven-surefire-plugin:2.22.2:test[m [1m(default-test)[m @ [36mhandy-new-cms[0;1m ---[m
[[1;34mINFO[m] 
[[1;34mINFO[m] [1m--- [0;32mmaven-jar-plugin:3.2.2:jar[m [1m(default-jar)[m @ [36mhandy-new-cms[0;1m ---[m
[[1;34mINFO[m] Building jar: /root/knd/server/target/handy-new-cms.jar
[[1;34mINFO[m] 
[[1;34mINFO[m] [1m--- [0;32mspring-boot-maven-plugin:2.7.18:repackage[m [1m(repackage)[m @ [36mhandy-new-cms[0;1m ---[m
[[1;34mINFO[m] Replacing main artifact with repackaged archive
[[1;34mINFO[m] 
[[1;34mINFO[m] [1m>>> [0;32mspring-boot-maven-plugin:2.7.18:run[m [1m(default-cli)[0;1m > [0;1mtest-compile[m @ [36mhandy-new-cms[0;1m >>>[m
[[1;34mINFO[m] 
[[1;34mINFO[m] [1m--- [0;32mapt-maven-plugin:1.1.3:process[m [1m(default)[m @ [36mhandy-new-cms[0;1m ---[m
[[1;34mINFO[m] 
[[1;34mINFO[m] [1m--- [0;32mmaven-resources-plugin:3.2.0:resources[m [1m(default-resources)[m @ [36mhandy-new-cms[0;1m ---[m
[[1;34mINFO[m] Using 'UTF-8' encoding to copy filtered resources.
[[1;34mINFO[m] Using 'UTF-8' encoding to copy filtered properties files.
[[1;34mINFO[m] Copying 74 resources
[[1;34mINFO[m] Copying 105 resources
[[1;34mINFO[m] Copying 0 resource
[[1;34mINFO[m] 
[[1;34mINFO[m] [1m--- [0;32mmaven-compiler-plugin:3.13.0:compile[m [1m(default-compile)[m @ [36mhandy-new-cms[0;1m ---[m
[[1;34mINFO[m] Recompiling the module because of [1mchanged source code[m.
[[1;34mINFO[m] Compiling 481 source files with javac [debug parameters target 1.8] to target/classes
[[1;33mWARNING[m] bootstrap class path not set in conjunction with -source 8
[[1;33mWARNING[m] unknown enum constant javax.annotation.meta.When.MAYBE
  reason: class file for javax.annotation.meta.When not found
[[1;33mWARNING[m] /root/knd/server/src/main/java/cms/board/domain/BbsArticleDomain.java:[83,21] @Builder will ignore the initializing expression entirely. If you want the initializing expression to serve as default, add @Builder.Default. If it is not supposed to be settable during building, make the field final.
[[1;33mWARNING[m] /root/knd/server/src/main/java/cms/user/domain/User.java:[93,21] @Builder will ignore the initializing expression entirely. If you want the initializing expression to serve as default, add @Builder.Default. If it is not supposed to be settable during building, make the field final.
[[1;33mWARNING[m] /root/knd/server/src/main/java/cms/board/domain/BbsCommentDomain.java:[37,20] @Builder will ignore the initializing expression entirely. If you want the initializing expression to serve as default, add @Builder.Default. If it is not supposed to be settable during building, make the field final.
[[1;33mWARNING[m] /root/knd/server/src/main/java/cms/file/entity/CmsFile.java:[45,21] @Builder will ignore the initializing expression entirely. If you want the initializing expression to serve as default, add @Builder.Default. If it is not supposed to be settable during building, make the field final.
[[1;33mWARNING[m] /root/knd/server/src/main/java/cms/file/entity/CmsFile.java:[48,20] @Builder will ignore the initializing expression entirely. If you want the initializing expression to serve as default, add @Builder.Default. If it is not supposed to be settable during building, make the field final.
[[1;33mWARNING[m] /root/knd/server/src/main/java/cms/file/entity/CmsFile.java:[51,21] @Builder will ignore the initializing expression entirely. If you want the initializing expression to serve as default, add @Builder.Default. If it is not supposed to be settable during building, make the field final.
[[1;33mWARNING[m] /root/knd/server/src/main/java/cms/enroll/domain/Enroll.java:[74,30] @Builder will ignore the initializing expression entirely. If you want the initializing expression to serve as default, add @Builder.Default. If it is not supposed to be settable during building, make the field final.
[[1;33mWARNING[m] /root/knd/server/src/main/java/cms/enroll/domain/Enroll.java:[111,32] @Builder will ignore the initializing expression entirely. If you want the initializing expression to serve as default, add @Builder.Default. If it is not supposed to be settable during building, make the field final.
[[1;33mWARNING[m] /root/knd/server/src/main/java/cms/enroll/domain/Enroll.java:[154,46] @Builder will ignore the initializing expression entirely. If you want the initializing expression to serve as default, add @Builder.Default. If it is not supposed to be settable during building, make the field final.
[[1;33mWARNING[m] /root/knd/server/src/main/java/cms/payment/domain/Payment.java:[55,21] @Builder will ignore the initializing expression entirely. If you want the initializing expression to serve as default, add @Builder.Default. If it is not supposed to be settable during building, make the field final.
[[1;33mWARNING[m] unknown enum constant javax.annotation.meta.When.MAYBE
  reason: class file for javax.annotation.meta.When not found
[[1;33mWARNING[m] unknown enum constant javax.annotation.meta.When.MAYBE
  reason: class file for javax.annotation.meta.When not found
[[1;33mWARNING[m] unknown enum constant javax.annotation.meta.When.MAYBE
  reason: class file for javax.annotation.meta.When not found
[[1;33mWARNING[m] unknown enum constant javax.annotation.meta.When.MAYBE
  reason: class file for javax.annotation.meta.When not found
[[1;34mINFO[m] /root/knd/server/src/main/java/egov/com/cmm/AltibaseClobStringTypeHandler.java: Some input files use or override a deprecated API.
[[1;34mINFO[m] /root/knd/server/src/main/java/egov/com/cmm/AltibaseClobStringTypeHandler.java: Recompile with -Xlint:deprecation for details.
[[1;34mINFO[m] /root/knd/server/src/main/java/cms/kispg/service/impl/KispgPaymentServiceImpl.java: /root/knd/server/src/main/java/cms/kispg/service/impl/KispgPaymentServiceImpl.java uses unchecked or unsafe operations.
[[1;34mINFO[m] /root/knd/server/src/main/java/cms/kispg/service/impl/KispgPaymentServiceImpl.java: Recompile with -Xlint:unchecked for details.
[[1;33mWARNING[m] Overwriting artifact's file from /root/knd/server/target/handy-new-cms.jar to /root/knd/server/target/classes
[[1;34mINFO[m] 
[[1;34mINFO[m] [1m--- [0;32mmaven-resources-plugin:3.2.0:testResources[m [1m(default-testResources)[m @ [36mhandy-new-cms[0;1m ---[m
[[1;34mINFO[m] Using 'UTF-8' encoding to copy filtered resources.
[[1;34mINFO[m] Using 'UTF-8' encoding to copy filtered properties files.
[[1;34mINFO[m] skip non existing resourceDirectory /root/knd/server/src/test/resources
[[1;34mINFO[m] 
[[1;34mINFO[m] [1m--- [0;32mmaven-compiler-plugin:3.13.0:testCompile[m [1m(default-testCompile)[m @ [36mhandy-new-cms[0;1m ---[m
[[1;34mINFO[m] No sources to compile
[[1;34mINFO[m] 
[[1;34mINFO[m] [1m<<< [0;32mspring-boot-maven-plugin:2.7.18:run[m [1m(default-cli)[0;1m < [0;1mtest-compile[m @ [36mhandy-new-cms[0;1m <<<[m
[[1;34mINFO[m] 
[[1;34mINFO[m] 
[[1;34mINFO[m] [1m--- [0;32mspring-boot-maven-plugin:2.7.18:run[m [1m(default-cli)[m @ [36mhandy-new-cms[0;1m ---[m
[[1;34mINFO[m] Attaching agents: []
2025-08-06 17:54:34.427  INFO 3856983 --- [  restartedMain] c.CmsApplication                         : Starting CmsApplication using Java 17.0.15 on qm391-0044 with PID 3856983 (/root/knd/server/target/classes started by root in /root/knd/server)
2025-08-06 17:54:34.432  INFO 3856983 --- [  restartedMain] c.CmsApplication                         : The following 1 profile is active: "dev"
2025-08-06 17:54:34.459  INFO 3856983 --- [  restartedMain] .e.DevToolsPropertyDefaultsPostProcessor : Devtools property defaults active! Set 'spring.devtools.add-properties' to 'false' to disable
2025-08-06 17:54:34.459  INFO 3856983 --- [  restartedMain] .e.DevToolsPropertyDefaultsPostProcessor : For additional web related logging consider setting the 'logging.level.web' property to 'DEBUG'
2025-08-06 17:54:35.033  INFO 3856983 --- [  restartedMain] .s.d.r.c.RepositoryConfigurationDelegate : Bootstrapping Spring Data JPA repositories in DEFAULT mode.
2025-08-06 17:54:35.112  INFO 3856983 --- [  restartedMain] .s.d.r.c.RepositoryConfigurationDelegate : Finished Spring Data repository scanning in 74 ms. Found 32 JPA repository interfaces.
2025-08-06 17:54:35.423  WARN 3856983 --- [  restartedMain] o.m.s.m.ClassPathMapperScanner           : No MyBatis mapper was found in '[cms.cop.bbs.service]' package. Please check your configuration.
2025-08-06 17:54:35.715  INFO 3856983 --- [  restartedMain] trationDelegate$BeanPostProcessorChecker : Bean 'org.springframework.boot.autoconfigure.sql.init.DataSourceInitializationConfiguration' of type [org.springframework.boot.autoconfigure.sql.init.DataSourceInitializationConfiguration] is not eligible for getting processed by all BeanPostProcessors (for example: not eligible for auto-proxying)
2025-08-06 17:54:35.719  INFO 3856983 --- [  restartedMain] e.c.c.EgovConfigAppDataSource            : Loading .env file from: /root/knd/server
2025-08-06 17:54:35.722  INFO 3856983 --- [  restartedMain] e.c.c.EgovConfigAppDataSource            : JWT_SECRET successfully loaded from .env
2025-08-06 17:54:35.722  INFO 3856983 --- [  restartedMain] e.c.c.EgovConfigAppDataSource            : Database configuration loaded - URL: jdbc:mariadb://222.119.41.194:3306/knd?useSSL=false&serverTimezone=Asia/Seoul&allowPublicKeyRetrieval=true&useProxy=false&useLegacyDatetimeCode=false, Username: handy
2025-08-06 17:54:35.723  INFO 3856983 --- [  restartedMain] trationDelegate$BeanPostProcessorChecker : Bean 'egovConfigAppDataSource' of type [egov.com.config.EgovConfigAppDataSource$$EnhancerBySpringCGLIB$$b610015c] is not eligible for getting processed by all BeanPostProcessors (for example: not eligible for auto-proxying)
2025-08-06 17:54:35.730  INFO 3856983 --- [  restartedMain] e.c.c.EgovConfigAppDataSource            : Creating DataSource with dbType: mariadb
2025-08-06 17:54:35.731  INFO 3856983 --- [  restartedMain] e.c.c.EgovConfigAppDataSource            : Creating HikariDataSource with URL: jdbc:mariadb://222.119.41.194:3306/knd?useSSL=false&serverTimezone=Asia/Seoul&allowPublicKeyRetrieval=true&useProxy=false&useLegacyDatetimeCode=false
2025-08-06 17:54:35.733  INFO 3856983 --- [  restartedMain] c.z.h.HikariDataSource                   : HikariPool-1 - Starting...
2025-08-06 17:54:35.851  INFO 3856983 --- [  restartedMain] c.z.h.HikariDataSource                   : HikariPool-1 - Start completed.
2025-08-06 17:54:35.852  INFO 3856983 --- [  restartedMain] trationDelegate$BeanPostProcessorChecker : Bean 'dataSource' of type [com.zaxxer.hikari.HikariDataSource] is not eligible for getting processed by all BeanPostProcessors (for example: not eligible for auto-proxying)
2025-08-06 17:54:35.892  INFO 3856983 --- [  restartedMain] trationDelegate$BeanPostProcessorChecker : Bean 'spring.sql.init-org.springframework.boot.autoconfigure.sql.init.SqlInitializationProperties' of type [org.springframework.boot.autoconfigure.sql.init.SqlInitializationProperties] is not eligible for getting processed by all BeanPostProcessors (for example: not eligible for auto-proxying)
2025-08-06 17:54:35.896  INFO 3856983 --- [  restartedMain] trationDelegate$BeanPostProcessorChecker : Bean 'dataSourceScriptDatabaseInitializer' of type [org.springframework.boot.autoconfigure.sql.init.SqlDataSourceScriptDatabaseInitializer] is not eligible for getting processed by all BeanPostProcessors (for example: not eligible for auto-proxying)
2025-08-06 17:54:35.906  INFO 3856983 --- [  restartedMain] trationDelegate$BeanPostProcessorChecker : Bean 'egovConfigAppJpa' of type [egov.com.config.EgovConfigAppJpa$$EnhancerBySpringCGLIB$$31c08f5a] is not eligible for getting processed by all BeanPostProcessors (for example: not eligible for auto-proxying)
2025-08-06 17:54:35.948  INFO 3856983 --- [  restartedMain] o.h.j.i.u.LogHelper                      : HHH000204: Processing PersistenceUnitInfo [name: default]
2025-08-06 17:54:35.980  INFO 3856983 --- [  restartedMain] o.h.Version                              : HHH000412: Hibernate ORM core version 5.6.15.Final
2025-08-06 17:54:36.074  INFO 3856983 --- [  restartedMain] o.h.a.c.Version                          : HCANN000001: Hibernate Commons Annotations {5.1.2.Final}
2025-08-06 17:54:36.258  INFO 3856983 --- [  restartedMain] o.h.d.Dialect                            : HHH000400: Using dialect: org.hibernate.dialect.MariaDBDialect
2025-08-06 17:54:36.296  INFO 3856983 --- [  restartedMain] o.h.o.beans                              : HHH10005002: No explicit CDI BeanManager reference was passed to Hibernate, but CDI is available on the Hibernate ClassLoader.
2025-08-06 17:54:36.544  INFO 3856983 --- [  restartedMain] trationDelegate$BeanPostProcessorChecker : Bean '(inner bean)#b706ac9' of type [org.springframework.beans.factory.config.ObjectFactoryCreatingFactoryBean] is not eligible for getting processed by all BeanPostProcessors (for example: not eligible for auto-proxying)
2025-08-06 17:54:36.563  INFO 3856983 --- [  restartedMain] trationDelegate$BeanPostProcessorChecker : Bean '(inner bean)#b706ac9' of type [org.springframework.beans.factory.config.ObjectFactoryCreatingFactoryBean$TargetBeanObjectFactory] is not eligible for getting processed by all BeanPostProcessors (for example: not eligible for auto-proxying)
2025-08-06 17:54:36.680  WARN 3856983 --- [  restartedMain] o.h.m.RootClass                          : HHH000038: Composite-id class does not override equals(): cms.board.domain.BbsArticleCategoryDomain$BbsArticleCategoryId
2025-08-06 17:54:36.680  WARN 3856983 --- [  restartedMain] o.h.m.RootClass                          : HHH000039: Composite-id class does not override hashCode(): cms.board.domain.BbsArticleCategoryDomain$BbsArticleCategoryId
2025-08-06 17:54:37.127  INFO 3856983 --- [  restartedMain] o.h.e.t.j.p.i.JtaPlatformInitiator       : HHH000490: Using JtaPlatform implementation: [org.hibernate.engine.transaction.jta.platform.internal.NoJtaPlatform]
2025-08-06 17:54:37.133  INFO 3856983 --- [  restartedMain] j.LocalContainerEntityManagerFactoryBean : Initialized JPA EntityManagerFactory for persistence unit 'default'
2025-08-06 17:54:37.136  INFO 3856983 --- [  restartedMain] trationDelegate$BeanPostProcessorChecker : Bean 'entityManagerFactory' of type [org.springframework.orm.jpa.LocalContainerEntityManagerFactoryBean] is not eligible for getting processed by all BeanPostProcessors (for example: not eligible for auto-proxying)
2025-08-06 17:54:37.145  INFO 3856983 --- [  restartedMain] trationDelegate$BeanPostProcessorChecker : Bean 'entityManagerFactory' of type [jdk.proxy3.$Proxy194] is not eligible for getting processed by all BeanPostProcessors (for example: not eligible for auto-proxying)
2025-08-06 17:54:37.155  INFO 3856983 --- [  restartedMain] trationDelegate$BeanPostProcessorChecker : Bean 'egovConfigAppTransaction' of type [egov.com.config.EgovConfigAppTransaction$$EnhancerBySpringCGLIB$$164cabbd] is not eligible for getting processed by all BeanPostProcessors (for example: not eligible for auto-proxying)
2025-08-06 17:54:37.161  INFO 3856983 --- [  restartedMain] trationDelegate$BeanPostProcessorChecker : Bean 'transactionManager' of type [org.springframework.orm.jpa.JpaTransactionManager] is not eligible for getting processed by all BeanPostProcessors (for example: not eligible for auto-proxying)
2025-08-06 17:54:37.170  INFO 3856983 --- [  restartedMain] trationDelegate$BeanPostProcessorChecker : Bean 'txAdvice' of type [org.springframework.transaction.interceptor.TransactionInterceptor] is not eligible for getting processed by all BeanPostProcessors (for example: not eligible for auto-proxying)
2025-08-06 17:54:37.171  INFO 3856983 --- [  restartedMain] trationDelegate$BeanPostProcessorChecker : Bean 'txAdvisor' of type [org.springframework.aop.support.DefaultPointcutAdvisor] is not eligible for getting processed by all BeanPostProcessors (for example: not eligible for auto-proxying)
2025-08-06 17:54:37.492  INFO 3856983 --- [  restartedMain] i.StatisticalLoggingSessionEventListener : Session Metrics {
    0 nanoseconds spent acquiring 0 JDBC connections;
    0 nanoseconds spent releasing 0 JDBC connections;
    0 nanoseconds spent preparing 0 JDBC statements;
    0 nanoseconds spent executing 0 JDBC statements;
    0 nanoseconds spent executing 0 JDBC batches;
    0 nanoseconds spent performing 0 L2C puts;
    0 nanoseconds spent performing 0 L2C hits;
    0 nanoseconds spent performing 0 L2C misses;
    0 nanoseconds spent executing 0 flushes (flushing a total of 0 entities and 0 collections);
    0 nanoseconds spent executing 0 partial-flushes (flushing a total of 0 entities and 0 collections)
}
2025-08-06 17:54:37.492  INFO 3856983 --- [  restartedMain] i.StatisticalLoggingSessionEventListener : Session Metrics {
    0 nanoseconds spent acquiring 0 JDBC connections;
    0 nanoseconds spent releasing 0 JDBC connections;
    0 nanoseconds spent preparing 0 JDBC statements;
    0 nanoseconds spent executing 0 JDBC statements;
    0 nanoseconds spent executing 0 JDBC batches;
    0 nanoseconds spent performing 0 L2C puts;
    0 nanoseconds spent performing 0 L2C hits;
    0 nanoseconds spent performing 0 L2C misses;
    0 nanoseconds spent executing 0 flushes (flushing a total of 0 entities and 0 collections);
    0 nanoseconds spent executing 0 partial-flushes (flushing a total of 0 entities and 0 collections)
}
2025-08-06 17:54:37.548  INFO 3856983 --- [  restartedMain] i.StatisticalLoggingSessionEventListener : Session Metrics {
    0 nanoseconds spent acquiring 0 JDBC connections;
    0 nanoseconds spent releasing 0 JDBC connections;
    0 nanoseconds spent preparing 0 JDBC statements;
    0 nanoseconds spent executing 0 JDBC statements;
    0 nanoseconds spent executing 0 JDBC batches;
    0 nanoseconds spent performing 0 L2C puts;
    0 nanoseconds spent performing 0 L2C hits;
    0 nanoseconds spent performing 0 L2C misses;
    0 nanoseconds spent executing 0 flushes (flushing a total of 0 entities and 0 collections);
    0 nanoseconds spent executing 0 partial-flushes (flushing a total of 0 entities and 0 collections)
}
2025-08-06 17:54:37.608  INFO 3856983 --- [  restartedMain] i.StatisticalLoggingSessionEventListener : Session Metrics {
    0 nanoseconds spent acquiring 0 JDBC connections;
    0 nanoseconds spent releasing 0 JDBC connections;
    0 nanoseconds spent preparing 0 JDBC statements;
    0 nanoseconds spent executing 0 JDBC statements;
    0 nanoseconds spent executing 0 JDBC batches;
    0 nanoseconds spent performing 0 L2C puts;
    0 nanoseconds spent performing 0 L2C hits;
    0 nanoseconds spent performing 0 L2C misses;
    0 nanoseconds spent executing 0 flushes (flushing a total of 0 entities and 0 collections);
    0 nanoseconds spent executing 0 partial-flushes (flushing a total of 0 entities and 0 collections)
}
2025-08-06 17:54:37.609  INFO 3856983 --- [  restartedMain] i.StatisticalLoggingSessionEventListener : Session Metrics {
    0 nanoseconds spent acquiring 0 JDBC connections;
    0 nanoseconds spent releasing 0 JDBC connections;
    0 nanoseconds spent preparing 0 JDBC statements;
    0 nanoseconds spent executing 0 JDBC statements;
    0 nanoseconds spent executing 0 JDBC batches;
    0 nanoseconds spent performing 0 L2C puts;
    0 nanoseconds spent performing 0 L2C hits;
    0 nanoseconds spent performing 0 L2C misses;
    0 nanoseconds spent executing 0 flushes (flushing a total of 0 entities and 0 collections);
    0 nanoseconds spent executing 0 partial-flushes (flushing a total of 0 entities and 0 collections)
}
2025-08-06 17:54:37.664  INFO 3856983 --- [  restartedMain] i.StatisticalLoggingSessionEventListener : Session Metrics {
    0 nanoseconds spent acquiring 0 JDBC connections;
    0 nanoseconds spent releasing 0 JDBC connections;
    0 nanoseconds spent preparing 0 JDBC statements;
    0 nanoseconds spent executing 0 JDBC statements;
    0 nanoseconds spent executing 0 JDBC batches;
    0 nanoseconds spent performing 0 L2C puts;
    0 nanoseconds spent performing 0 L2C hits;
    0 nanoseconds spent performing 0 L2C misses;
    0 nanoseconds spent executing 0 flushes (flushing a total of 0 entities and 0 collections);
    0 nanoseconds spent executing 0 partial-flushes (flushing a total of 0 entities and 0 collections)
}
2025-08-06 17:54:37.665  INFO 3856983 --- [  restartedMain] i.StatisticalLoggingSessionEventListener : Session Metrics {
    0 nanoseconds spent acquiring 0 JDBC connections;
    0 nanoseconds spent releasing 0 JDBC connections;
    0 nanoseconds spent preparing 0 JDBC statements;
    0 nanoseconds spent executing 0 JDBC statements;
    0 nanoseconds spent executing 0 JDBC batches;
    0 nanoseconds spent performing 0 L2C puts;
    0 nanoseconds spent performing 0 L2C hits;
    0 nanoseconds spent performing 0 L2C misses;
    0 nanoseconds spent executing 0 flushes (flushing a total of 0 entities and 0 collections);
    0 nanoseconds spent executing 0 partial-flushes (flushing a total of 0 entities and 0 collections)
}
2025-08-06 17:54:37.666  INFO 3856983 --- [  restartedMain] i.StatisticalLoggingSessionEventListener : Session Metrics {
    0 nanoseconds spent acquiring 0 JDBC connections;
    0 nanoseconds spent releasing 0 JDBC connections;
    0 nanoseconds spent preparing 0 JDBC statements;
    0 nanoseconds spent executing 0 JDBC statements;
    0 nanoseconds spent executing 0 JDBC batches;
    0 nanoseconds spent performing 0 L2C puts;
    0 nanoseconds spent performing 0 L2C hits;
    0 nanoseconds spent performing 0 L2C misses;
    0 nanoseconds spent executing 0 flushes (flushing a total of 0 entities and 0 collections);
    0 nanoseconds spent executing 0 partial-flushes (flushing a total of 0 entities and 0 collections)
}
2025-08-06 17:54:37.693  INFO 3856983 --- [  restartedMain] i.StatisticalLoggingSessionEventListener : Session Metrics {
    0 nanoseconds spent acquiring 0 JDBC connections;
    0 nanoseconds spent releasing 0 JDBC connections;
    0 nanoseconds spent preparing 0 JDBC statements;
    0 nanoseconds spent executing 0 JDBC statements;
    0 nanoseconds spent executing 0 JDBC batches;
    0 nanoseconds spent performing 0 L2C puts;
    0 nanoseconds spent performing 0 L2C hits;
    0 nanoseconds spent performing 0 L2C misses;
    0 nanoseconds spent executing 0 flushes (flushing a total of 0 entities and 0 collections);
    0 nanoseconds spent executing 0 partial-flushes (flushing a total of 0 entities and 0 collections)
}
2025-08-06 17:54:37.694  INFO 3856983 --- [  restartedMain] i.StatisticalLoggingSessionEventListener : Session Metrics {
    0 nanoseconds spent acquiring 0 JDBC connections;
    0 nanoseconds spent releasing 0 JDBC connections;
    0 nanoseconds spent preparing 0 JDBC statements;
    0 nanoseconds spent executing 0 JDBC statements;
    0 nanoseconds spent executing 0 JDBC batches;
    0 nanoseconds spent performing 0 L2C puts;
    0 nanoseconds spent performing 0 L2C hits;
    0 nanoseconds spent performing 0 L2C misses;
    0 nanoseconds spent executing 0 flushes (flushing a total of 0 entities and 0 collections);
    0 nanoseconds spent executing 0 partial-flushes (flushing a total of 0 entities and 0 collections)
}
2025-08-06 17:54:37.694  INFO 3856983 --- [  restartedMain] i.StatisticalLoggingSessionEventListener : Session Metrics {
    0 nanoseconds spent acquiring 0 JDBC connections;
    0 nanoseconds spent releasing 0 JDBC connections;
    0 nanoseconds spent preparing 0 JDBC statements;
    0 nanoseconds spent executing 0 JDBC statements;
    0 nanoseconds spent executing 0 JDBC batches;
    0 nanoseconds spent performing 0 L2C puts;
    0 nanoseconds spent performing 0 L2C hits;
    0 nanoseconds spent performing 0 L2C misses;
    0 nanoseconds spent executing 0 flushes (flushing a total of 0 entities and 0 collections);
    0 nanoseconds spent executing 0 partial-flushes (flushing a total of 0 entities and 0 collections)
}
2025-08-06 17:54:37.695  INFO 3856983 --- [  restartedMain] i.StatisticalLoggingSessionEventListener : Session Metrics {
    0 nanoseconds spent acquiring 0 JDBC connections;
    0 nanoseconds spent releasing 0 JDBC connections;
    0 nanoseconds spent preparing 0 JDBC statements;
    0 nanoseconds spent executing 0 JDBC statements;
    0 nanoseconds spent executing 0 JDBC batches;
    0 nanoseconds spent performing 0 L2C puts;
    0 nanoseconds spent performing 0 L2C hits;
    0 nanoseconds spent performing 0 L2C misses;
    0 nanoseconds spent executing 0 flushes (flushing a total of 0 entities and 0 collections);
    0 nanoseconds spent executing 0 partial-flushes (flushing a total of 0 entities and 0 collections)
}
2025-08-06 17:54:37.695  INFO 3856983 --- [  restartedMain] i.StatisticalLoggingSessionEventListener : Session Metrics {
    0 nanoseconds spent acquiring 0 JDBC connections;
    0 nanoseconds spent releasing 0 JDBC connections;
    0 nanoseconds spent preparing 0 JDBC statements;
    0 nanoseconds spent executing 0 JDBC statements;
    0 nanoseconds spent executing 0 JDBC batches;
    0 nanoseconds spent performing 0 L2C puts;
    0 nanoseconds spent performing 0 L2C hits;
    0 nanoseconds spent performing 0 L2C misses;
    0 nanoseconds spent executing 0 flushes (flushing a total of 0 entities and 0 collections);
    0 nanoseconds spent executing 0 partial-flushes (flushing a total of 0 entities and 0 collections)
}
2025-08-06 17:54:37.696  INFO 3856983 --- [  restartedMain] i.StatisticalLoggingSessionEventListener : Session Metrics {
    0 nanoseconds spent acquiring 0 JDBC connections;
    0 nanoseconds spent releasing 0 JDBC connections;
    0 nanoseconds spent preparing 0 JDBC statements;
    0 nanoseconds spent executing 0 JDBC statements;
    0 nanoseconds spent executing 0 JDBC batches;
    0 nanoseconds spent performing 0 L2C puts;
    0 nanoseconds spent performing 0 L2C hits;
    0 nanoseconds spent performing 0 L2C misses;
    0 nanoseconds spent executing 0 flushes (flushing a total of 0 entities and 0 collections);
    0 nanoseconds spent executing 0 partial-flushes (flushing a total of 0 entities and 0 collections)
}
2025-08-06 17:54:37.697  INFO 3856983 --- [  restartedMain] i.StatisticalLoggingSessionEventListener : Session Metrics {
    0 nanoseconds spent acquiring 0 JDBC connections;
    0 nanoseconds spent releasing 0 JDBC connections;
    0 nanoseconds spent preparing 0 JDBC statements;
    0 nanoseconds spent executing 0 JDBC statements;
    0 nanoseconds spent executing 0 JDBC batches;
    0 nanoseconds spent performing 0 L2C puts;
    0 nanoseconds spent performing 0 L2C hits;
    0 nanoseconds spent performing 0 L2C misses;
    0 nanoseconds spent executing 0 flushes (flushing a total of 0 entities and 0 collections);
    0 nanoseconds spent executing 0 partial-flushes (flushing a total of 0 entities and 0 collections)
}
2025-08-06 17:54:37.698  INFO 3856983 --- [  restartedMain] i.StatisticalLoggingSessionEventListener : Session Metrics {
    0 nanoseconds spent acquiring 0 JDBC connections;
    0 nanoseconds spent releasing 0 JDBC connections;
    0 nanoseconds spent preparing 0 JDBC statements;
    0 nanoseconds spent executing 0 JDBC statements;
    0 nanoseconds spent executing 0 JDBC batches;
    0 nanoseconds spent performing 0 L2C puts;
    0 nanoseconds spent performing 0 L2C hits;
    0 nanoseconds spent performing 0 L2C misses;
    0 nanoseconds spent executing 0 flushes (flushing a total of 0 entities and 0 collections);
    0 nanoseconds spent executing 0 partial-flushes (flushing a total of 0 entities and 0 collections)
}
2025-08-06 17:54:37.698  INFO 3856983 --- [  restartedMain] i.StatisticalLoggingSessionEventListener : Session Metrics {
    0 nanoseconds spent acquiring 0 JDBC connections;
    0 nanoseconds spent releasing 0 JDBC connections;
    0 nanoseconds spent preparing 0 JDBC statements;
    0 nanoseconds spent executing 0 JDBC statements;
    0 nanoseconds spent executing 0 JDBC batches;
    0 nanoseconds spent performing 0 L2C puts;
    0 nanoseconds spent performing 0 L2C hits;
    0 nanoseconds spent performing 0 L2C misses;
    0 nanoseconds spent executing 0 flushes (flushing a total of 0 entities and 0 collections);
    0 nanoseconds spent executing 0 partial-flushes (flushing a total of 0 entities and 0 collections)
}
2025-08-06 17:54:37.702  INFO 3856983 --- [  restartedMain] i.StatisticalLoggingSessionEventListener : Session Metrics {
    0 nanoseconds spent acquiring 0 JDBC connections;
    0 nanoseconds spent releasing 0 JDBC connections;
    0 nanoseconds spent preparing 0 JDBC statements;
    0 nanoseconds spent executing 0 JDBC statements;
    0 nanoseconds spent executing 0 JDBC batches;
    0 nanoseconds spent performing 0 L2C puts;
    0 nanoseconds spent performing 0 L2C hits;
    0 nanoseconds spent performing 0 L2C misses;
    0 nanoseconds spent executing 0 flushes (flushing a total of 0 entities and 0 collections);
    0 nanoseconds spent executing 0 partial-flushes (flushing a total of 0 entities and 0 collections)
}
2025-08-06 17:54:37.705  INFO 3856983 --- [  restartedMain] i.StatisticalLoggingSessionEventListener : Session Metrics {
    0 nanoseconds spent acquiring 0 JDBC connections;
    0 nanoseconds spent releasing 0 JDBC connections;
    0 nanoseconds spent preparing 0 JDBC statements;
    0 nanoseconds spent executing 0 JDBC statements;
    0 nanoseconds spent executing 0 JDBC batches;
    0 nanoseconds spent performing 0 L2C puts;
    0 nanoseconds spent performing 0 L2C hits;
    0 nanoseconds spent performing 0 L2C misses;
    0 nanoseconds spent executing 0 flushes (flushing a total of 0 entities and 0 collections);
    0 nanoseconds spent executing 0 partial-flushes (flushing a total of 0 entities and 0 collections)
}
2025-08-06 17:54:37.705  INFO 3856983 --- [  restartedMain] i.StatisticalLoggingSessionEventListener : Session Metrics {
    0 nanoseconds spent acquiring 0 JDBC connections;
    0 nanoseconds spent releasing 0 JDBC connections;
    0 nanoseconds spent preparing 0 JDBC statements;
    0 nanoseconds spent executing 0 JDBC statements;
    0 nanoseconds spent executing 0 JDBC batches;
    0 nanoseconds spent performing 0 L2C puts;
    0 nanoseconds spent performing 0 L2C hits;
    0 nanoseconds spent performing 0 L2C misses;
    0 nanoseconds spent executing 0 flushes (flushing a total of 0 entities and 0 collections);
    0 nanoseconds spent executing 0 partial-flushes (flushing a total of 0 entities and 0 collections)
}
2025-08-06 17:54:37.705  INFO 3856983 --- [  restartedMain] i.StatisticalLoggingSessionEventListener : Session Metrics {
    0 nanoseconds spent acquiring 0 JDBC connections;
    0 nanoseconds spent releasing 0 JDBC connections;
    0 nanoseconds spent preparing 0 JDBC statements;
    0 nanoseconds spent executing 0 JDBC statements;
    0 nanoseconds spent executing 0 JDBC batches;
    0 nanoseconds spent performing 0 L2C puts;
    0 nanoseconds spent performing 0 L2C hits;
    0 nanoseconds spent performing 0 L2C misses;
    0 nanoseconds spent executing 0 flushes (flushing a total of 0 entities and 0 collections);
    0 nanoseconds spent executing 0 partial-flushes (flushing a total of 0 entities and 0 collections)
}
2025-08-06 17:54:37.706  INFO 3856983 --- [  restartedMain] i.StatisticalLoggingSessionEventListener : Session Metrics {
    0 nanoseconds spent acquiring 0 JDBC connections;
    0 nanoseconds spent releasing 0 JDBC connections;
    0 nanoseconds spent preparing 0 JDBC statements;
    0 nanoseconds spent executing 0 JDBC statements;
    0 nanoseconds spent executing 0 JDBC batches;
    0 nanoseconds spent performing 0 L2C puts;
    0 nanoseconds spent performing 0 L2C hits;
    0 nanoseconds spent performing 0 L2C misses;
    0 nanoseconds spent executing 0 flushes (flushing a total of 0 entities and 0 collections);
    0 nanoseconds spent executing 0 partial-flushes (flushing a total of 0 entities and 0 collections)
}
2025-08-06 17:54:37.706  INFO 3856983 --- [  restartedMain] i.StatisticalLoggingSessionEventListener : Session Metrics {
    0 nanoseconds spent acquiring 0 JDBC connections;
    0 nanoseconds spent releasing 0 JDBC connections;
    0 nanoseconds spent preparing 0 JDBC statements;
    0 nanoseconds spent executing 0 JDBC statements;
    0 nanoseconds spent executing 0 JDBC batches;
    0 nanoseconds spent performing 0 L2C puts;
    0 nanoseconds spent performing 0 L2C hits;
    0 nanoseconds spent performing 0 L2C misses;
    0 nanoseconds spent executing 0 flushes (flushing a total of 0 entities and 0 collections);
    0 nanoseconds spent executing 0 partial-flushes (flushing a total of 0 entities and 0 collections)
}
2025-08-06 17:54:37.706  INFO 3856983 --- [  restartedMain] i.StatisticalLoggingSessionEventListener : Session Metrics {
    0 nanoseconds spent acquiring 0 JDBC connections;
    0 nanoseconds spent releasing 0 JDBC connections;
    0 nanoseconds spent preparing 0 JDBC statements;
    0 nanoseconds spent executing 0 JDBC statements;
    0 nanoseconds spent executing 0 JDBC batches;
    0 nanoseconds spent performing 0 L2C puts;
    0 nanoseconds spent performing 0 L2C hits;
    0 nanoseconds spent performing 0 L2C misses;
    0 nanoseconds spent executing 0 flushes (flushing a total of 0 entities and 0 collections);
    0 nanoseconds spent executing 0 partial-flushes (flushing a total of 0 entities and 0 collections)
}
2025-08-06 17:54:37.707  INFO 3856983 --- [  restartedMain] i.StatisticalLoggingSessionEventListener : Session Metrics {
    0 nanoseconds spent acquiring 0 JDBC connections;
    0 nanoseconds spent releasing 0 JDBC connections;
    0 nanoseconds spent preparing 0 JDBC statements;
    0 nanoseconds spent executing 0 JDBC statements;
    0 nanoseconds spent executing 0 JDBC batches;
    0 nanoseconds spent performing 0 L2C puts;
    0 nanoseconds spent performing 0 L2C hits;
    0 nanoseconds spent performing 0 L2C misses;
    0 nanoseconds spent executing 0 flushes (flushing a total of 0 entities and 0 collections);
    0 nanoseconds spent executing 0 partial-flushes (flushing a total of 0 entities and 0 collections)
}
2025-08-06 17:54:37.707  INFO 3856983 --- [  restartedMain] i.StatisticalLoggingSessionEventListener : Session Metrics {
    0 nanoseconds spent acquiring 0 JDBC connections;
    0 nanoseconds spent releasing 0 JDBC connections;
    0 nanoseconds spent preparing 0 JDBC statements;
    0 nanoseconds spent executing 0 JDBC statements;
    0 nanoseconds spent executing 0 JDBC batches;
    0 nanoseconds spent performing 0 L2C puts;
    0 nanoseconds spent performing 0 L2C hits;
    0 nanoseconds spent performing 0 L2C misses;
    0 nanoseconds spent executing 0 flushes (flushing a total of 0 entities and 0 collections);
    0 nanoseconds spent executing 0 partial-flushes (flushing a total of 0 entities and 0 collections)
}
2025-08-06 17:54:37.708  INFO 3856983 --- [  restartedMain] i.StatisticalLoggingSessionEventListener : Session Metrics {
    0 nanoseconds spent acquiring 0 JDBC connections;
    0 nanoseconds spent releasing 0 JDBC connections;
    0 nanoseconds spent preparing 0 JDBC statements;
    0 nanoseconds spent executing 0 JDBC statements;
    0 nanoseconds spent executing 0 JDBC batches;
    0 nanoseconds spent performing 0 L2C puts;
    0 nanoseconds spent performing 0 L2C hits;
    0 nanoseconds spent performing 0 L2C misses;
    0 nanoseconds spent executing 0 flushes (flushing a total of 0 entities and 0 collections);
    0 nanoseconds spent executing 0 partial-flushes (flushing a total of 0 entities and 0 collections)
}
2025-08-06 17:54:37.708  INFO 3856983 --- [  restartedMain] i.StatisticalLoggingSessionEventListener : Session Metrics {
    0 nanoseconds spent acquiring 0 JDBC connections;
    0 nanoseconds spent releasing 0 JDBC connections;
    0 nanoseconds spent preparing 0 JDBC statements;
    0 nanoseconds spent executing 0 JDBC statements;
    0 nanoseconds spent executing 0 JDBC batches;
    0 nanoseconds spent performing 0 L2C puts;
    0 nanoseconds spent performing 0 L2C hits;
    0 nanoseconds spent performing 0 L2C misses;
    0 nanoseconds spent executing 0 flushes (flushing a total of 0 entities and 0 collections);
    0 nanoseconds spent executing 0 partial-flushes (flushing a total of 0 entities and 0 collections)
}
2025-08-06 17:54:37.709  INFO 3856983 --- [  restartedMain] i.StatisticalLoggingSessionEventListener : Session Metrics {
    0 nanoseconds spent acquiring 0 JDBC connections;
    0 nanoseconds spent releasing 0 JDBC connections;
    0 nanoseconds spent preparing 0 JDBC statements;
    0 nanoseconds spent executing 0 JDBC statements;
    0 nanoseconds spent executing 0 JDBC batches;
    0 nanoseconds spent performing 0 L2C puts;
    0 nanoseconds spent performing 0 L2C hits;
    0 nanoseconds spent performing 0 L2C misses;
    0 nanoseconds spent executing 0 flushes (flushing a total of 0 entities and 0 collections);
    0 nanoseconds spent executing 0 partial-flushes (flushing a total of 0 entities and 0 collections)
}
2025-08-06 17:54:37.709  INFO 3856983 --- [  restartedMain] i.StatisticalLoggingSessionEventListener : Session Metrics {
    0 nanoseconds spent acquiring 0 JDBC connections;
    0 nanoseconds spent releasing 0 JDBC connections;
    0 nanoseconds spent preparing 0 JDBC statements;
    0 nanoseconds spent executing 0 JDBC statements;
    0 nanoseconds spent executing 0 JDBC batches;
    0 nanoseconds spent performing 0 L2C puts;
    0 nanoseconds spent performing 0 L2C hits;
    0 nanoseconds spent performing 0 L2C misses;
    0 nanoseconds spent executing 0 flushes (flushing a total of 0 entities and 0 collections);
    0 nanoseconds spent executing 0 partial-flushes (flushing a total of 0 entities and 0 collections)
}
2025-08-06 17:54:37.710  INFO 3856983 --- [  restartedMain] i.StatisticalLoggingSessionEventListener : Session Metrics {
    0 nanoseconds spent acquiring 0 JDBC connections;
    0 nanoseconds spent releasing 0 JDBC connections;
    0 nanoseconds spent preparing 0 JDBC statements;
    0 nanoseconds spent executing 0 JDBC statements;
    0 nanoseconds spent executing 0 JDBC batches;
    0 nanoseconds spent performing 0 L2C puts;
    0 nanoseconds spent performing 0 L2C hits;
    0 nanoseconds spent performing 0 L2C misses;
    0 nanoseconds spent executing 0 flushes (flushing a total of 0 entities and 0 collections);
    0 nanoseconds spent executing 0 partial-flushes (flushing a total of 0 entities and 0 collections)
}
2025-08-06 17:54:37.711  INFO 3856983 --- [  restartedMain] i.StatisticalLoggingSessionEventListener : Session Metrics {
    0 nanoseconds spent acquiring 0 JDBC connections;
    0 nanoseconds spent releasing 0 JDBC connections;
    0 nanoseconds spent preparing 0 JDBC statements;
    0 nanoseconds spent executing 0 JDBC statements;
    0 nanoseconds spent executing 0 JDBC batches;
    0 nanoseconds spent performing 0 L2C puts;
    0 nanoseconds spent performing 0 L2C hits;
    0 nanoseconds spent performing 0 L2C misses;
    0 nanoseconds spent executing 0 flushes (flushing a total of 0 entities and 0 collections);
    0 nanoseconds spent executing 0 partial-flushes (flushing a total of 0 entities and 0 collections)
}
2025-08-06 17:54:37.711  INFO 3856983 --- [  restartedMain] i.StatisticalLoggingSessionEventListener : Session Metrics {
    0 nanoseconds spent acquiring 0 JDBC connections;
    0 nanoseconds spent releasing 0 JDBC connections;
    0 nanoseconds spent preparing 0 JDBC statements;
    0 nanoseconds spent executing 0 JDBC statements;
    0 nanoseconds spent executing 0 JDBC batches;
    0 nanoseconds spent performing 0 L2C puts;
    0 nanoseconds spent performing 0 L2C hits;
    0 nanoseconds spent performing 0 L2C misses;
    0 nanoseconds spent executing 0 flushes (flushing a total of 0 entities and 0 collections);
    0 nanoseconds spent executing 0 partial-flushes (flushing a total of 0 entities and 0 collections)
}
2025-08-06 17:54:37.712  INFO 3856983 --- [  restartedMain] i.StatisticalLoggingSessionEventListener : Session Metrics {
    0 nanoseconds spent acquiring 0 JDBC connections;
    0 nanoseconds spent releasing 0 JDBC connections;
    0 nanoseconds spent preparing 0 JDBC statements;
    0 nanoseconds spent executing 0 JDBC statements;
    0 nanoseconds spent executing 0 JDBC batches;
    0 nanoseconds spent performing 0 L2C puts;
    0 nanoseconds spent performing 0 L2C hits;
    0 nanoseconds spent performing 0 L2C misses;
    0 nanoseconds spent executing 0 flushes (flushing a total of 0 entities and 0 collections);
    0 nanoseconds spent executing 0 partial-flushes (flushing a total of 0 entities and 0 collections)
}
2025-08-06 17:54:37.712  INFO 3856983 --- [  restartedMain] i.StatisticalLoggingSessionEventListener : Session Metrics {
    0 nanoseconds spent acquiring 0 JDBC connections;
    0 nanoseconds spent releasing 0 JDBC connections;
    0 nanoseconds spent preparing 0 JDBC statements;
    0 nanoseconds spent executing 0 JDBC statements;
    0 nanoseconds spent executing 0 JDBC batches;
    0 nanoseconds spent performing 0 L2C puts;
    0 nanoseconds spent performing 0 L2C hits;
    0 nanoseconds spent performing 0 L2C misses;
    0 nanoseconds spent executing 0 flushes (flushing a total of 0 entities and 0 collections);
    0 nanoseconds spent executing 0 partial-flushes (flushing a total of 0 entities and 0 collections)
}
2025-08-06 17:54:38.014  INFO 3856983 --- [  restartedMain] o.s.b.w.e.t.TomcatWebServer              : Tomcat initialized with port(s): 8080 (http)
Aug 06, 2025 5:54:38 PM org.apache.coyote.AbstractProtocol init
INFO: Initializing ProtocolHandler ["http-nio-8080"]
Aug 06, 2025 5:54:38 PM org.apache.catalina.core.StandardService startInternal
INFO: Starting service [Tomcat]
Aug 06, 2025 5:54:38 PM org.apache.catalina.core.StandardEngine startInternal
INFO: Starting Servlet engine: [Apache Tomcat/9.0.73]
Aug 06, 2025 5:54:38 PM org.apache.jasper.servlet.TldScanner scanJars
INFO: At least one JAR was scanned for TLDs yet contained no TLDs. Enable debug logging for this logger for a complete list of JARs that were scanned but no TLDs were found in them. Skipping unneeded JARs during scanning can improve startup time and JSP compilation time.
Aug 06, 2025 5:54:38 PM org.apache.catalina.core.ApplicationContext log
INFO: Initializing Spring embedded WebApplicationContext
2025-08-06 17:54:38.175  INFO 3856983 --- [  restartedMain] w.s.c.ServletWebServerApplicationContext : Root WebApplicationContext: initialization completed in 3715 ms
2025-08-06 17:54:38.312  WARN 3856983 --- [  restartedMain] o.s.b.a.e.EndpointId                     : Endpoint ID 'enrollment-metrics' contains invalid characters, please migrate to a valid format.
2025-08-06 17:54:38.505  INFO 3856983 --- [  restartedMain] o.s.a.f.CglibAopProxy                    : Unable to proxy interface-implementing method [public final void org.springframework.dao.support.DaoSupport.afterPropertiesSet() throws java.lang.IllegalArgumentException,org.springframework.beans.factory.BeanInitializationException] because it is marked as final: Consider using interface-based JDK proxies instead!
2025-08-06 17:54:38.514  INFO 3856983 --- [  restartedMain] o.s.a.f.CglibAopProxy                    : Unable to proxy interface-implementing method [public final void org.springframework.dao.support.DaoSupport.afterPropertiesSet() throws java.lang.IllegalArgumentException,org.springframework.beans.factory.BeanInitializationException] because it is marked as final: Consider using interface-based JDK proxies instead!
=== DotenvConfig: JWT_SECRET 확인 ===
JWT_SECRET 상태: [EXISTS]
2025-08-06 17:54:38.542  INFO 3856983 --- [  restartedMain] i.StatisticalLoggingSessionEventListener : Session Metrics {
    0 nanoseconds spent acquiring 0 JDBC connections;
    0 nanoseconds spent releasing 0 JDBC connections;
    0 nanoseconds spent preparing 0 JDBC statements;
    0 nanoseconds spent executing 0 JDBC statements;
    0 nanoseconds spent executing 0 JDBC batches;
    0 nanoseconds spent performing 0 L2C puts;
    0 nanoseconds spent performing 0 L2C hits;
    0 nanoseconds spent performing 0 L2C misses;
    0 nanoseconds spent executing 0 flushes (flushing a total of 0 entities and 0 collections);
    0 nanoseconds spent executing 0 partial-flushes (flushing a total of 0 entities and 0 collections)
}
2025-08-06 17:54:38.543  INFO 3856983 --- [  restartedMain] i.StatisticalLoggingSessionEventListener : Session Metrics {
    0 nanoseconds spent acquiring 0 JDBC connections;
    0 nanoseconds spent releasing 0 JDBC connections;
    0 nanoseconds spent preparing 0 JDBC statements;
    0 nanoseconds spent executing 0 JDBC statements;
    0 nanoseconds spent executing 0 JDBC batches;
    0 nanoseconds spent performing 0 L2C puts;
    0 nanoseconds spent performing 0 L2C hits;
    0 nanoseconds spent performing 0 L2C misses;
    0 nanoseconds spent executing 0 flushes (flushing a total of 0 entities and 0 collections);
    0 nanoseconds spent executing 0 partial-flushes (flushing a total of 0 entities and 0 collections)
}
2025-08-06 17:54:38.562  INFO 3856983 --- [  restartedMain] i.StatisticalLoggingSessionEventListener : Session Metrics {
    0 nanoseconds spent acquiring 0 JDBC connections;
    0 nanoseconds spent releasing 0 JDBC connections;
    0 nanoseconds spent preparing 0 JDBC statements;
    0 nanoseconds spent executing 0 JDBC statements;
    0 nanoseconds spent executing 0 JDBC batches;
    0 nanoseconds spent performing 0 L2C puts;
    0 nanoseconds spent performing 0 L2C hits;
    0 nanoseconds spent performing 0 L2C misses;
    0 nanoseconds spent executing 0 flushes (flushing a total of 0 entities and 0 collections);
    0 nanoseconds spent executing 0 partial-flushes (flushing a total of 0 entities and 0 collections)
}
2025-08-06 17:54:38.562  INFO 3856983 --- [  restartedMain] i.StatisticalLoggingSessionEventListener : Session Metrics {
    0 nanoseconds spent acquiring 0 JDBC connections;
    0 nanoseconds spent releasing 0 JDBC connections;
    0 nanoseconds spent preparing 0 JDBC statements;
    0 nanoseconds spent executing 0 JDBC statements;
    0 nanoseconds spent executing 0 JDBC batches;
    0 nanoseconds spent performing 0 L2C puts;
    0 nanoseconds spent performing 0 L2C hits;
    0 nanoseconds spent performing 0 L2C misses;
    0 nanoseconds spent executing 0 flushes (flushing a total of 0 entities and 0 collections);
    0 nanoseconds spent executing 0 partial-flushes (flushing a total of 0 entities and 0 collections)
}
2025-08-06 17:54:38.563  INFO 3856983 --- [  restartedMain] i.StatisticalLoggingSessionEventListener : Session Metrics {
    0 nanoseconds spent acquiring 0 JDBC connections;
    0 nanoseconds spent releasing 0 JDBC connections;
    0 nanoseconds spent preparing 0 JDBC statements;
    0 nanoseconds spent executing 0 JDBC statements;
    0 nanoseconds spent executing 0 JDBC batches;
    0 nanoseconds spent performing 0 L2C puts;
    0 nanoseconds spent performing 0 L2C hits;
    0 nanoseconds spent performing 0 L2C misses;
    0 nanoseconds spent executing 0 flushes (flushing a total of 0 entities and 0 collections);
    0 nanoseconds spent executing 0 partial-flushes (flushing a total of 0 entities and 0 collections)
}
2025-08-06 17:54:38.564  INFO 3856983 --- [  restartedMain] i.StatisticalLoggingSessionEventListener : Session Metrics {
    0 nanoseconds spent acquiring 0 JDBC connections;
    0 nanoseconds spent releasing 0 JDBC connections;
    0 nanoseconds spent preparing 0 JDBC statements;
    0 nanoseconds spent executing 0 JDBC statements;
    0 nanoseconds spent executing 0 JDBC batches;
    0 nanoseconds spent performing 0 L2C puts;
    0 nanoseconds spent performing 0 L2C hits;
    0 nanoseconds spent performing 0 L2C misses;
    0 nanoseconds spent executing 0 flushes (flushing a total of 0 entities and 0 collections);
    0 nanoseconds spent executing 0 partial-flushes (flushing a total of 0 entities and 0 collections)
}
2025-08-06 17:54:38.566  INFO 3856983 --- [  restartedMain] i.StatisticalLoggingSessionEventListener : Session Metrics {
    0 nanoseconds spent acquiring 0 JDBC connections;
    0 nanoseconds spent releasing 0 JDBC connections;
    0 nanoseconds spent preparing 0 JDBC statements;
    0 nanoseconds spent executing 0 JDBC statements;
    0 nanoseconds spent executing 0 JDBC batches;
    0 nanoseconds spent performing 0 L2C puts;
    0 nanoseconds spent performing 0 L2C hits;
    0 nanoseconds spent performing 0 L2C misses;
    0 nanoseconds spent executing 0 flushes (flushing a total of 0 entities and 0 collections);
    0 nanoseconds spent executing 0 partial-flushes (flushing a total of 0 entities and 0 collections)
}
2025-08-06 17:54:38.569  INFO 3856983 --- [  restartedMain] i.StatisticalLoggingSessionEventListener : Session Metrics {
    0 nanoseconds spent acquiring 0 JDBC connections;
    0 nanoseconds spent releasing 0 JDBC connections;
    0 nanoseconds spent preparing 0 JDBC statements;
    0 nanoseconds spent executing 0 JDBC statements;
    0 nanoseconds spent executing 0 JDBC batches;
    0 nanoseconds spent performing 0 L2C puts;
    0 nanoseconds spent performing 0 L2C hits;
    0 nanoseconds spent performing 0 L2C misses;
    0 nanoseconds spent executing 0 flushes (flushing a total of 0 entities and 0 collections);
    0 nanoseconds spent executing 0 partial-flushes (flushing a total of 0 entities and 0 collections)
}
2025-08-06 17:54:38.624  INFO 3856983 --- [  restartedMain] i.StatisticalLoggingSessionEventListener : Session Metrics {
    0 nanoseconds spent acquiring 0 JDBC connections;
    0 nanoseconds spent releasing 0 JDBC connections;
    0 nanoseconds spent preparing 0 JDBC statements;
    0 nanoseconds spent executing 0 JDBC statements;
    0 nanoseconds spent executing 0 JDBC batches;
    0 nanoseconds spent performing 0 L2C puts;
    0 nanoseconds spent performing 0 L2C hits;
    0 nanoseconds spent performing 0 L2C misses;
    0 nanoseconds spent executing 0 flushes (flushing a total of 0 entities and 0 collections);
    0 nanoseconds spent executing 0 partial-flushes (flushing a total of 0 entities and 0 collections)
}
2025-08-06 17:54:38.625  INFO 3856983 --- [  restartedMain] i.StatisticalLoggingSessionEventListener : Session Metrics {
    0 nanoseconds spent acquiring 0 JDBC connections;
    0 nanoseconds spent releasing 0 JDBC connections;
    0 nanoseconds spent preparing 0 JDBC statements;
    0 nanoseconds spent executing 0 JDBC statements;
    0 nanoseconds spent executing 0 JDBC batches;
    0 nanoseconds spent performing 0 L2C puts;
    0 nanoseconds spent performing 0 L2C hits;
    0 nanoseconds spent performing 0 L2C misses;
    0 nanoseconds spent executing 0 flushes (flushing a total of 0 entities and 0 collections);
    0 nanoseconds spent executing 0 partial-flushes (flushing a total of 0 entities and 0 collections)
}
2025-08-06 17:54:38.705  INFO 3856983 --- [  restartedMain] i.StatisticalLoggingSessionEventListener : Session Metrics {
    0 nanoseconds spent acquiring 0 JDBC connections;
    0 nanoseconds spent releasing 0 JDBC connections;
    0 nanoseconds spent preparing 0 JDBC statements;
    0 nanoseconds spent executing 0 JDBC statements;
    0 nanoseconds spent executing 0 JDBC batches;
    0 nanoseconds spent performing 0 L2C puts;
    0 nanoseconds spent performing 0 L2C hits;
    0 nanoseconds spent performing 0 L2C misses;
    0 nanoseconds spent executing 0 flushes (flushing a total of 0 entities and 0 collections);
    0 nanoseconds spent executing 0 partial-flushes (flushing a total of 0 entities and 0 collections)
}
2025-08-06 17:54:38.705  INFO 3856983 --- [  restartedMain] i.StatisticalLoggingSessionEventListener : Session Metrics {
    0 nanoseconds spent acquiring 0 JDBC connections;
    0 nanoseconds spent releasing 0 JDBC connections;
    0 nanoseconds spent preparing 0 JDBC statements;
    0 nanoseconds spent executing 0 JDBC statements;
    0 nanoseconds spent executing 0 JDBC batches;
    0 nanoseconds spent performing 0 L2C puts;
    0 nanoseconds spent performing 0 L2C hits;
    0 nanoseconds spent performing 0 L2C misses;
    0 nanoseconds spent executing 0 flushes (flushing a total of 0 entities and 0 collections);
    0 nanoseconds spent executing 0 partial-flushes (flushing a total of 0 entities and 0 collections)
}
2025-08-06 17:54:38.706  INFO 3856983 --- [  restartedMain] i.StatisticalLoggingSessionEventListener : Session Metrics {
    0 nanoseconds spent acquiring 0 JDBC connections;
    0 nanoseconds spent releasing 0 JDBC connections;
    0 nanoseconds spent preparing 0 JDBC statements;
    0 nanoseconds spent executing 0 JDBC statements;
    0 nanoseconds spent executing 0 JDBC batches;
    0 nanoseconds spent performing 0 L2C puts;
    0 nanoseconds spent performing 0 L2C hits;
    0 nanoseconds spent performing 0 L2C misses;
    0 nanoseconds spent executing 0 flushes (flushing a total of 0 entities and 0 collections);
    0 nanoseconds spent executing 0 partial-flushes (flushing a total of 0 entities and 0 collections)
}
2025-08-06 17:54:38.707  INFO 3856983 --- [  restartedMain] i.StatisticalLoggingSessionEventListener : Session Metrics {
    0 nanoseconds spent acquiring 0 JDBC connections;
    0 nanoseconds spent releasing 0 JDBC connections;
    0 nanoseconds spent preparing 0 JDBC statements;
    0 nanoseconds spent executing 0 JDBC statements;
    0 nanoseconds spent executing 0 JDBC batches;
    0 nanoseconds spent performing 0 L2C puts;
    0 nanoseconds spent performing 0 L2C hits;
    0 nanoseconds spent performing 0 L2C misses;
    0 nanoseconds spent executing 0 flushes (flushing a total of 0 entities and 0 collections);
    0 nanoseconds spent executing 0 partial-flushes (flushing a total of 0 entities and 0 collections)
}
2025-08-06 17:54:38.708  INFO 3856983 --- [  restartedMain] i.StatisticalLoggingSessionEventListener : Session Metrics {
    0 nanoseconds spent acquiring 0 JDBC connections;
    0 nanoseconds spent releasing 0 JDBC connections;
    0 nanoseconds spent preparing 0 JDBC statements;
    0 nanoseconds spent executing 0 JDBC statements;
    0 nanoseconds spent executing 0 JDBC batches;
    0 nanoseconds spent performing 0 L2C puts;
    0 nanoseconds spent performing 0 L2C hits;
    0 nanoseconds spent performing 0 L2C misses;
    0 nanoseconds spent executing 0 flushes (flushing a total of 0 entities and 0 collections);
    0 nanoseconds spent executing 0 partial-flushes (flushing a total of 0 entities and 0 collections)
}
2025-08-06 17:54:38.708  INFO 3856983 --- [  restartedMain] i.StatisticalLoggingSessionEventListener : Session Metrics {
    0 nanoseconds spent acquiring 0 JDBC connections;
    0 nanoseconds spent releasing 0 JDBC connections;
    0 nanoseconds spent preparing 0 JDBC statements;
    0 nanoseconds spent executing 0 JDBC statements;
    0 nanoseconds spent executing 0 JDBC batches;
    0 nanoseconds spent performing 0 L2C puts;
    0 nanoseconds spent performing 0 L2C hits;
    0 nanoseconds spent performing 0 L2C misses;
    0 nanoseconds spent executing 0 flushes (flushing a total of 0 entities and 0 collections);
    0 nanoseconds spent executing 0 partial-flushes (flushing a total of 0 entities and 0 collections)
}
2025-08-06 17:54:38.712  INFO 3856983 --- [  restartedMain] i.StatisticalLoggingSessionEventListener : Session Metrics {
    0 nanoseconds spent acquiring 0 JDBC connections;
    0 nanoseconds spent releasing 0 JDBC connections;
    0 nanoseconds spent preparing 0 JDBC statements;
    0 nanoseconds spent executing 0 JDBC statements;
    0 nanoseconds spent executing 0 JDBC batches;
    0 nanoseconds spent performing 0 L2C puts;
    0 nanoseconds spent performing 0 L2C hits;
    0 nanoseconds spent performing 0 L2C misses;
    0 nanoseconds spent executing 0 flushes (flushing a total of 0 entities and 0 collections);
    0 nanoseconds spent executing 0 partial-flushes (flushing a total of 0 entities and 0 collections)
}
2025-08-06 17:54:38.713  INFO 3856983 --- [  restartedMain] i.StatisticalLoggingSessionEventListener : Session Metrics {
    0 nanoseconds spent acquiring 0 JDBC connections;
    0 nanoseconds spent releasing 0 JDBC connections;
    0 nanoseconds spent preparing 0 JDBC statements;
    0 nanoseconds spent executing 0 JDBC statements;
    0 nanoseconds spent executing 0 JDBC batches;
    0 nanoseconds spent performing 0 L2C puts;
    0 nanoseconds spent performing 0 L2C hits;
    0 nanoseconds spent performing 0 L2C misses;
    0 nanoseconds spent executing 0 flushes (flushing a total of 0 entities and 0 collections);
    0 nanoseconds spent executing 0 partial-flushes (flushing a total of 0 entities and 0 collections)
}
2025-08-06 17:54:38.713  INFO 3856983 --- [  restartedMain] i.StatisticalLoggingSessionEventListener : Session Metrics {
    0 nanoseconds spent acquiring 0 JDBC connections;
    0 nanoseconds spent releasing 0 JDBC connections;
    0 nanoseconds spent preparing 0 JDBC statements;
    0 nanoseconds spent executing 0 JDBC statements;
    0 nanoseconds spent executing 0 JDBC batches;
    0 nanoseconds spent performing 0 L2C puts;
    0 nanoseconds spent performing 0 L2C hits;
    0 nanoseconds spent performing 0 L2C misses;
    0 nanoseconds spent executing 0 flushes (flushing a total of 0 entities and 0 collections);
    0 nanoseconds spent executing 0 partial-flushes (flushing a total of 0 entities and 0 collections)
}
2025-08-06 17:54:38.715  INFO 3856983 --- [  restartedMain] i.StatisticalLoggingSessionEventListener : Session Metrics {
    0 nanoseconds spent acquiring 0 JDBC connections;
    0 nanoseconds spent releasing 0 JDBC connections;
    0 nanoseconds spent preparing 0 JDBC statements;
    0 nanoseconds spent executing 0 JDBC statements;
    0 nanoseconds spent executing 0 JDBC batches;
    0 nanoseconds spent performing 0 L2C puts;
    0 nanoseconds spent performing 0 L2C hits;
    0 nanoseconds spent performing 0 L2C misses;
    0 nanoseconds spent executing 0 flushes (flushing a total of 0 entities and 0 collections);
    0 nanoseconds spent executing 0 partial-flushes (flushing a total of 0 entities and 0 collections)
}
2025-08-06 17:54:38.716  INFO 3856983 --- [  restartedMain] i.StatisticalLoggingSessionEventListener : Session Metrics {
    0 nanoseconds spent acquiring 0 JDBC connections;
    0 nanoseconds spent releasing 0 JDBC connections;
    0 nanoseconds spent preparing 0 JDBC statements;
    0 nanoseconds spent executing 0 JDBC statements;
    0 nanoseconds spent executing 0 JDBC batches;
    0 nanoseconds spent performing 0 L2C puts;
    0 nanoseconds spent performing 0 L2C hits;
    0 nanoseconds spent performing 0 L2C misses;
    0 nanoseconds spent executing 0 flushes (flushing a total of 0 entities and 0 collections);
    0 nanoseconds spent executing 0 partial-flushes (flushing a total of 0 entities and 0 collections)
}
2025-08-06 17:54:38.716  INFO 3856983 --- [  restartedMain] i.StatisticalLoggingSessionEventListener : Session Metrics {
    0 nanoseconds spent acquiring 0 JDBC connections;
    0 nanoseconds spent releasing 0 JDBC connections;
    0 nanoseconds spent preparing 0 JDBC statements;
    0 nanoseconds spent executing 0 JDBC statements;
    0 nanoseconds spent executing 0 JDBC batches;
    0 nanoseconds spent performing 0 L2C puts;
    0 nanoseconds spent performing 0 L2C hits;
    0 nanoseconds spent performing 0 L2C misses;
    0 nanoseconds spent executing 0 flushes (flushing a total of 0 entities and 0 collections);
    0 nanoseconds spent executing 0 partial-flushes (flushing a total of 0 entities and 0 collections)
}
2025-08-06 17:54:38.719  INFO 3856983 --- [  restartedMain] i.StatisticalLoggingSessionEventListener : Session Metrics {
    0 nanoseconds spent acquiring 0 JDBC connections;
    0 nanoseconds spent releasing 0 JDBC connections;
    0 nanoseconds spent preparing 0 JDBC statements;
    0 nanoseconds spent executing 0 JDBC statements;
    0 nanoseconds spent executing 0 JDBC batches;
    0 nanoseconds spent performing 0 L2C puts;
    0 nanoseconds spent performing 0 L2C hits;
    0 nanoseconds spent performing 0 L2C misses;
    0 nanoseconds spent executing 0 flushes (flushing a total of 0 entities and 0 collections);
    0 nanoseconds spent executing 0 partial-flushes (flushing a total of 0 entities and 0 collections)
}
2025-08-06 17:54:38.719  INFO 3856983 --- [  restartedMain] i.StatisticalLoggingSessionEventListener : Session Metrics {
    0 nanoseconds spent acquiring 0 JDBC connections;
    0 nanoseconds spent releasing 0 JDBC connections;
    0 nanoseconds spent preparing 0 JDBC statements;
    0 nanoseconds spent executing 0 JDBC statements;
    0 nanoseconds spent executing 0 JDBC batches;
    0 nanoseconds spent performing 0 L2C puts;
    0 nanoseconds spent performing 0 L2C hits;
    0 nanoseconds spent performing 0 L2C misses;
    0 nanoseconds spent executing 0 flushes (flushing a total of 0 entities and 0 collections);
    0 nanoseconds spent executing 0 partial-flushes (flushing a total of 0 entities and 0 collections)
}
2025-08-06 17:54:38.720  INFO 3856983 --- [  restartedMain] i.StatisticalLoggingSessionEventListener : Session Metrics {
    0 nanoseconds spent acquiring 0 JDBC connections;
    0 nanoseconds spent releasing 0 JDBC connections;
    0 nanoseconds spent preparing 0 JDBC statements;
    0 nanoseconds spent executing 0 JDBC statements;
    0 nanoseconds spent executing 0 JDBC batches;
    0 nanoseconds spent performing 0 L2C puts;
    0 nanoseconds spent performing 0 L2C hits;
    0 nanoseconds spent performing 0 L2C misses;
    0 nanoseconds spent executing 0 flushes (flushing a total of 0 entities and 0 collections);
    0 nanoseconds spent executing 0 partial-flushes (flushing a total of 0 entities and 0 collections)
}
2025-08-06 17:54:38.720  INFO 3856983 --- [  restartedMain] i.StatisticalLoggingSessionEventListener : Session Metrics {
    0 nanoseconds spent acquiring 0 JDBC connections;
    0 nanoseconds spent releasing 0 JDBC connections;
    0 nanoseconds spent preparing 0 JDBC statements;
    0 nanoseconds spent executing 0 JDBC statements;
    0 nanoseconds spent executing 0 JDBC batches;
    0 nanoseconds spent performing 0 L2C puts;
    0 nanoseconds spent performing 0 L2C hits;
    0 nanoseconds spent performing 0 L2C misses;
    0 nanoseconds spent executing 0 flushes (flushing a total of 0 entities and 0 collections);
    0 nanoseconds spent executing 0 partial-flushes (flushing a total of 0 entities and 0 collections)
}
2025-08-06 17:54:38.721  INFO 3856983 --- [  restartedMain] i.StatisticalLoggingSessionEventListener : Session Metrics {
    0 nanoseconds spent acquiring 0 JDBC connections;
    0 nanoseconds spent releasing 0 JDBC connections;
    0 nanoseconds spent preparing 0 JDBC statements;
    0 nanoseconds spent executing 0 JDBC statements;
    0 nanoseconds spent executing 0 JDBC batches;
    0 nanoseconds spent performing 0 L2C puts;
    0 nanoseconds spent performing 0 L2C hits;
    0 nanoseconds spent performing 0 L2C misses;
    0 nanoseconds spent executing 0 flushes (flushing a total of 0 entities and 0 collections);
    0 nanoseconds spent executing 0 partial-flushes (flushing a total of 0 entities and 0 collections)
}
2025-08-06 17:54:38.721  INFO 3856983 --- [  restartedMain] i.StatisticalLoggingSessionEventListener : Session Metrics {
    0 nanoseconds spent acquiring 0 JDBC connections;
    0 nanoseconds spent releasing 0 JDBC connections;
    0 nanoseconds spent preparing 0 JDBC statements;
    0 nanoseconds spent executing 0 JDBC statements;
    0 nanoseconds spent executing 0 JDBC batches;
    0 nanoseconds spent performing 0 L2C puts;
    0 nanoseconds spent performing 0 L2C hits;
    0 nanoseconds spent performing 0 L2C misses;
    0 nanoseconds spent executing 0 flushes (flushing a total of 0 entities and 0 collections);
    0 nanoseconds spent executing 0 partial-flushes (flushing a total of 0 entities and 0 collections)
}
2025-08-06 17:54:38.722  INFO 3856983 --- [  restartedMain] i.StatisticalLoggingSessionEventListener : Session Metrics {
    0 nanoseconds spent acquiring 0 JDBC connections;
    0 nanoseconds spent releasing 0 JDBC connections;
    0 nanoseconds spent preparing 0 JDBC statements;
    0 nanoseconds spent executing 0 JDBC statements;
    0 nanoseconds spent executing 0 JDBC batches;
    0 nanoseconds spent performing 0 L2C puts;
    0 nanoseconds spent performing 0 L2C hits;
    0 nanoseconds spent performing 0 L2C misses;
    0 nanoseconds spent executing 0 flushes (flushing a total of 0 entities and 0 collections);
    0 nanoseconds spent executing 0 partial-flushes (flushing a total of 0 entities and 0 collections)
}
2025-08-06 17:54:38.723  INFO 3856983 --- [  restartedMain] i.StatisticalLoggingSessionEventListener : Session Metrics {
    0 nanoseconds spent acquiring 0 JDBC connections;
    0 nanoseconds spent releasing 0 JDBC connections;
    0 nanoseconds spent preparing 0 JDBC statements;
    0 nanoseconds spent executing 0 JDBC statements;
    0 nanoseconds spent executing 0 JDBC batches;
    0 nanoseconds spent performing 0 L2C puts;
    0 nanoseconds spent performing 0 L2C hits;
    0 nanoseconds spent performing 0 L2C misses;
    0 nanoseconds spent executing 0 flushes (flushing a total of 0 entities and 0 collections);
    0 nanoseconds spent executing 0 partial-flushes (flushing a total of 0 entities and 0 collections)
}
2025-08-06 17:54:38.723  INFO 3856983 --- [  restartedMain] i.StatisticalLoggingSessionEventListener : Session Metrics {
    0 nanoseconds spent acquiring 0 JDBC connections;
    0 nanoseconds spent releasing 0 JDBC connections;
    0 nanoseconds spent preparing 0 JDBC statements;
    0 nanoseconds spent executing 0 JDBC statements;
    0 nanoseconds spent executing 0 JDBC batches;
    0 nanoseconds spent performing 0 L2C puts;
    0 nanoseconds spent performing 0 L2C hits;
    0 nanoseconds spent performing 0 L2C misses;
    0 nanoseconds spent executing 0 flushes (flushing a total of 0 entities and 0 collections);
    0 nanoseconds spent executing 0 partial-flushes (flushing a total of 0 entities and 0 collections)
}
2025-08-06 17:54:38.724  INFO 3856983 --- [  restartedMain] i.StatisticalLoggingSessionEventListener : Session Metrics {
    0 nanoseconds spent acquiring 0 JDBC connections;
    0 nanoseconds spent releasing 0 JDBC connections;
    0 nanoseconds spent preparing 0 JDBC statements;
    0 nanoseconds spent executing 0 JDBC statements;
    0 nanoseconds spent executing 0 JDBC batches;
    0 nanoseconds spent performing 0 L2C puts;
    0 nanoseconds spent performing 0 L2C hits;
    0 nanoseconds spent performing 0 L2C misses;
    0 nanoseconds spent executing 0 flushes (flushing a total of 0 entities and 0 collections);
    0 nanoseconds spent executing 0 partial-flushes (flushing a total of 0 entities and 0 collections)
}
2025-08-06 17:54:38.724  INFO 3856983 --- [  restartedMain] i.StatisticalLoggingSessionEventListener : Session Metrics {
    0 nanoseconds spent acquiring 0 JDBC connections;
    0 nanoseconds spent releasing 0 JDBC connections;
    0 nanoseconds spent preparing 0 JDBC statements;
    0 nanoseconds spent executing 0 JDBC statements;
    0 nanoseconds spent executing 0 JDBC batches;
    0 nanoseconds spent performing 0 L2C puts;
    0 nanoseconds spent performing 0 L2C hits;
    0 nanoseconds spent performing 0 L2C misses;
    0 nanoseconds spent executing 0 flushes (flushing a total of 0 entities and 0 collections);
    0 nanoseconds spent executing 0 partial-flushes (flushing a total of 0 entities and 0 collections)
}
2025-08-06 17:54:38.726  INFO 3856983 --- [  restartedMain] i.StatisticalLoggingSessionEventListener : Session Metrics {
    0 nanoseconds spent acquiring 0 JDBC connections;
    0 nanoseconds spent releasing 0 JDBC connections;
    0 nanoseconds spent preparing 0 JDBC statements;
    0 nanoseconds spent executing 0 JDBC statements;
    0 nanoseconds spent executing 0 JDBC batches;
    0 nanoseconds spent performing 0 L2C puts;
    0 nanoseconds spent performing 0 L2C hits;
    0 nanoseconds spent performing 0 L2C misses;
    0 nanoseconds spent executing 0 flushes (flushing a total of 0 entities and 0 collections);
    0 nanoseconds spent executing 0 partial-flushes (flushing a total of 0 entities and 0 collections)
}
2025-08-06 17:54:38.726  INFO 3856983 --- [  restartedMain] i.StatisticalLoggingSessionEventListener : Session Metrics {
    0 nanoseconds spent acquiring 0 JDBC connections;
    0 nanoseconds spent releasing 0 JDBC connections;
    0 nanoseconds spent preparing 0 JDBC statements;
    0 nanoseconds spent executing 0 JDBC statements;
    0 nanoseconds spent executing 0 JDBC batches;
    0 nanoseconds spent performing 0 L2C puts;
    0 nanoseconds spent performing 0 L2C hits;
    0 nanoseconds spent performing 0 L2C misses;
    0 nanoseconds spent executing 0 flushes (flushing a total of 0 entities and 0 collections);
    0 nanoseconds spent executing 0 partial-flushes (flushing a total of 0 entities and 0 collections)
}
2025-08-06 17:54:38.726  INFO 3856983 --- [  restartedMain] i.StatisticalLoggingSessionEventListener : Session Metrics {
    0 nanoseconds spent acquiring 0 JDBC connections;
    0 nanoseconds spent releasing 0 JDBC connections;
    0 nanoseconds spent preparing 0 JDBC statements;
    0 nanoseconds spent executing 0 JDBC statements;
    0 nanoseconds spent executing 0 JDBC batches;
    0 nanoseconds spent performing 0 L2C puts;
    0 nanoseconds spent performing 0 L2C hits;
    0 nanoseconds spent performing 0 L2C misses;
    0 nanoseconds spent executing 0 flushes (flushing a total of 0 entities and 0 collections);
    0 nanoseconds spent executing 0 partial-flushes (flushing a total of 0 entities and 0 collections)
}
2025-08-06 17:54:38.727  INFO 3856983 --- [  restartedMain] i.StatisticalLoggingSessionEventListener : Session Metrics {
    0 nanoseconds spent acquiring 0 JDBC connections;
    0 nanoseconds spent releasing 0 JDBC connections;
    0 nanoseconds spent preparing 0 JDBC statements;
    0 nanoseconds spent executing 0 JDBC statements;
    0 nanoseconds spent executing 0 JDBC batches;
    0 nanoseconds spent performing 0 L2C puts;
    0 nanoseconds spent performing 0 L2C hits;
    0 nanoseconds spent performing 0 L2C misses;
    0 nanoseconds spent executing 0 flushes (flushing a total of 0 entities and 0 collections);
    0 nanoseconds spent executing 0 partial-flushes (flushing a total of 0 entities and 0 collections)
}
2025-08-06 17:54:38.727  INFO 3856983 --- [  restartedMain] i.StatisticalLoggingSessionEventListener : Session Metrics {
    0 nanoseconds spent acquiring 0 JDBC connections;
    0 nanoseconds spent releasing 0 JDBC connections;
    0 nanoseconds spent preparing 0 JDBC statements;
    0 nanoseconds spent executing 0 JDBC statements;
    0 nanoseconds spent executing 0 JDBC batches;
    0 nanoseconds spent performing 0 L2C puts;
    0 nanoseconds spent performing 0 L2C hits;
    0 nanoseconds spent performing 0 L2C misses;
    0 nanoseconds spent executing 0 flushes (flushing a total of 0 entities and 0 collections);
    0 nanoseconds spent executing 0 partial-flushes (flushing a total of 0 entities and 0 collections)
}
2025-08-06 17:54:38.727  INFO 3856983 --- [  restartedMain] i.StatisticalLoggingSessionEventListener : Session Metrics {
    0 nanoseconds spent acquiring 0 JDBC connections;
    0 nanoseconds spent releasing 0 JDBC connections;
    0 nanoseconds spent preparing 0 JDBC statements;
    0 nanoseconds spent executing 0 JDBC statements;
    0 nanoseconds spent executing 0 JDBC batches;
    0 nanoseconds spent performing 0 L2C puts;
    0 nanoseconds spent performing 0 L2C hits;
    0 nanoseconds spent performing 0 L2C misses;
    0 nanoseconds spent executing 0 flushes (flushing a total of 0 entities and 0 collections);
    0 nanoseconds spent executing 0 partial-flushes (flushing a total of 0 entities and 0 collections)
}
2025-08-06 17:54:38.729  INFO 3856983 --- [  restartedMain] i.StatisticalLoggingSessionEventListener : Session Metrics {
    0 nanoseconds spent acquiring 0 JDBC connections;
    0 nanoseconds spent releasing 0 JDBC connections;
    0 nanoseconds spent preparing 0 JDBC statements;
    0 nanoseconds spent executing 0 JDBC statements;
    0 nanoseconds spent executing 0 JDBC batches;
    0 nanoseconds spent performing 0 L2C puts;
    0 nanoseconds spent performing 0 L2C hits;
    0 nanoseconds spent performing 0 L2C misses;
    0 nanoseconds spent executing 0 flushes (flushing a total of 0 entities and 0 collections);
    0 nanoseconds spent executing 0 partial-flushes (flushing a total of 0 entities and 0 collections)
}
2025-08-06 17:54:38.729  INFO 3856983 --- [  restartedMain] i.StatisticalLoggingSessionEventListener : Session Metrics {
    0 nanoseconds spent acquiring 0 JDBC connections;
    0 nanoseconds spent releasing 0 JDBC connections;
    0 nanoseconds spent preparing 0 JDBC statements;
    0 nanoseconds spent executing 0 JDBC statements;
    0 nanoseconds spent executing 0 JDBC batches;
    0 nanoseconds spent performing 0 L2C puts;
    0 nanoseconds spent performing 0 L2C hits;
    0 nanoseconds spent performing 0 L2C misses;
    0 nanoseconds spent executing 0 flushes (flushing a total of 0 entities and 0 collections);
    0 nanoseconds spent executing 0 partial-flushes (flushing a total of 0 entities and 0 collections)
}
2025-08-06 17:54:38.731  INFO 3856983 --- [  restartedMain] i.StatisticalLoggingSessionEventListener : Session Metrics {
    0 nanoseconds spent acquiring 0 JDBC connections;
    0 nanoseconds spent releasing 0 JDBC connections;
    0 nanoseconds spent preparing 0 JDBC statements;
    0 nanoseconds spent executing 0 JDBC statements;
    0 nanoseconds spent executing 0 JDBC batches;
    0 nanoseconds spent performing 0 L2C puts;
    0 nanoseconds spent performing 0 L2C hits;
    0 nanoseconds spent performing 0 L2C misses;
    0 nanoseconds spent executing 0 flushes (flushing a total of 0 entities and 0 collections);
    0 nanoseconds spent executing 0 partial-flushes (flushing a total of 0 entities and 0 collections)
}
2025-08-06 17:54:38.731  INFO 3856983 --- [  restartedMain] i.StatisticalLoggingSessionEventListener : Session Metrics {
    0 nanoseconds spent acquiring 0 JDBC connections;
    0 nanoseconds spent releasing 0 JDBC connections;
    0 nanoseconds spent preparing 0 JDBC statements;
    0 nanoseconds spent executing 0 JDBC statements;
    0 nanoseconds spent executing 0 JDBC batches;
    0 nanoseconds spent performing 0 L2C puts;
    0 nanoseconds spent performing 0 L2C hits;
    0 nanoseconds spent performing 0 L2C misses;
    0 nanoseconds spent executing 0 flushes (flushing a total of 0 entities and 0 collections);
    0 nanoseconds spent executing 0 partial-flushes (flushing a total of 0 entities and 0 collections)
}
2025-08-06 17:54:38.731  INFO 3856983 --- [  restartedMain] i.StatisticalLoggingSessionEventListener : Session Metrics {
    0 nanoseconds spent acquiring 0 JDBC connections;
    0 nanoseconds spent releasing 0 JDBC connections;
    0 nanoseconds spent preparing 0 JDBC statements;
    0 nanoseconds spent executing 0 JDBC statements;
    0 nanoseconds spent executing 0 JDBC batches;
    0 nanoseconds spent performing 0 L2C puts;
    0 nanoseconds spent performing 0 L2C hits;
    0 nanoseconds spent performing 0 L2C misses;
    0 nanoseconds spent executing 0 flushes (flushing a total of 0 entities and 0 collections);
    0 nanoseconds spent executing 0 partial-flushes (flushing a total of 0 entities and 0 collections)
}
2025-08-06 17:54:38.734  INFO 3856983 --- [  restartedMain] i.StatisticalLoggingSessionEventListener : Session Metrics {
    0 nanoseconds spent acquiring 0 JDBC connections;
    0 nanoseconds spent releasing 0 JDBC connections;
    0 nanoseconds spent preparing 0 JDBC statements;
    0 nanoseconds spent executing 0 JDBC statements;
    0 nanoseconds spent executing 0 JDBC batches;
    0 nanoseconds spent performing 0 L2C puts;
    0 nanoseconds spent performing 0 L2C hits;
    0 nanoseconds spent performing 0 L2C misses;
    0 nanoseconds spent executing 0 flushes (flushing a total of 0 entities and 0 collections);
    0 nanoseconds spent executing 0 partial-flushes (flushing a total of 0 entities and 0 collections)
}
2025-08-06 17:54:38.734  INFO 3856983 --- [  restartedMain] i.StatisticalLoggingSessionEventListener : Session Metrics {
    0 nanoseconds spent acquiring 0 JDBC connections;
    0 nanoseconds spent releasing 0 JDBC connections;
    0 nanoseconds spent preparing 0 JDBC statements;
    0 nanoseconds spent executing 0 JDBC statements;
    0 nanoseconds spent executing 0 JDBC batches;
    0 nanoseconds spent performing 0 L2C puts;
    0 nanoseconds spent performing 0 L2C hits;
    0 nanoseconds spent performing 0 L2C misses;
    0 nanoseconds spent executing 0 flushes (flushing a total of 0 entities and 0 collections);
    0 nanoseconds spent executing 0 partial-flushes (flushing a total of 0 entities and 0 collections)
}
2025-08-06 17:54:38.734  INFO 3856983 --- [  restartedMain] i.StatisticalLoggingSessionEventListener : Session Metrics {
    0 nanoseconds spent acquiring 0 JDBC connections;
    0 nanoseconds spent releasing 0 JDBC connections;
    0 nanoseconds spent preparing 0 JDBC statements;
    0 nanoseconds spent executing 0 JDBC statements;
    0 nanoseconds spent executing 0 JDBC batches;
    0 nanoseconds spent performing 0 L2C puts;
    0 nanoseconds spent performing 0 L2C hits;
    0 nanoseconds spent performing 0 L2C misses;
    0 nanoseconds spent executing 0 flushes (flushing a total of 0 entities and 0 collections);
    0 nanoseconds spent executing 0 partial-flushes (flushing a total of 0 entities and 0 collections)
}
2025-08-06 17:54:38.736  INFO 3856983 --- [  restartedMain] i.StatisticalLoggingSessionEventListener : Session Metrics {
    0 nanoseconds spent acquiring 0 JDBC connections;
    0 nanoseconds spent releasing 0 JDBC connections;
    0 nanoseconds spent preparing 0 JDBC statements;
    0 nanoseconds spent executing 0 JDBC statements;
    0 nanoseconds spent executing 0 JDBC batches;
    0 nanoseconds spent performing 0 L2C puts;
    0 nanoseconds spent performing 0 L2C hits;
    0 nanoseconds spent performing 0 L2C misses;
    0 nanoseconds spent executing 0 flushes (flushing a total of 0 entities and 0 collections);
    0 nanoseconds spent executing 0 partial-flushes (flushing a total of 0 entities and 0 collections)
}
2025-08-06 17:54:38.736  INFO 3856983 --- [  restartedMain] i.StatisticalLoggingSessionEventListener : Session Metrics {
    0 nanoseconds spent acquiring 0 JDBC connections;
    0 nanoseconds spent releasing 0 JDBC connections;
    0 nanoseconds spent preparing 0 JDBC statements;
    0 nanoseconds spent executing 0 JDBC statements;
    0 nanoseconds spent executing 0 JDBC batches;
    0 nanoseconds spent performing 0 L2C puts;
    0 nanoseconds spent performing 0 L2C hits;
    0 nanoseconds spent performing 0 L2C misses;
    0 nanoseconds spent executing 0 flushes (flushing a total of 0 entities and 0 collections);
    0 nanoseconds spent executing 0 partial-flushes (flushing a total of 0 entities and 0 collections)
}
2025-08-06 17:54:38.737  INFO 3856983 --- [  restartedMain] i.StatisticalLoggingSessionEventListener : Session Metrics {
    0 nanoseconds spent acquiring 0 JDBC connections;
    0 nanoseconds spent releasing 0 JDBC connections;
    0 nanoseconds spent preparing 0 JDBC statements;
    0 nanoseconds spent executing 0 JDBC statements;
    0 nanoseconds spent executing 0 JDBC batches;
    0 nanoseconds spent performing 0 L2C puts;
    0 nanoseconds spent performing 0 L2C hits;
    0 nanoseconds spent performing 0 L2C misses;
    0 nanoseconds spent executing 0 flushes (flushing a total of 0 entities and 0 collections);
    0 nanoseconds spent executing 0 partial-flushes (flushing a total of 0 entities and 0 collections)
}
2025-08-06 17:54:38.737  INFO 3856983 --- [  restartedMain] i.StatisticalLoggingSessionEventListener : Session Metrics {
    0 nanoseconds spent acquiring 0 JDBC connections;
    0 nanoseconds spent releasing 0 JDBC connections;
    0 nanoseconds spent preparing 0 JDBC statements;
    0 nanoseconds spent executing 0 JDBC statements;
    0 nanoseconds spent executing 0 JDBC batches;
    0 nanoseconds spent performing 0 L2C puts;
    0 nanoseconds spent performing 0 L2C hits;
    0 nanoseconds spent performing 0 L2C misses;
    0 nanoseconds spent executing 0 flushes (flushing a total of 0 entities and 0 collections);
    0 nanoseconds spent executing 0 partial-flushes (flushing a total of 0 entities and 0 collections)
}
2025-08-06 17:54:38.738  INFO 3856983 --- [  restartedMain] i.StatisticalLoggingSessionEventListener : Session Metrics {
    0 nanoseconds spent acquiring 0 JDBC connections;
    0 nanoseconds spent releasing 0 JDBC connections;
    0 nanoseconds spent preparing 0 JDBC statements;
    0 nanoseconds spent executing 0 JDBC statements;
    0 nanoseconds spent executing 0 JDBC batches;
    0 nanoseconds spent performing 0 L2C puts;
    0 nanoseconds spent performing 0 L2C hits;
    0 nanoseconds spent performing 0 L2C misses;
    0 nanoseconds spent executing 0 flushes (flushing a total of 0 entities and 0 collections);
    0 nanoseconds spent executing 0 partial-flushes (flushing a total of 0 entities and 0 collections)
}
2025-08-06 17:54:38.738  INFO 3856983 --- [  restartedMain] i.StatisticalLoggingSessionEventListener : Session Metrics {
    0 nanoseconds spent acquiring 0 JDBC connections;
    0 nanoseconds spent releasing 0 JDBC connections;
    0 nanoseconds spent preparing 0 JDBC statements;
    0 nanoseconds spent executing 0 JDBC statements;
    0 nanoseconds spent executing 0 JDBC batches;
    0 nanoseconds spent performing 0 L2C puts;
    0 nanoseconds spent performing 0 L2C hits;
    0 nanoseconds spent performing 0 L2C misses;
    0 nanoseconds spent executing 0 flushes (flushing a total of 0 entities and 0 collections);
    0 nanoseconds spent executing 0 partial-flushes (flushing a total of 0 entities and 0 collections)
}
2025-08-06 17:54:38.740  INFO 3856983 --- [  restartedMain] i.StatisticalLoggingSessionEventListener : Session Metrics {
    0 nanoseconds spent acquiring 0 JDBC connections;
    0 nanoseconds spent releasing 0 JDBC connections;
    0 nanoseconds spent preparing 0 JDBC statements;
    0 nanoseconds spent executing 0 JDBC statements;
    0 nanoseconds spent executing 0 JDBC batches;
    0 nanoseconds spent performing 0 L2C puts;
    0 nanoseconds spent performing 0 L2C hits;
    0 nanoseconds spent performing 0 L2C misses;
    0 nanoseconds spent executing 0 flushes (flushing a total of 0 entities and 0 collections);
    0 nanoseconds spent executing 0 partial-flushes (flushing a total of 0 entities and 0 collections)
}
2025-08-06 17:54:38.740  INFO 3856983 --- [  restartedMain] i.StatisticalLoggingSessionEventListener : Session Metrics {
    0 nanoseconds spent acquiring 0 JDBC connections;
    0 nanoseconds spent releasing 0 JDBC connections;
    0 nanoseconds spent preparing 0 JDBC statements;
    0 nanoseconds spent executing 0 JDBC statements;
    0 nanoseconds spent executing 0 JDBC batches;
    0 nanoseconds spent performing 0 L2C puts;
    0 nanoseconds spent performing 0 L2C hits;
    0 nanoseconds spent performing 0 L2C misses;
    0 nanoseconds spent executing 0 flushes (flushing a total of 0 entities and 0 collections);
    0 nanoseconds spent executing 0 partial-flushes (flushing a total of 0 entities and 0 collections)
}
2025-08-06 17:54:38.741  INFO 3856983 --- [  restartedMain] i.StatisticalLoggingSessionEventListener : Session Metrics {
    0 nanoseconds spent acquiring 0 JDBC connections;
    0 nanoseconds spent releasing 0 JDBC connections;
    0 nanoseconds spent preparing 0 JDBC statements;
    0 nanoseconds spent executing 0 JDBC statements;
    0 nanoseconds spent executing 0 JDBC batches;
    0 nanoseconds spent performing 0 L2C puts;
    0 nanoseconds spent performing 0 L2C hits;
    0 nanoseconds spent performing 0 L2C misses;
    0 nanoseconds spent executing 0 flushes (flushing a total of 0 entities and 0 collections);
    0 nanoseconds spent executing 0 partial-flushes (flushing a total of 0 entities and 0 collections)
}
2025-08-06 17:54:38.741  INFO 3856983 --- [  restartedMain] i.StatisticalLoggingSessionEventListener : Session Metrics {
    0 nanoseconds spent acquiring 0 JDBC connections;
    0 nanoseconds spent releasing 0 JDBC connections;
    0 nanoseconds spent preparing 0 JDBC statements;
    0 nanoseconds spent executing 0 JDBC statements;
    0 nanoseconds spent executing 0 JDBC batches;
    0 nanoseconds spent performing 0 L2C puts;
    0 nanoseconds spent performing 0 L2C hits;
    0 nanoseconds spent performing 0 L2C misses;
    0 nanoseconds spent executing 0 flushes (flushing a total of 0 entities and 0 collections);
    0 nanoseconds spent executing 0 partial-flushes (flushing a total of 0 entities and 0 collections)
}
2025-08-06 17:54:38.742  INFO 3856983 --- [  restartedMain] i.StatisticalLoggingSessionEventListener : Session Metrics {
    0 nanoseconds spent acquiring 0 JDBC connections;
    0 nanoseconds spent releasing 0 JDBC connections;
    0 nanoseconds spent preparing 0 JDBC statements;
    0 nanoseconds spent executing 0 JDBC statements;
    0 nanoseconds spent executing 0 JDBC batches;
    0 nanoseconds spent performing 0 L2C puts;
    0 nanoseconds spent performing 0 L2C hits;
    0 nanoseconds spent performing 0 L2C misses;
    0 nanoseconds spent executing 0 flushes (flushing a total of 0 entities and 0 collections);
    0 nanoseconds spent executing 0 partial-flushes (flushing a total of 0 entities and 0 collections)
}
2025-08-06 17:54:38.743  INFO 3856983 --- [  restartedMain] i.StatisticalLoggingSessionEventListener : Session Metrics {
    0 nanoseconds spent acquiring 0 JDBC connections;
    0 nanoseconds spent releasing 0 JDBC connections;
    0 nanoseconds spent preparing 0 JDBC statements;
    0 nanoseconds spent executing 0 JDBC statements;
    0 nanoseconds spent executing 0 JDBC batches;
    0 nanoseconds spent performing 0 L2C puts;
    0 nanoseconds spent performing 0 L2C hits;
    0 nanoseconds spent performing 0 L2C misses;
    0 nanoseconds spent executing 0 flushes (flushing a total of 0 entities and 0 collections);
    0 nanoseconds spent executing 0 partial-flushes (flushing a total of 0 entities and 0 collections)
}
2025-08-06 17:54:38.743  INFO 3856983 --- [  restartedMain] i.StatisticalLoggingSessionEventListener : Session Metrics {
    0 nanoseconds spent acquiring 0 JDBC connections;
    0 nanoseconds spent releasing 0 JDBC connections;
    0 nanoseconds spent preparing 0 JDBC statements;
    0 nanoseconds spent executing 0 JDBC statements;
    0 nanoseconds spent executing 0 JDBC batches;
    0 nanoseconds spent performing 0 L2C puts;
    0 nanoseconds spent performing 0 L2C hits;
    0 nanoseconds spent performing 0 L2C misses;
    0 nanoseconds spent executing 0 flushes (flushing a total of 0 entities and 0 collections);
    0 nanoseconds spent executing 0 partial-flushes (flushing a total of 0 entities and 0 collections)
}
2025-08-06 17:54:38.745  INFO 3856983 --- [  restartedMain] i.StatisticalLoggingSessionEventListener : Session Metrics {
    0 nanoseconds spent acquiring 0 JDBC connections;
    0 nanoseconds spent releasing 0 JDBC connections;
    0 nanoseconds spent preparing 0 JDBC statements;
    0 nanoseconds spent executing 0 JDBC statements;
    0 nanoseconds spent executing 0 JDBC batches;
    0 nanoseconds spent performing 0 L2C puts;
    0 nanoseconds spent performing 0 L2C hits;
    0 nanoseconds spent performing 0 L2C misses;
    0 nanoseconds spent executing 0 flushes (flushing a total of 0 entities and 0 collections);
    0 nanoseconds spent executing 0 partial-flushes (flushing a total of 0 entities and 0 collections)
}
2025-08-06 17:54:38.746  INFO 3856983 --- [  restartedMain] i.StatisticalLoggingSessionEventListener : Session Metrics {
    0 nanoseconds spent acquiring 0 JDBC connections;
    0 nanoseconds spent releasing 0 JDBC connections;
    0 nanoseconds spent preparing 0 JDBC statements;
    0 nanoseconds spent executing 0 JDBC statements;
    0 nanoseconds spent executing 0 JDBC batches;
    0 nanoseconds spent performing 0 L2C puts;
    0 nanoseconds spent performing 0 L2C hits;
    0 nanoseconds spent performing 0 L2C misses;
    0 nanoseconds spent executing 0 flushes (flushing a total of 0 entities and 0 collections);
    0 nanoseconds spent executing 0 partial-flushes (flushing a total of 0 entities and 0 collections)
}
2025-08-06 17:54:38.746  INFO 3856983 --- [  restartedMain] i.StatisticalLoggingSessionEventListener : Session Metrics {
    0 nanoseconds spent acquiring 0 JDBC connections;
    0 nanoseconds spent releasing 0 JDBC connections;
    0 nanoseconds spent preparing 0 JDBC statements;
    0 nanoseconds spent executing 0 JDBC statements;
    0 nanoseconds spent executing 0 JDBC batches;
    0 nanoseconds spent performing 0 L2C puts;
    0 nanoseconds spent performing 0 L2C hits;
    0 nanoseconds spent performing 0 L2C misses;
    0 nanoseconds spent executing 0 flushes (flushing a total of 0 entities and 0 collections);
    0 nanoseconds spent executing 0 partial-flushes (flushing a total of 0 entities and 0 collections)
}
2025-08-06 17:54:38.749  INFO 3856983 --- [  restartedMain] i.StatisticalLoggingSessionEventListener : Session Metrics {
    0 nanoseconds spent acquiring 0 JDBC connections;
    0 nanoseconds spent releasing 0 JDBC connections;
    0 nanoseconds spent preparing 0 JDBC statements;
    0 nanoseconds spent executing 0 JDBC statements;
    0 nanoseconds spent executing 0 JDBC batches;
    0 nanoseconds spent performing 0 L2C puts;
    0 nanoseconds spent performing 0 L2C hits;
    0 nanoseconds spent performing 0 L2C misses;
    0 nanoseconds spent executing 0 flushes (flushing a total of 0 entities and 0 collections);
    0 nanoseconds spent executing 0 partial-flushes (flushing a total of 0 entities and 0 collections)
}
2025-08-06 17:54:38.749  INFO 3856983 --- [  restartedMain] i.StatisticalLoggingSessionEventListener : Session Metrics {
    0 nanoseconds spent acquiring 0 JDBC connections;
    0 nanoseconds spent releasing 0 JDBC connections;
    0 nanoseconds spent preparing 0 JDBC statements;
    0 nanoseconds spent executing 0 JDBC statements;
    0 nanoseconds spent executing 0 JDBC batches;
    0 nanoseconds spent performing 0 L2C puts;
    0 nanoseconds spent performing 0 L2C hits;
    0 nanoseconds spent performing 0 L2C misses;
    0 nanoseconds spent executing 0 flushes (flushing a total of 0 entities and 0 collections);
    0 nanoseconds spent executing 0 partial-flushes (flushing a total of 0 entities and 0 collections)
}
2025-08-06 17:54:38.749  INFO 3856983 --- [  restartedMain] i.StatisticalLoggingSessionEventListener : Session Metrics {
    0 nanoseconds spent acquiring 0 JDBC connections;
    0 nanoseconds spent releasing 0 JDBC connections;
    0 nanoseconds spent preparing 0 JDBC statements;
    0 nanoseconds spent executing 0 JDBC statements;
    0 nanoseconds spent executing 0 JDBC batches;
    0 nanoseconds spent performing 0 L2C puts;
    0 nanoseconds spent performing 0 L2C hits;
    0 nanoseconds spent performing 0 L2C misses;
    0 nanoseconds spent executing 0 flushes (flushing a total of 0 entities and 0 collections);
    0 nanoseconds spent executing 0 partial-flushes (flushing a total of 0 entities and 0 collections)
}
2025-08-06 17:54:38.750  INFO 3856983 --- [  restartedMain] i.StatisticalLoggingSessionEventListener : Session Metrics {
    0 nanoseconds spent acquiring 0 JDBC connections;
    0 nanoseconds spent releasing 0 JDBC connections;
    0 nanoseconds spent preparing 0 JDBC statements;
    0 nanoseconds spent executing 0 JDBC statements;
    0 nanoseconds spent executing 0 JDBC batches;
    0 nanoseconds spent performing 0 L2C puts;
    0 nanoseconds spent performing 0 L2C hits;
    0 nanoseconds spent performing 0 L2C misses;
    0 nanoseconds spent executing 0 flushes (flushing a total of 0 entities and 0 collections);
    0 nanoseconds spent executing 0 partial-flushes (flushing a total of 0 entities and 0 collections)
}
2025-08-06 17:54:38.750  INFO 3856983 --- [  restartedMain] i.StatisticalLoggingSessionEventListener : Session Metrics {
    0 nanoseconds spent acquiring 0 JDBC connections;
    0 nanoseconds spent releasing 0 JDBC connections;
    0 nanoseconds spent preparing 0 JDBC statements;
    0 nanoseconds spent executing 0 JDBC statements;
    0 nanoseconds spent executing 0 JDBC batches;
    0 nanoseconds spent performing 0 L2C puts;
    0 nanoseconds spent performing 0 L2C hits;
    0 nanoseconds spent performing 0 L2C misses;
    0 nanoseconds spent executing 0 flushes (flushing a total of 0 entities and 0 collections);
    0 nanoseconds spent executing 0 partial-flushes (flushing a total of 0 entities and 0 collections)
}
2025-08-06 17:54:38.751  INFO 3856983 --- [  restartedMain] i.StatisticalLoggingSessionEventListener : Session Metrics {
    0 nanoseconds spent acquiring 0 JDBC connections;
    0 nanoseconds spent releasing 0 JDBC connections;
    0 nanoseconds spent preparing 0 JDBC statements;
    0 nanoseconds spent executing 0 JDBC statements;
    0 nanoseconds spent executing 0 JDBC batches;
    0 nanoseconds spent performing 0 L2C puts;
    0 nanoseconds spent performing 0 L2C hits;
    0 nanoseconds spent performing 0 L2C misses;
    0 nanoseconds spent executing 0 flushes (flushing a total of 0 entities and 0 collections);
    0 nanoseconds spent executing 0 partial-flushes (flushing a total of 0 entities and 0 collections)
}
2025-08-06 17:54:38.752  INFO 3856983 --- [  restartedMain] i.StatisticalLoggingSessionEventListener : Session Metrics {
    0 nanoseconds spent acquiring 0 JDBC connections;
    0 nanoseconds spent releasing 0 JDBC connections;
    0 nanoseconds spent preparing 0 JDBC statements;
    0 nanoseconds spent executing 0 JDBC statements;
    0 nanoseconds spent executing 0 JDBC batches;
    0 nanoseconds spent performing 0 L2C puts;
    0 nanoseconds spent performing 0 L2C hits;
    0 nanoseconds spent performing 0 L2C misses;
    0 nanoseconds spent executing 0 flushes (flushing a total of 0 entities and 0 collections);
    0 nanoseconds spent executing 0 partial-flushes (flushing a total of 0 entities and 0 collections)
}
2025-08-06 17:54:38.752  INFO 3856983 --- [  restartedMain] i.StatisticalLoggingSessionEventListener : Session Metrics {
    0 nanoseconds spent acquiring 0 JDBC connections;
    0 nanoseconds spent releasing 0 JDBC connections;
    0 nanoseconds spent preparing 0 JDBC statements;
    0 nanoseconds spent executing 0 JDBC statements;
    0 nanoseconds spent executing 0 JDBC batches;
    0 nanoseconds spent performing 0 L2C puts;
    0 nanoseconds spent performing 0 L2C hits;
    0 nanoseconds spent performing 0 L2C misses;
    0 nanoseconds spent executing 0 flushes (flushing a total of 0 entities and 0 collections);
    0 nanoseconds spent executing 0 partial-flushes (flushing a total of 0 entities and 0 collections)
}
2025-08-06 17:54:38.753  INFO 3856983 --- [  restartedMain] i.StatisticalLoggingSessionEventListener : Session Metrics {
    0 nanoseconds spent acquiring 0 JDBC connections;
    0 nanoseconds spent releasing 0 JDBC connections;
    0 nanoseconds spent preparing 0 JDBC statements;
    0 nanoseconds spent executing 0 JDBC statements;
    0 nanoseconds spent executing 0 JDBC batches;
    0 nanoseconds spent performing 0 L2C puts;
    0 nanoseconds spent performing 0 L2C hits;
    0 nanoseconds spent performing 0 L2C misses;
    0 nanoseconds spent executing 0 flushes (flushing a total of 0 entities and 0 collections);
    0 nanoseconds spent executing 0 partial-flushes (flushing a total of 0 entities and 0 collections)
}
2025-08-06 17:54:38.753  INFO 3856983 --- [  restartedMain] i.StatisticalLoggingSessionEventListener : Session Metrics {
    0 nanoseconds spent acquiring 0 JDBC connections;
    0 nanoseconds spent releasing 0 JDBC connections;
    0 nanoseconds spent preparing 0 JDBC statements;
    0 nanoseconds spent executing 0 JDBC statements;
    0 nanoseconds spent executing 0 JDBC batches;
    0 nanoseconds spent performing 0 L2C puts;
    0 nanoseconds spent performing 0 L2C hits;
    0 nanoseconds spent performing 0 L2C misses;
    0 nanoseconds spent executing 0 flushes (flushing a total of 0 entities and 0 collections);
    0 nanoseconds spent executing 0 partial-flushes (flushing a total of 0 entities and 0 collections)
}
2025-08-06 17:54:38.755  INFO 3856983 --- [  restartedMain] i.StatisticalLoggingSessionEventListener : Session Metrics {
    0 nanoseconds spent acquiring 0 JDBC connections;
    0 nanoseconds spent releasing 0 JDBC connections;
    0 nanoseconds spent preparing 0 JDBC statements;
    0 nanoseconds spent executing 0 JDBC statements;
    0 nanoseconds spent executing 0 JDBC batches;
    0 nanoseconds spent performing 0 L2C puts;
    0 nanoseconds spent performing 0 L2C hits;
    0 nanoseconds spent performing 0 L2C misses;
    0 nanoseconds spent executing 0 flushes (flushing a total of 0 entities and 0 collections);
    0 nanoseconds spent executing 0 partial-flushes (flushing a total of 0 entities and 0 collections)
}
2025-08-06 17:54:38.755  INFO 3856983 --- [  restartedMain] i.StatisticalLoggingSessionEventListener : Session Metrics {
    0 nanoseconds spent acquiring 0 JDBC connections;
    0 nanoseconds spent releasing 0 JDBC connections;
    0 nanoseconds spent preparing 0 JDBC statements;
    0 nanoseconds spent executing 0 JDBC statements;
    0 nanoseconds spent executing 0 JDBC batches;
    0 nanoseconds spent performing 0 L2C puts;
    0 nanoseconds spent performing 0 L2C hits;
    0 nanoseconds spent performing 0 L2C misses;
    0 nanoseconds spent executing 0 flushes (flushing a total of 0 entities and 0 collections);
    0 nanoseconds spent executing 0 partial-flushes (flushing a total of 0 entities and 0 collections)
}
2025-08-06 17:54:38.755  INFO 3856983 --- [  restartedMain] i.StatisticalLoggingSessionEventListener : Session Metrics {
    0 nanoseconds spent acquiring 0 JDBC connections;
    0 nanoseconds spent releasing 0 JDBC connections;
    0 nanoseconds spent preparing 0 JDBC statements;
    0 nanoseconds spent executing 0 JDBC statements;
    0 nanoseconds spent executing 0 JDBC batches;
    0 nanoseconds spent performing 0 L2C puts;
    0 nanoseconds spent performing 0 L2C hits;
    0 nanoseconds spent performing 0 L2C misses;
    0 nanoseconds spent executing 0 flushes (flushing a total of 0 entities and 0 collections);
    0 nanoseconds spent executing 0 partial-flushes (flushing a total of 0 entities and 0 collections)
}
2025-08-06 17:54:38.757  INFO 3856983 --- [  restartedMain] i.StatisticalLoggingSessionEventListener : Session Metrics {
    0 nanoseconds spent acquiring 0 JDBC connections;
    0 nanoseconds spent releasing 0 JDBC connections;
    0 nanoseconds spent preparing 0 JDBC statements;
    0 nanoseconds spent executing 0 JDBC statements;
    0 nanoseconds spent executing 0 JDBC batches;
    0 nanoseconds spent performing 0 L2C puts;
    0 nanoseconds spent performing 0 L2C hits;
    0 nanoseconds spent performing 0 L2C misses;
    0 nanoseconds spent executing 0 flushes (flushing a total of 0 entities and 0 collections);
    0 nanoseconds spent executing 0 partial-flushes (flushing a total of 0 entities and 0 collections)
}
2025-08-06 17:54:38.757  INFO 3856983 --- [  restartedMain] i.StatisticalLoggingSessionEventListener : Session Metrics {
    0 nanoseconds spent acquiring 0 JDBC connections;
    0 nanoseconds spent releasing 0 JDBC connections;
    0 nanoseconds spent preparing 0 JDBC statements;
    0 nanoseconds spent executing 0 JDBC statements;
    0 nanoseconds spent executing 0 JDBC batches;
    0 nanoseconds spent performing 0 L2C puts;
    0 nanoseconds spent performing 0 L2C hits;
    0 nanoseconds spent performing 0 L2C misses;
    0 nanoseconds spent executing 0 flushes (flushing a total of 0 entities and 0 collections);
    0 nanoseconds spent executing 0 partial-flushes (flushing a total of 0 entities and 0 collections)
}
2025-08-06 17:54:38.757  INFO 3856983 --- [  restartedMain] i.StatisticalLoggingSessionEventListener : Session Metrics {
    0 nanoseconds spent acquiring 0 JDBC connections;
    0 nanoseconds spent releasing 0 JDBC connections;
    0 nanoseconds spent preparing 0 JDBC statements;
    0 nanoseconds spent executing 0 JDBC statements;
    0 nanoseconds spent executing 0 JDBC batches;
    0 nanoseconds spent performing 0 L2C puts;
    0 nanoseconds spent performing 0 L2C hits;
    0 nanoseconds spent performing 0 L2C misses;
    0 nanoseconds spent executing 0 flushes (flushing a total of 0 entities and 0 collections);
    0 nanoseconds spent executing 0 partial-flushes (flushing a total of 0 entities and 0 collections)
}
2025-08-06 17:54:38.758  INFO 3856983 --- [  restartedMain] i.StatisticalLoggingSessionEventListener : Session Metrics {
    0 nanoseconds spent acquiring 0 JDBC connections;
    0 nanoseconds spent releasing 0 JDBC connections;
    0 nanoseconds spent preparing 0 JDBC statements;
    0 nanoseconds spent executing 0 JDBC statements;
    0 nanoseconds spent executing 0 JDBC batches;
    0 nanoseconds spent performing 0 L2C puts;
    0 nanoseconds spent performing 0 L2C hits;
    0 nanoseconds spent performing 0 L2C misses;
    0 nanoseconds spent executing 0 flushes (flushing a total of 0 entities and 0 collections);
    0 nanoseconds spent executing 0 partial-flushes (flushing a total of 0 entities and 0 collections)
}
2025-08-06 17:54:38.758  INFO 3856983 --- [  restartedMain] i.StatisticalLoggingSessionEventListener : Session Metrics {
    0 nanoseconds spent acquiring 0 JDBC connections;
    0 nanoseconds spent releasing 0 JDBC connections;
    0 nanoseconds spent preparing 0 JDBC statements;
    0 nanoseconds spent executing 0 JDBC statements;
    0 nanoseconds spent executing 0 JDBC batches;
    0 nanoseconds spent performing 0 L2C puts;
    0 nanoseconds spent performing 0 L2C hits;
    0 nanoseconds spent performing 0 L2C misses;
    0 nanoseconds spent executing 0 flushes (flushing a total of 0 entities and 0 collections);
    0 nanoseconds spent executing 0 partial-flushes (flushing a total of 0 entities and 0 collections)
}
2025-08-06 17:54:38.759  INFO 3856983 --- [  restartedMain] i.StatisticalLoggingSessionEventListener : Session Metrics {
    0 nanoseconds spent acquiring 0 JDBC connections;
    0 nanoseconds spent releasing 0 JDBC connections;
    0 nanoseconds spent preparing 0 JDBC statements;
    0 nanoseconds spent executing 0 JDBC statements;
    0 nanoseconds spent executing 0 JDBC batches;
    0 nanoseconds spent performing 0 L2C puts;
    0 nanoseconds spent performing 0 L2C hits;
    0 nanoseconds spent performing 0 L2C misses;
    0 nanoseconds spent executing 0 flushes (flushing a total of 0 entities and 0 collections);
    0 nanoseconds spent executing 0 partial-flushes (flushing a total of 0 entities and 0 collections)
}
2025-08-06 17:54:38.760  INFO 3856983 --- [  restartedMain] i.StatisticalLoggingSessionEventListener : Session Metrics {
    0 nanoseconds spent acquiring 0 JDBC connections;
    0 nanoseconds spent releasing 0 JDBC connections;
    0 nanoseconds spent preparing 0 JDBC statements;
    0 nanoseconds spent executing 0 JDBC statements;
    0 nanoseconds spent executing 0 JDBC batches;
    0 nanoseconds spent performing 0 L2C puts;
    0 nanoseconds spent performing 0 L2C hits;
    0 nanoseconds spent performing 0 L2C misses;
    0 nanoseconds spent executing 0 flushes (flushing a total of 0 entities and 0 collections);
    0 nanoseconds spent executing 0 partial-flushes (flushing a total of 0 entities and 0 collections)
}
2025-08-06 17:54:38.760  INFO 3856983 --- [  restartedMain] i.StatisticalLoggingSessionEventListener : Session Metrics {
    0 nanoseconds spent acquiring 0 JDBC connections;
    0 nanoseconds spent releasing 0 JDBC connections;
    0 nanoseconds spent preparing 0 JDBC statements;
    0 nanoseconds spent executing 0 JDBC statements;
    0 nanoseconds spent executing 0 JDBC batches;
    0 nanoseconds spent performing 0 L2C puts;
    0 nanoseconds spent performing 0 L2C hits;
    0 nanoseconds spent performing 0 L2C misses;
    0 nanoseconds spent executing 0 flushes (flushing a total of 0 entities and 0 collections);
    0 nanoseconds spent executing 0 partial-flushes (flushing a total of 0 entities and 0 collections)
}
2025-08-06 17:54:38.761  INFO 3856983 --- [  restartedMain] i.StatisticalLoggingSessionEventListener : Session Metrics {
    0 nanoseconds spent acquiring 0 JDBC connections;
    0 nanoseconds spent releasing 0 JDBC connections;
    0 nanoseconds spent preparing 0 JDBC statements;
    0 nanoseconds spent executing 0 JDBC statements;
    0 nanoseconds spent executing 0 JDBC batches;
    0 nanoseconds spent performing 0 L2C puts;
    0 nanoseconds spent performing 0 L2C hits;
    0 nanoseconds spent performing 0 L2C misses;
    0 nanoseconds spent executing 0 flushes (flushing a total of 0 entities and 0 collections);
    0 nanoseconds spent executing 0 partial-flushes (flushing a total of 0 entities and 0 collections)
}
2025-08-06 17:54:38.761  INFO 3856983 --- [  restartedMain] i.StatisticalLoggingSessionEventListener : Session Metrics {
    0 nanoseconds spent acquiring 0 JDBC connections;
    0 nanoseconds spent releasing 0 JDBC connections;
    0 nanoseconds spent preparing 0 JDBC statements;
    0 nanoseconds spent executing 0 JDBC statements;
    0 nanoseconds spent executing 0 JDBC batches;
    0 nanoseconds spent performing 0 L2C puts;
    0 nanoseconds spent performing 0 L2C hits;
    0 nanoseconds spent performing 0 L2C misses;
    0 nanoseconds spent executing 0 flushes (flushing a total of 0 entities and 0 collections);
    0 nanoseconds spent executing 0 partial-flushes (flushing a total of 0 entities and 0 collections)
}
2025-08-06 17:54:38.762  INFO 3856983 --- [  restartedMain] i.StatisticalLoggingSessionEventListener : Session Metrics {
    0 nanoseconds spent acquiring 0 JDBC connections;
    0 nanoseconds spent releasing 0 JDBC connections;
    0 nanoseconds spent preparing 0 JDBC statements;
    0 nanoseconds spent executing 0 JDBC statements;
    0 nanoseconds spent executing 0 JDBC batches;
    0 nanoseconds spent performing 0 L2C puts;
    0 nanoseconds spent performing 0 L2C hits;
    0 nanoseconds spent performing 0 L2C misses;
    0 nanoseconds spent executing 0 flushes (flushing a total of 0 entities and 0 collections);
    0 nanoseconds spent executing 0 partial-flushes (flushing a total of 0 entities and 0 collections)
}
2025-08-06 17:54:38.762  INFO 3856983 --- [  restartedMain] i.StatisticalLoggingSessionEventListener : Session Metrics {
    0 nanoseconds spent acquiring 0 JDBC connections;
    0 nanoseconds spent releasing 0 JDBC connections;
    0 nanoseconds spent preparing 0 JDBC statements;
    0 nanoseconds spent executing 0 JDBC statements;
    0 nanoseconds spent executing 0 JDBC batches;
    0 nanoseconds spent performing 0 L2C puts;
    0 nanoseconds spent performing 0 L2C hits;
    0 nanoseconds spent performing 0 L2C misses;
    0 nanoseconds spent executing 0 flushes (flushing a total of 0 entities and 0 collections);
    0 nanoseconds spent executing 0 partial-flushes (flushing a total of 0 entities and 0 collections)
}
2025-08-06 17:54:38.763  INFO 3856983 --- [  restartedMain] i.StatisticalLoggingSessionEventListener : Session Metrics {
    0 nanoseconds spent acquiring 0 JDBC connections;
    0 nanoseconds spent releasing 0 JDBC connections;
    0 nanoseconds spent preparing 0 JDBC statements;
    0 nanoseconds spent executing 0 JDBC statements;
    0 nanoseconds spent executing 0 JDBC batches;
    0 nanoseconds spent performing 0 L2C puts;
    0 nanoseconds spent performing 0 L2C hits;
    0 nanoseconds spent performing 0 L2C misses;
    0 nanoseconds spent executing 0 flushes (flushing a total of 0 entities and 0 collections);
    0 nanoseconds spent executing 0 partial-flushes (flushing a total of 0 entities and 0 collections)
}
2025-08-06 17:54:38.764  INFO 3856983 --- [  restartedMain] i.StatisticalLoggingSessionEventListener : Session Metrics {
    0 nanoseconds spent acquiring 0 JDBC connections;
    0 nanoseconds spent releasing 0 JDBC connections;
    0 nanoseconds spent preparing 0 JDBC statements;
    0 nanoseconds spent executing 0 JDBC statements;
    0 nanoseconds spent executing 0 JDBC batches;
    0 nanoseconds spent performing 0 L2C puts;
    0 nanoseconds spent performing 0 L2C hits;
    0 nanoseconds spent performing 0 L2C misses;
    0 nanoseconds spent executing 0 flushes (flushing a total of 0 entities and 0 collections);
    0 nanoseconds spent executing 0 partial-flushes (flushing a total of 0 entities and 0 collections)
}
2025-08-06 17:54:38.764  INFO 3856983 --- [  restartedMain] i.StatisticalLoggingSessionEventListener : Session Metrics {
    0 nanoseconds spent acquiring 0 JDBC connections;
    0 nanoseconds spent releasing 0 JDBC connections;
    0 nanoseconds spent preparing 0 JDBC statements;
    0 nanoseconds spent executing 0 JDBC statements;
    0 nanoseconds spent executing 0 JDBC batches;
    0 nanoseconds spent performing 0 L2C puts;
    0 nanoseconds spent performing 0 L2C hits;
    0 nanoseconds spent performing 0 L2C misses;
    0 nanoseconds spent executing 0 flushes (flushing a total of 0 entities and 0 collections);
    0 nanoseconds spent executing 0 partial-flushes (flushing a total of 0 entities and 0 collections)
}
2025-08-06 17:54:38.767  INFO 3856983 --- [  restartedMain] i.StatisticalLoggingSessionEventListener : Session Metrics {
    0 nanoseconds spent acquiring 0 JDBC connections;
    0 nanoseconds spent releasing 0 JDBC connections;
    0 nanoseconds spent preparing 0 JDBC statements;
    0 nanoseconds spent executing 0 JDBC statements;
    0 nanoseconds spent executing 0 JDBC batches;
    0 nanoseconds spent performing 0 L2C puts;
    0 nanoseconds spent performing 0 L2C hits;
    0 nanoseconds spent performing 0 L2C misses;
    0 nanoseconds spent executing 0 flushes (flushing a total of 0 entities and 0 collections);
    0 nanoseconds spent executing 0 partial-flushes (flushing a total of 0 entities and 0 collections)
}
2025-08-06 17:54:38.767  INFO 3856983 --- [  restartedMain] i.StatisticalLoggingSessionEventListener : Session Metrics {
    0 nanoseconds spent acquiring 0 JDBC connections;
    0 nanoseconds spent releasing 0 JDBC connections;
    0 nanoseconds spent preparing 0 JDBC statements;
    0 nanoseconds spent executing 0 JDBC statements;
    0 nanoseconds spent executing 0 JDBC batches;
    0 nanoseconds spent performing 0 L2C puts;
    0 nanoseconds spent performing 0 L2C hits;
    0 nanoseconds spent performing 0 L2C misses;
    0 nanoseconds spent executing 0 flushes (flushing a total of 0 entities and 0 collections);
    0 nanoseconds spent executing 0 partial-flushes (flushing a total of 0 entities and 0 collections)
}
2025-08-06 17:54:38.768  INFO 3856983 --- [  restartedMain] i.StatisticalLoggingSessionEventListener : Session Metrics {
    0 nanoseconds spent acquiring 0 JDBC connections;
    0 nanoseconds spent releasing 0 JDBC connections;
    0 nanoseconds spent preparing 0 JDBC statements;
    0 nanoseconds spent executing 0 JDBC statements;
    0 nanoseconds spent executing 0 JDBC batches;
    0 nanoseconds spent performing 0 L2C puts;
    0 nanoseconds spent performing 0 L2C hits;
    0 nanoseconds spent performing 0 L2C misses;
    0 nanoseconds spent executing 0 flushes (flushing a total of 0 entities and 0 collections);
    0 nanoseconds spent executing 0 partial-flushes (flushing a total of 0 entities and 0 collections)
}
2025-08-06 17:54:38.769  INFO 3856983 --- [  restartedMain] i.StatisticalLoggingSessionEventListener : Session Metrics {
    0 nanoseconds spent acquiring 0 JDBC connections;
    0 nanoseconds spent releasing 0 JDBC connections;
    0 nanoseconds spent preparing 0 JDBC statements;
    0 nanoseconds spent executing 0 JDBC statements;
    0 nanoseconds spent executing 0 JDBC batches;
    0 nanoseconds spent performing 0 L2C puts;
    0 nanoseconds spent performing 0 L2C hits;
    0 nanoseconds spent performing 0 L2C misses;
    0 nanoseconds spent executing 0 flushes (flushing a total of 0 entities and 0 collections);
    0 nanoseconds spent executing 0 partial-flushes (flushing a total of 0 entities and 0 collections)
}
2025-08-06 17:54:38.770  INFO 3856983 --- [  restartedMain] i.StatisticalLoggingSessionEventListener : Session Metrics {
    0 nanoseconds spent acquiring 0 JDBC connections;
    0 nanoseconds spent releasing 0 JDBC connections;
    0 nanoseconds spent preparing 0 JDBC statements;
    0 nanoseconds spent executing 0 JDBC statements;
    0 nanoseconds spent executing 0 JDBC batches;
    0 nanoseconds spent performing 0 L2C puts;
    0 nanoseconds spent performing 0 L2C hits;
    0 nanoseconds spent performing 0 L2C misses;
    0 nanoseconds spent executing 0 flushes (flushing a total of 0 entities and 0 collections);
    0 nanoseconds spent executing 0 partial-flushes (flushing a total of 0 entities and 0 collections)
}
2025-08-06 17:54:38.770  INFO 3856983 --- [  restartedMain] i.StatisticalLoggingSessionEventListener : Session Metrics {
    0 nanoseconds spent acquiring 0 JDBC connections;
    0 nanoseconds spent releasing 0 JDBC connections;
    0 nanoseconds spent preparing 0 JDBC statements;
    0 nanoseconds spent executing 0 JDBC statements;
    0 nanoseconds spent executing 0 JDBC batches;
    0 nanoseconds spent performing 0 L2C puts;
    0 nanoseconds spent performing 0 L2C hits;
    0 nanoseconds spent performing 0 L2C misses;
    0 nanoseconds spent executing 0 flushes (flushing a total of 0 entities and 0 collections);
    0 nanoseconds spent executing 0 partial-flushes (flushing a total of 0 entities and 0 collections)
}
2025-08-06 17:54:38.770  INFO 3856983 --- [  restartedMain] i.StatisticalLoggingSessionEventListener : Session Metrics {
    0 nanoseconds spent acquiring 0 JDBC connections;
    0 nanoseconds spent releasing 0 JDBC connections;
    0 nanoseconds spent preparing 0 JDBC statements;
    0 nanoseconds spent executing 0 JDBC statements;
    0 nanoseconds spent executing 0 JDBC batches;
    0 nanoseconds spent performing 0 L2C puts;
    0 nanoseconds spent performing 0 L2C hits;
    0 nanoseconds spent performing 0 L2C misses;
    0 nanoseconds spent executing 0 flushes (flushing a total of 0 entities and 0 collections);
    0 nanoseconds spent executing 0 partial-flushes (flushing a total of 0 entities and 0 collections)
}
2025-08-06 17:54:38.771  INFO 3856983 --- [  restartedMain] i.StatisticalLoggingSessionEventListener : Session Metrics {
    0 nanoseconds spent acquiring 0 JDBC connections;
    0 nanoseconds spent releasing 0 JDBC connections;
    0 nanoseconds spent preparing 0 JDBC statements;
    0 nanoseconds spent executing 0 JDBC statements;
    0 nanoseconds spent executing 0 JDBC batches;
    0 nanoseconds spent performing 0 L2C puts;
    0 nanoseconds spent performing 0 L2C hits;
    0 nanoseconds spent performing 0 L2C misses;
    0 nanoseconds spent executing 0 flushes (flushing a total of 0 entities and 0 collections);
    0 nanoseconds spent executing 0 partial-flushes (flushing a total of 0 entities and 0 collections)
}
2025-08-06 17:54:38.771  INFO 3856983 --- [  restartedMain] i.StatisticalLoggingSessionEventListener : Session Metrics {
    0 nanoseconds spent acquiring 0 JDBC connections;
    0 nanoseconds spent releasing 0 JDBC connections;
    0 nanoseconds spent preparing 0 JDBC statements;
    0 nanoseconds spent executing 0 JDBC statements;
    0 nanoseconds spent executing 0 JDBC batches;
    0 nanoseconds spent performing 0 L2C puts;
    0 nanoseconds spent performing 0 L2C hits;
    0 nanoseconds spent performing 0 L2C misses;
    0 nanoseconds spent executing 0 flushes (flushing a total of 0 entities and 0 collections);
    0 nanoseconds spent executing 0 partial-flushes (flushing a total of 0 entities and 0 collections)
}
2025-08-06 17:54:38.771  INFO 3856983 --- [  restartedMain] i.StatisticalLoggingSessionEventListener : Session Metrics {
    0 nanoseconds spent acquiring 0 JDBC connections;
    0 nanoseconds spent releasing 0 JDBC connections;
    0 nanoseconds spent preparing 0 JDBC statements;
    0 nanoseconds spent executing 0 JDBC statements;
    0 nanoseconds spent executing 0 JDBC batches;
    0 nanoseconds spent performing 0 L2C puts;
    0 nanoseconds spent performing 0 L2C hits;
    0 nanoseconds spent performing 0 L2C misses;
    0 nanoseconds spent executing 0 flushes (flushing a total of 0 entities and 0 collections);
    0 nanoseconds spent executing 0 partial-flushes (flushing a total of 0 entities and 0 collections)
}
2025-08-06 17:54:38.772  INFO 3856983 --- [  restartedMain] i.StatisticalLoggingSessionEventListener : Session Metrics {
    0 nanoseconds spent acquiring 0 JDBC connections;
    0 nanoseconds spent releasing 0 JDBC connections;
    0 nanoseconds spent preparing 0 JDBC statements;
    0 nanoseconds spent executing 0 JDBC statements;
    0 nanoseconds spent executing 0 JDBC batches;
    0 nanoseconds spent performing 0 L2C puts;
    0 nanoseconds spent performing 0 L2C hits;
    0 nanoseconds spent performing 0 L2C misses;
    0 nanoseconds spent executing 0 flushes (flushing a total of 0 entities and 0 collections);
    0 nanoseconds spent executing 0 partial-flushes (flushing a total of 0 entities and 0 collections)
}
2025-08-06 17:54:38.772  INFO 3856983 --- [  restartedMain] i.StatisticalLoggingSessionEventListener : Session Metrics {
    0 nanoseconds spent acquiring 0 JDBC connections;
    0 nanoseconds spent releasing 0 JDBC connections;
    0 nanoseconds spent preparing 0 JDBC statements;
    0 nanoseconds spent executing 0 JDBC statements;
    0 nanoseconds spent executing 0 JDBC batches;
    0 nanoseconds spent performing 0 L2C puts;
    0 nanoseconds spent performing 0 L2C hits;
    0 nanoseconds spent performing 0 L2C misses;
    0 nanoseconds spent executing 0 flushes (flushing a total of 0 entities and 0 collections);
    0 nanoseconds spent executing 0 partial-flushes (flushing a total of 0 entities and 0 collections)
}
2025-08-06 17:54:38.773  INFO 3856983 --- [  restartedMain] i.StatisticalLoggingSessionEventListener : Session Metrics {
    0 nanoseconds spent acquiring 0 JDBC connections;
    0 nanoseconds spent releasing 0 JDBC connections;
    0 nanoseconds spent preparing 0 JDBC statements;
    0 nanoseconds spent executing 0 JDBC statements;
    0 nanoseconds spent executing 0 JDBC batches;
    0 nanoseconds spent performing 0 L2C puts;
    0 nanoseconds spent performing 0 L2C hits;
    0 nanoseconds spent performing 0 L2C misses;
    0 nanoseconds spent executing 0 flushes (flushing a total of 0 entities and 0 collections);
    0 nanoseconds spent executing 0 partial-flushes (flushing a total of 0 entities and 0 collections)
}
2025-08-06 17:54:38.773  INFO 3856983 --- [  restartedMain] i.StatisticalLoggingSessionEventListener : Session Metrics {
    0 nanoseconds spent acquiring 0 JDBC connections;
    0 nanoseconds spent releasing 0 JDBC connections;
    0 nanoseconds spent preparing 0 JDBC statements;
    0 nanoseconds spent executing 0 JDBC statements;
    0 nanoseconds spent executing 0 JDBC batches;
    0 nanoseconds spent performing 0 L2C puts;
    0 nanoseconds spent performing 0 L2C hits;
    0 nanoseconds spent performing 0 L2C misses;
    0 nanoseconds spent executing 0 flushes (flushing a total of 0 entities and 0 collections);
    0 nanoseconds spent executing 0 partial-flushes (flushing a total of 0 entities and 0 collections)
}
2025-08-06 17:54:38.774  INFO 3856983 --- [  restartedMain] i.StatisticalLoggingSessionEventListener : Session Metrics {
    0 nanoseconds spent acquiring 0 JDBC connections;
    0 nanoseconds spent releasing 0 JDBC connections;
    0 nanoseconds spent preparing 0 JDBC statements;
    0 nanoseconds spent executing 0 JDBC statements;
    0 nanoseconds spent executing 0 JDBC batches;
    0 nanoseconds spent performing 0 L2C puts;
    0 nanoseconds spent performing 0 L2C hits;
    0 nanoseconds spent performing 0 L2C misses;
    0 nanoseconds spent executing 0 flushes (flushing a total of 0 entities and 0 collections);
    0 nanoseconds spent executing 0 partial-flushes (flushing a total of 0 entities and 0 collections)
}
2025-08-06 17:54:38.775  INFO 3856983 --- [  restartedMain] i.StatisticalLoggingSessionEventListener : Session Metrics {
    0 nanoseconds spent acquiring 0 JDBC connections;
    0 nanoseconds spent releasing 0 JDBC connections;
    0 nanoseconds spent preparing 0 JDBC statements;
    0 nanoseconds spent executing 0 JDBC statements;
    0 nanoseconds spent executing 0 JDBC batches;
    0 nanoseconds spent performing 0 L2C puts;
    0 nanoseconds spent performing 0 L2C hits;
    0 nanoseconds spent performing 0 L2C misses;
    0 nanoseconds spent executing 0 flushes (flushing a total of 0 entities and 0 collections);
    0 nanoseconds spent executing 0 partial-flushes (flushing a total of 0 entities and 0 collections)
}
2025-08-06 17:54:38.775  INFO 3856983 --- [  restartedMain] i.StatisticalLoggingSessionEventListener : Session Metrics {
    0 nanoseconds spent acquiring 0 JDBC connections;
    0 nanoseconds spent releasing 0 JDBC connections;
    0 nanoseconds spent preparing 0 JDBC statements;
    0 nanoseconds spent executing 0 JDBC statements;
    0 nanoseconds spent executing 0 JDBC batches;
    0 nanoseconds spent performing 0 L2C puts;
    0 nanoseconds spent performing 0 L2C hits;
    0 nanoseconds spent performing 0 L2C misses;
    0 nanoseconds spent executing 0 flushes (flushing a total of 0 entities and 0 collections);
    0 nanoseconds spent executing 0 partial-flushes (flushing a total of 0 entities and 0 collections)
}
2025-08-06 17:54:38.777  INFO 3856983 --- [  restartedMain] i.StatisticalLoggingSessionEventListener : Session Metrics {
    0 nanoseconds spent acquiring 0 JDBC connections;
    0 nanoseconds spent releasing 0 JDBC connections;
    0 nanoseconds spent preparing 0 JDBC statements;
    0 nanoseconds spent executing 0 JDBC statements;
    0 nanoseconds spent executing 0 JDBC batches;
    0 nanoseconds spent performing 0 L2C puts;
    0 nanoseconds spent performing 0 L2C hits;
    0 nanoseconds spent performing 0 L2C misses;
    0 nanoseconds spent executing 0 flushes (flushing a total of 0 entities and 0 collections);
    0 nanoseconds spent executing 0 partial-flushes (flushing a total of 0 entities and 0 collections)
}
2025-08-06 17:54:38.778  INFO 3856983 --- [  restartedMain] i.StatisticalLoggingSessionEventListener : Session Metrics {
    0 nanoseconds spent acquiring 0 JDBC connections;
    0 nanoseconds spent releasing 0 JDBC connections;
    0 nanoseconds spent preparing 0 JDBC statements;
    0 nanoseconds spent executing 0 JDBC statements;
    0 nanoseconds spent executing 0 JDBC batches;
    0 nanoseconds spent performing 0 L2C puts;
    0 nanoseconds spent performing 0 L2C hits;
    0 nanoseconds spent performing 0 L2C misses;
    0 nanoseconds spent executing 0 flushes (flushing a total of 0 entities and 0 collections);
    0 nanoseconds spent executing 0 partial-flushes (flushing a total of 0 entities and 0 collections)
}
2025-08-06 17:54:38.778  INFO 3856983 --- [  restartedMain] i.StatisticalLoggingSessionEventListener : Session Metrics {
    0 nanoseconds spent acquiring 0 JDBC connections;
    0 nanoseconds spent releasing 0 JDBC connections;
    0 nanoseconds spent preparing 0 JDBC statements;
    0 nanoseconds spent executing 0 JDBC statements;
    0 nanoseconds spent executing 0 JDBC batches;
    0 nanoseconds spent performing 0 L2C puts;
    0 nanoseconds spent performing 0 L2C hits;
    0 nanoseconds spent performing 0 L2C misses;
    0 nanoseconds spent executing 0 flushes (flushing a total of 0 entities and 0 collections);
    0 nanoseconds spent executing 0 partial-flushes (flushing a total of 0 entities and 0 collections)
}
2025-08-06 17:54:38.779  INFO 3856983 --- [  restartedMain] i.StatisticalLoggingSessionEventListener : Session Metrics {
    0 nanoseconds spent acquiring 0 JDBC connections;
    0 nanoseconds spent releasing 0 JDBC connections;
    0 nanoseconds spent preparing 0 JDBC statements;
    0 nanoseconds spent executing 0 JDBC statements;
    0 nanoseconds spent executing 0 JDBC batches;
    0 nanoseconds spent performing 0 L2C puts;
    0 nanoseconds spent performing 0 L2C hits;
    0 nanoseconds spent performing 0 L2C misses;
    0 nanoseconds spent executing 0 flushes (flushing a total of 0 entities and 0 collections);
    0 nanoseconds spent executing 0 partial-flushes (flushing a total of 0 entities and 0 collections)
}
2025-08-06 17:54:38.780  INFO 3856983 --- [  restartedMain] i.StatisticalLoggingSessionEventListener : Session Metrics {
    0 nanoseconds spent acquiring 0 JDBC connections;
    0 nanoseconds spent releasing 0 JDBC connections;
    0 nanoseconds spent preparing 0 JDBC statements;
    0 nanoseconds spent executing 0 JDBC statements;
    0 nanoseconds spent executing 0 JDBC batches;
    0 nanoseconds spent performing 0 L2C puts;
    0 nanoseconds spent performing 0 L2C hits;
    0 nanoseconds spent performing 0 L2C misses;
    0 nanoseconds spent executing 0 flushes (flushing a total of 0 entities and 0 collections);
    0 nanoseconds spent executing 0 partial-flushes (flushing a total of 0 entities and 0 collections)
}
2025-08-06 17:54:38.780  INFO 3856983 --- [  restartedMain] i.StatisticalLoggingSessionEventListener : Session Metrics {
    0 nanoseconds spent acquiring 0 JDBC connections;
    0 nanoseconds spent releasing 0 JDBC connections;
    0 nanoseconds spent preparing 0 JDBC statements;
    0 nanoseconds spent executing 0 JDBC statements;
    0 nanoseconds spent executing 0 JDBC batches;
    0 nanoseconds spent performing 0 L2C puts;
    0 nanoseconds spent performing 0 L2C hits;
    0 nanoseconds spent performing 0 L2C misses;
    0 nanoseconds spent executing 0 flushes (flushing a total of 0 entities and 0 collections);
    0 nanoseconds spent executing 0 partial-flushes (flushing a total of 0 entities and 0 collections)
}
2025-08-06 17:54:38.781  INFO 3856983 --- [  restartedMain] i.StatisticalLoggingSessionEventListener : Session Metrics {
    0 nanoseconds spent acquiring 0 JDBC connections;
    0 nanoseconds spent releasing 0 JDBC connections;
    0 nanoseconds spent preparing 0 JDBC statements;
    0 nanoseconds spent executing 0 JDBC statements;
    0 nanoseconds spent executing 0 JDBC batches;
    0 nanoseconds spent performing 0 L2C puts;
    0 nanoseconds spent performing 0 L2C hits;
    0 nanoseconds spent performing 0 L2C misses;
    0 nanoseconds spent executing 0 flushes (flushing a total of 0 entities and 0 collections);
    0 nanoseconds spent executing 0 partial-flushes (flushing a total of 0 entities and 0 collections)
}
2025-08-06 17:54:38.782  INFO 3856983 --- [  restartedMain] i.StatisticalLoggingSessionEventListener : Session Metrics {
    0 nanoseconds spent acquiring 0 JDBC connections;
    0 nanoseconds spent releasing 0 JDBC connections;
    0 nanoseconds spent preparing 0 JDBC statements;
    0 nanoseconds spent executing 0 JDBC statements;
    0 nanoseconds spent executing 0 JDBC batches;
    0 nanoseconds spent performing 0 L2C puts;
    0 nanoseconds spent performing 0 L2C hits;
    0 nanoseconds spent performing 0 L2C misses;
    0 nanoseconds spent executing 0 flushes (flushing a total of 0 entities and 0 collections);
    0 nanoseconds spent executing 0 partial-flushes (flushing a total of 0 entities and 0 collections)
}
2025-08-06 17:54:38.782  INFO 3856983 --- [  restartedMain] i.StatisticalLoggingSessionEventListener : Session Metrics {
    0 nanoseconds spent acquiring 0 JDBC connections;
    0 nanoseconds spent releasing 0 JDBC connections;
    0 nanoseconds spent preparing 0 JDBC statements;
    0 nanoseconds spent executing 0 JDBC statements;
    0 nanoseconds spent executing 0 JDBC batches;
    0 nanoseconds spent performing 0 L2C puts;
    0 nanoseconds spent performing 0 L2C hits;
    0 nanoseconds spent performing 0 L2C misses;
    0 nanoseconds spent executing 0 flushes (flushing a total of 0 entities and 0 collections);
    0 nanoseconds spent executing 0 partial-flushes (flushing a total of 0 entities and 0 collections)
}
2025-08-06 17:54:38.782  INFO 3856983 --- [  restartedMain] i.StatisticalLoggingSessionEventListener : Session Metrics {
    0 nanoseconds spent acquiring 0 JDBC connections;
    0 nanoseconds spent releasing 0 JDBC connections;
    0 nanoseconds spent preparing 0 JDBC statements;
    0 nanoseconds spent executing 0 JDBC statements;
    0 nanoseconds spent executing 0 JDBC batches;
    0 nanoseconds spent performing 0 L2C puts;
    0 nanoseconds spent performing 0 L2C hits;
    0 nanoseconds spent performing 0 L2C misses;
    0 nanoseconds spent executing 0 flushes (flushing a total of 0 entities and 0 collections);
    0 nanoseconds spent executing 0 partial-flushes (flushing a total of 0 entities and 0 collections)
}
2025-08-06 17:54:38.782  INFO 3856983 --- [  restartedMain] i.StatisticalLoggingSessionEventListener : Session Metrics {
    0 nanoseconds spent acquiring 0 JDBC connections;
    0 nanoseconds spent releasing 0 JDBC connections;
    0 nanoseconds spent preparing 0 JDBC statements;
    0 nanoseconds spent executing 0 JDBC statements;
    0 nanoseconds spent executing 0 JDBC batches;
    0 nanoseconds spent performing 0 L2C puts;
    0 nanoseconds spent performing 0 L2C hits;
    0 nanoseconds spent performing 0 L2C misses;
    0 nanoseconds spent executing 0 flushes (flushing a total of 0 entities and 0 collections);
    0 nanoseconds spent executing 0 partial-flushes (flushing a total of 0 entities and 0 collections)
}
2025-08-06 17:54:38.848  INFO 3856983 --- [  restartedMain] i.StatisticalLoggingSessionEventListener : Session Metrics {
    0 nanoseconds spent acquiring 0 JDBC connections;
    0 nanoseconds spent releasing 0 JDBC connections;
    0 nanoseconds spent preparing 0 JDBC statements;
    0 nanoseconds spent executing 0 JDBC statements;
    0 nanoseconds spent executing 0 JDBC batches;
    0 nanoseconds spent performing 0 L2C puts;
    0 nanoseconds spent performing 0 L2C hits;
    0 nanoseconds spent performing 0 L2C misses;
    0 nanoseconds spent executing 0 flushes (flushing a total of 0 entities and 0 collections);
    0 nanoseconds spent executing 0 partial-flushes (flushing a total of 0 entities and 0 collections)
}
2025-08-06 17:54:38.852  INFO 3856983 --- [  restartedMain] i.StatisticalLoggingSessionEventListener : Session Metrics {
    0 nanoseconds spent acquiring 0 JDBC connections;
    0 nanoseconds spent releasing 0 JDBC connections;
    0 nanoseconds spent preparing 0 JDBC statements;
    0 nanoseconds spent executing 0 JDBC statements;
    0 nanoseconds spent executing 0 JDBC batches;
    0 nanoseconds spent performing 0 L2C puts;
    0 nanoseconds spent performing 0 L2C hits;
    0 nanoseconds spent performing 0 L2C misses;
    0 nanoseconds spent executing 0 flushes (flushing a total of 0 entities and 0 collections);
    0 nanoseconds spent executing 0 partial-flushes (flushing a total of 0 entities and 0 collections)
}
2025-08-06 17:54:38.874  INFO 3856983 --- [  restartedMain] i.StatisticalLoggingSessionEventListener : Session Metrics {
    0 nanoseconds spent acquiring 0 JDBC connections;
    0 nanoseconds spent releasing 0 JDBC connections;
    0 nanoseconds spent preparing 0 JDBC statements;
    0 nanoseconds spent executing 0 JDBC statements;
    0 nanoseconds spent executing 0 JDBC batches;
    0 nanoseconds spent performing 0 L2C puts;
    0 nanoseconds spent performing 0 L2C hits;
    0 nanoseconds spent performing 0 L2C misses;
    0 nanoseconds spent executing 0 flushes (flushing a total of 0 entities and 0 collections);
    0 nanoseconds spent executing 0 partial-flushes (flushing a total of 0 entities and 0 collections)
}
2025-08-06 17:54:38.874  INFO 3856983 --- [  restartedMain] i.StatisticalLoggingSessionEventListener : Session Metrics {
    0 nanoseconds spent acquiring 0 JDBC connections;
    0 nanoseconds spent releasing 0 JDBC connections;
    0 nanoseconds spent preparing 0 JDBC statements;
    0 nanoseconds spent executing 0 JDBC statements;
    0 nanoseconds spent executing 0 JDBC batches;
    0 nanoseconds spent performing 0 L2C puts;
    0 nanoseconds spent performing 0 L2C hits;
    0 nanoseconds spent performing 0 L2C misses;
    0 nanoseconds spent executing 0 flushes (flushing a total of 0 entities and 0 collections);
    0 nanoseconds spent executing 0 partial-flushes (flushing a total of 0 entities and 0 collections)
}
2025-08-06 17:54:38.875  INFO 3856983 --- [  restartedMain] i.StatisticalLoggingSessionEventListener : Session Metrics {
    0 nanoseconds spent acquiring 0 JDBC connections;
    0 nanoseconds spent releasing 0 JDBC connections;
    0 nanoseconds spent preparing 0 JDBC statements;
    0 nanoseconds spent executing 0 JDBC statements;
    0 nanoseconds spent executing 0 JDBC batches;
    0 nanoseconds spent performing 0 L2C puts;
    0 nanoseconds spent performing 0 L2C hits;
    0 nanoseconds spent performing 0 L2C misses;
    0 nanoseconds spent executing 0 flushes (flushing a total of 0 entities and 0 collections);
    0 nanoseconds spent executing 0 partial-flushes (flushing a total of 0 entities and 0 collections)
}
2025-08-06 17:54:38.875  INFO 3856983 --- [  restartedMain] i.StatisticalLoggingSessionEventListener : Session Metrics {
    0 nanoseconds spent acquiring 0 JDBC connections;
    0 nanoseconds spent releasing 0 JDBC connections;
    0 nanoseconds spent preparing 0 JDBC statements;
    0 nanoseconds spent executing 0 JDBC statements;
    0 nanoseconds spent executing 0 JDBC batches;
    0 nanoseconds spent performing 0 L2C puts;
    0 nanoseconds spent performing 0 L2C hits;
    0 nanoseconds spent performing 0 L2C misses;
    0 nanoseconds spent executing 0 flushes (flushing a total of 0 entities and 0 collections);
    0 nanoseconds spent executing 0 partial-flushes (flushing a total of 0 entities and 0 collections)
}
2025-08-06 17:54:38.876  INFO 3856983 --- [  restartedMain] i.StatisticalLoggingSessionEventListener : Session Metrics {
    0 nanoseconds spent acquiring 0 JDBC connections;
    0 nanoseconds spent releasing 0 JDBC connections;
    0 nanoseconds spent preparing 0 JDBC statements;
    0 nanoseconds spent executing 0 JDBC statements;
    0 nanoseconds spent executing 0 JDBC batches;
    0 nanoseconds spent performing 0 L2C puts;
    0 nanoseconds spent performing 0 L2C hits;
    0 nanoseconds spent performing 0 L2C misses;
    0 nanoseconds spent executing 0 flushes (flushing a total of 0 entities and 0 collections);
    0 nanoseconds spent executing 0 partial-flushes (flushing a total of 0 entities and 0 collections)
}
2025-08-06 17:54:38.876  INFO 3856983 --- [  restartedMain] i.StatisticalLoggingSessionEventListener : Session Metrics {
    0 nanoseconds spent acquiring 0 JDBC connections;
    0 nanoseconds spent releasing 0 JDBC connections;
    0 nanoseconds spent preparing 0 JDBC statements;
    0 nanoseconds spent executing 0 JDBC statements;
    0 nanoseconds spent executing 0 JDBC batches;
    0 nanoseconds spent performing 0 L2C puts;
    0 nanoseconds spent performing 0 L2C hits;
    0 nanoseconds spent performing 0 L2C misses;
    0 nanoseconds spent executing 0 flushes (flushing a total of 0 entities and 0 collections);
    0 nanoseconds spent executing 0 partial-flushes (flushing a total of 0 entities and 0 collections)
}
2025-08-06 17:54:38.876  INFO 3856983 --- [  restartedMain] i.StatisticalLoggingSessionEventListener : Session Metrics {
    0 nanoseconds spent acquiring 0 JDBC connections;
    0 nanoseconds spent releasing 0 JDBC connections;
    0 nanoseconds spent preparing 0 JDBC statements;
    0 nanoseconds spent executing 0 JDBC statements;
    0 nanoseconds spent executing 0 JDBC batches;
    0 nanoseconds spent performing 0 L2C puts;
    0 nanoseconds spent performing 0 L2C hits;
    0 nanoseconds spent performing 0 L2C misses;
    0 nanoseconds spent executing 0 flushes (flushing a total of 0 entities and 0 collections);
    0 nanoseconds spent executing 0 partial-flushes (flushing a total of 0 entities and 0 collections)
}
2025-08-06 17:54:38.876  INFO 3856983 --- [  restartedMain] i.StatisticalLoggingSessionEventListener : Session Metrics {
    0 nanoseconds spent acquiring 0 JDBC connections;
    0 nanoseconds spent releasing 0 JDBC connections;
    0 nanoseconds spent preparing 0 JDBC statements;
    0 nanoseconds spent executing 0 JDBC statements;
    0 nanoseconds spent executing 0 JDBC batches;
    0 nanoseconds spent performing 0 L2C puts;
    0 nanoseconds spent performing 0 L2C hits;
    0 nanoseconds spent performing 0 L2C misses;
    0 nanoseconds spent executing 0 flushes (flushing a total of 0 entities and 0 collections);
    0 nanoseconds spent executing 0 partial-flushes (flushing a total of 0 entities and 0 collections)
}
2025-08-06 17:54:38.877  INFO 3856983 --- [  restartedMain] i.StatisticalLoggingSessionEventListener : Session Metrics {
    0 nanoseconds spent acquiring 0 JDBC connections;
    0 nanoseconds spent releasing 0 JDBC connections;
    0 nanoseconds spent preparing 0 JDBC statements;
    0 nanoseconds spent executing 0 JDBC statements;
    0 nanoseconds spent executing 0 JDBC batches;
    0 nanoseconds spent performing 0 L2C puts;
    0 nanoseconds spent performing 0 L2C hits;
    0 nanoseconds spent performing 0 L2C misses;
    0 nanoseconds spent executing 0 flushes (flushing a total of 0 entities and 0 collections);
    0 nanoseconds spent executing 0 partial-flushes (flushing a total of 0 entities and 0 collections)
}
2025-08-06 17:54:38.877  INFO 3856983 --- [  restartedMain] i.StatisticalLoggingSessionEventListener : Session Metrics {
    0 nanoseconds spent acquiring 0 JDBC connections;
    0 nanoseconds spent releasing 0 JDBC connections;
    0 nanoseconds spent preparing 0 JDBC statements;
    0 nanoseconds spent executing 0 JDBC statements;
    0 nanoseconds spent executing 0 JDBC batches;
    0 nanoseconds spent performing 0 L2C puts;
    0 nanoseconds spent performing 0 L2C hits;
    0 nanoseconds spent performing 0 L2C misses;
    0 nanoseconds spent executing 0 flushes (flushing a total of 0 entities and 0 collections);
    0 nanoseconds spent executing 0 partial-flushes (flushing a total of 0 entities and 0 collections)
}
2025-08-06 17:54:38.877  INFO 3856983 --- [  restartedMain] i.StatisticalLoggingSessionEventListener : Session Metrics {
    0 nanoseconds spent acquiring 0 JDBC connections;
    0 nanoseconds spent releasing 0 JDBC connections;
    0 nanoseconds spent preparing 0 JDBC statements;
    0 nanoseconds spent executing 0 JDBC statements;
    0 nanoseconds spent executing 0 JDBC batches;
    0 nanoseconds spent performing 0 L2C puts;
    0 nanoseconds spent performing 0 L2C hits;
    0 nanoseconds spent performing 0 L2C misses;
    0 nanoseconds spent executing 0 flushes (flushing a total of 0 entities and 0 collections);
    0 nanoseconds spent executing 0 partial-flushes (flushing a total of 0 entities and 0 collections)
}
2025-08-06 17:54:38.877  INFO 3856983 --- [  restartedMain] i.StatisticalLoggingSessionEventListener : Session Metrics {
    0 nanoseconds spent acquiring 0 JDBC connections;
    0 nanoseconds spent releasing 0 JDBC connections;
    0 nanoseconds spent preparing 0 JDBC statements;
    0 nanoseconds spent executing 0 JDBC statements;
    0 nanoseconds spent executing 0 JDBC batches;
    0 nanoseconds spent performing 0 L2C puts;
    0 nanoseconds spent performing 0 L2C hits;
    0 nanoseconds spent performing 0 L2C misses;
    0 nanoseconds spent executing 0 flushes (flushing a total of 0 entities and 0 collections);
    0 nanoseconds spent executing 0 partial-flushes (flushing a total of 0 entities and 0 collections)
}
2025-08-06 17:54:38.878  INFO 3856983 --- [  restartedMain] i.StatisticalLoggingSessionEventListener : Session Metrics {
    0 nanoseconds spent acquiring 0 JDBC connections;
    0 nanoseconds spent releasing 0 JDBC connections;
    0 nanoseconds spent preparing 0 JDBC statements;
    0 nanoseconds spent executing 0 JDBC statements;
    0 nanoseconds spent executing 0 JDBC batches;
    0 nanoseconds spent performing 0 L2C puts;
    0 nanoseconds spent performing 0 L2C hits;
    0 nanoseconds spent performing 0 L2C misses;
    0 nanoseconds spent executing 0 flushes (flushing a total of 0 entities and 0 collections);
    0 nanoseconds spent executing 0 partial-flushes (flushing a total of 0 entities and 0 collections)
}
2025-08-06 17:54:38.878  INFO 3856983 --- [  restartedMain] i.StatisticalLoggingSessionEventListener : Session Metrics {
    0 nanoseconds spent acquiring 0 JDBC connections;
    0 nanoseconds spent releasing 0 JDBC connections;
    0 nanoseconds spent preparing 0 JDBC statements;
    0 nanoseconds spent executing 0 JDBC statements;
    0 nanoseconds spent executing 0 JDBC batches;
    0 nanoseconds spent performing 0 L2C puts;
    0 nanoseconds spent performing 0 L2C hits;
    0 nanoseconds spent performing 0 L2C misses;
    0 nanoseconds spent executing 0 flushes (flushing a total of 0 entities and 0 collections);
    0 nanoseconds spent executing 0 partial-flushes (flushing a total of 0 entities and 0 collections)
}
2025-08-06 17:54:38.879  INFO 3856983 --- [  restartedMain] i.StatisticalLoggingSessionEventListener : Session Metrics {
    0 nanoseconds spent acquiring 0 JDBC connections;
    0 nanoseconds spent releasing 0 JDBC connections;
    0 nanoseconds spent preparing 0 JDBC statements;
    0 nanoseconds spent executing 0 JDBC statements;
    0 nanoseconds spent executing 0 JDBC batches;
    0 nanoseconds spent performing 0 L2C puts;
    0 nanoseconds spent performing 0 L2C hits;
    0 nanoseconds spent performing 0 L2C misses;
    0 nanoseconds spent executing 0 flushes (flushing a total of 0 entities and 0 collections);
    0 nanoseconds spent executing 0 partial-flushes (flushing a total of 0 entities and 0 collections)
}
2025-08-06 17:54:38.879  INFO 3856983 --- [  restartedMain] i.StatisticalLoggingSessionEventListener : Session Metrics {
    0 nanoseconds spent acquiring 0 JDBC connections;
    0 nanoseconds spent releasing 0 JDBC connections;
    0 nanoseconds spent preparing 0 JDBC statements;
    0 nanoseconds spent executing 0 JDBC statements;
    0 nanoseconds spent executing 0 JDBC batches;
    0 nanoseconds spent performing 0 L2C puts;
    0 nanoseconds spent performing 0 L2C hits;
    0 nanoseconds spent performing 0 L2C misses;
    0 nanoseconds spent executing 0 flushes (flushing a total of 0 entities and 0 collections);
    0 nanoseconds spent executing 0 partial-flushes (flushing a total of 0 entities and 0 collections)
}
2025-08-06 17:54:38.931  INFO 3856983 --- [  restartedMain] i.StatisticalLoggingSessionEventListener : Session Metrics {
    0 nanoseconds spent acquiring 0 JDBC connections;
    0 nanoseconds spent releasing 0 JDBC connections;
    0 nanoseconds spent preparing 0 JDBC statements;
    0 nanoseconds spent executing 0 JDBC statements;
    0 nanoseconds spent executing 0 JDBC batches;
    0 nanoseconds spent performing 0 L2C puts;
    0 nanoseconds spent performing 0 L2C hits;
    0 nanoseconds spent performing 0 L2C misses;
    0 nanoseconds spent executing 0 flushes (flushing a total of 0 entities and 0 collections);
    0 nanoseconds spent executing 0 partial-flushes (flushing a total of 0 entities and 0 collections)
}
2025-08-06 17:54:38.931  INFO 3856983 --- [  restartedMain] i.StatisticalLoggingSessionEventListener : Session Metrics {
    0 nanoseconds spent acquiring 0 JDBC connections;
    0 nanoseconds spent releasing 0 JDBC connections;
    0 nanoseconds spent preparing 0 JDBC statements;
    0 nanoseconds spent executing 0 JDBC statements;
    0 nanoseconds spent executing 0 JDBC batches;
    0 nanoseconds spent performing 0 L2C puts;
    0 nanoseconds spent performing 0 L2C hits;
    0 nanoseconds spent performing 0 L2C misses;
    0 nanoseconds spent executing 0 flushes (flushing a total of 0 entities and 0 collections);
    0 nanoseconds spent executing 0 partial-flushes (flushing a total of 0 entities and 0 collections)
}
2025-08-06 17:54:38.944  INFO 3856983 --- [  restartedMain] i.StatisticalLoggingSessionEventListener : Session Metrics {
    0 nanoseconds spent acquiring 0 JDBC connections;
    0 nanoseconds spent releasing 0 JDBC connections;
    0 nanoseconds spent preparing 0 JDBC statements;
    0 nanoseconds spent executing 0 JDBC statements;
    0 nanoseconds spent executing 0 JDBC batches;
    0 nanoseconds spent performing 0 L2C puts;
    0 nanoseconds spent performing 0 L2C hits;
    0 nanoseconds spent performing 0 L2C misses;
    0 nanoseconds spent executing 0 flushes (flushing a total of 0 entities and 0 collections);
    0 nanoseconds spent executing 0 partial-flushes (flushing a total of 0 entities and 0 collections)
}
2025-08-06 17:54:38.944  INFO 3856983 --- [  restartedMain] i.StatisticalLoggingSessionEventListener : Session Metrics {
    0 nanoseconds spent acquiring 0 JDBC connections;
    0 nanoseconds spent releasing 0 JDBC connections;
    0 nanoseconds spent preparing 0 JDBC statements;
    0 nanoseconds spent executing 0 JDBC statements;
    0 nanoseconds spent executing 0 JDBC batches;
    0 nanoseconds spent performing 0 L2C puts;
    0 nanoseconds spent performing 0 L2C hits;
    0 nanoseconds spent performing 0 L2C misses;
    0 nanoseconds spent executing 0 flushes (flushing a total of 0 entities and 0 collections);
    0 nanoseconds spent executing 0 partial-flushes (flushing a total of 0 entities and 0 collections)
}
2025-08-06 17:54:38.945  INFO 3856983 --- [  restartedMain] i.StatisticalLoggingSessionEventListener : Session Metrics {
    0 nanoseconds spent acquiring 0 JDBC connections;
    0 nanoseconds spent releasing 0 JDBC connections;
    0 nanoseconds spent preparing 0 JDBC statements;
    0 nanoseconds spent executing 0 JDBC statements;
    0 nanoseconds spent executing 0 JDBC batches;
    0 nanoseconds spent performing 0 L2C puts;
    0 nanoseconds spent performing 0 L2C hits;
    0 nanoseconds spent performing 0 L2C misses;
    0 nanoseconds spent executing 0 flushes (flushing a total of 0 entities and 0 collections);
    0 nanoseconds spent executing 0 partial-flushes (flushing a total of 0 entities and 0 collections)
}
2025-08-06 17:54:38.945  INFO 3856983 --- [  restartedMain] i.StatisticalLoggingSessionEventListener : Session Metrics {
    0 nanoseconds spent acquiring 0 JDBC connections;
    0 nanoseconds spent releasing 0 JDBC connections;
    0 nanoseconds spent preparing 0 JDBC statements;
    0 nanoseconds spent executing 0 JDBC statements;
    0 nanoseconds spent executing 0 JDBC batches;
    0 nanoseconds spent performing 0 L2C puts;
    0 nanoseconds spent performing 0 L2C hits;
    0 nanoseconds spent performing 0 L2C misses;
    0 nanoseconds spent executing 0 flushes (flushing a total of 0 entities and 0 collections);
    0 nanoseconds spent executing 0 partial-flushes (flushing a total of 0 entities and 0 collections)
}
2025-08-06 17:54:38.946  INFO 3856983 --- [  restartedMain] i.StatisticalLoggingSessionEventListener : Session Metrics {
    0 nanoseconds spent acquiring 0 JDBC connections;
    0 nanoseconds spent releasing 0 JDBC connections;
    0 nanoseconds spent preparing 0 JDBC statements;
    0 nanoseconds spent executing 0 JDBC statements;
    0 nanoseconds spent executing 0 JDBC batches;
    0 nanoseconds spent performing 0 L2C puts;
    0 nanoseconds spent performing 0 L2C hits;
    0 nanoseconds spent performing 0 L2C misses;
    0 nanoseconds spent executing 0 flushes (flushing a total of 0 entities and 0 collections);
    0 nanoseconds spent executing 0 partial-flushes (flushing a total of 0 entities and 0 collections)
}
2025-08-06 17:54:38.947  INFO 3856983 --- [  restartedMain] i.StatisticalLoggingSessionEventListener : Session Metrics {
    0 nanoseconds spent acquiring 0 JDBC connections;
    0 nanoseconds spent releasing 0 JDBC connections;
    0 nanoseconds spent preparing 0 JDBC statements;
    0 nanoseconds spent executing 0 JDBC statements;
    0 nanoseconds spent executing 0 JDBC batches;
    0 nanoseconds spent performing 0 L2C puts;
    0 nanoseconds spent performing 0 L2C hits;
    0 nanoseconds spent performing 0 L2C misses;
    0 nanoseconds spent executing 0 flushes (flushing a total of 0 entities and 0 collections);
    0 nanoseconds spent executing 0 partial-flushes (flushing a total of 0 entities and 0 collections)
}
2025-08-06 17:54:38.947  INFO 3856983 --- [  restartedMain] i.StatisticalLoggingSessionEventListener : Session Metrics {
    0 nanoseconds spent acquiring 0 JDBC connections;
    0 nanoseconds spent releasing 0 JDBC connections;
    0 nanoseconds spent preparing 0 JDBC statements;
    0 nanoseconds spent executing 0 JDBC statements;
    0 nanoseconds spent executing 0 JDBC batches;
    0 nanoseconds spent performing 0 L2C puts;
    0 nanoseconds spent performing 0 L2C hits;
    0 nanoseconds spent performing 0 L2C misses;
    0 nanoseconds spent executing 0 flushes (flushing a total of 0 entities and 0 collections);
    0 nanoseconds spent executing 0 partial-flushes (flushing a total of 0 entities and 0 collections)
}
2025-08-06 17:54:38.948  INFO 3856983 --- [  restartedMain] i.StatisticalLoggingSessionEventListener : Session Metrics {
    0 nanoseconds spent acquiring 0 JDBC connections;
    0 nanoseconds spent releasing 0 JDBC connections;
    0 nanoseconds spent preparing 0 JDBC statements;
    0 nanoseconds spent executing 0 JDBC statements;
    0 nanoseconds spent executing 0 JDBC batches;
    0 nanoseconds spent performing 0 L2C puts;
    0 nanoseconds spent performing 0 L2C hits;
    0 nanoseconds spent performing 0 L2C misses;
    0 nanoseconds spent executing 0 flushes (flushing a total of 0 entities and 0 collections);
    0 nanoseconds spent executing 0 partial-flushes (flushing a total of 0 entities and 0 collections)
}
2025-08-06 17:54:38.948  INFO 3856983 --- [  restartedMain] i.StatisticalLoggingSessionEventListener : Session Metrics {
    0 nanoseconds spent acquiring 0 JDBC connections;
    0 nanoseconds spent releasing 0 JDBC connections;
    0 nanoseconds spent preparing 0 JDBC statements;
    0 nanoseconds spent executing 0 JDBC statements;
    0 nanoseconds spent executing 0 JDBC batches;
    0 nanoseconds spent performing 0 L2C puts;
    0 nanoseconds spent performing 0 L2C hits;
    0 nanoseconds spent performing 0 L2C misses;
    0 nanoseconds spent executing 0 flushes (flushing a total of 0 entities and 0 collections);
    0 nanoseconds spent executing 0 partial-flushes (flushing a total of 0 entities and 0 collections)
}
2025-08-06 17:54:38.948  INFO 3856983 --- [  restartedMain] i.StatisticalLoggingSessionEventListener : Session Metrics {
    0 nanoseconds spent acquiring 0 JDBC connections;
    0 nanoseconds spent releasing 0 JDBC connections;
    0 nanoseconds spent preparing 0 JDBC statements;
    0 nanoseconds spent executing 0 JDBC statements;
    0 nanoseconds spent executing 0 JDBC batches;
    0 nanoseconds spent performing 0 L2C puts;
    0 nanoseconds spent performing 0 L2C hits;
    0 nanoseconds spent performing 0 L2C misses;
    0 nanoseconds spent executing 0 flushes (flushing a total of 0 entities and 0 collections);
    0 nanoseconds spent executing 0 partial-flushes (flushing a total of 0 entities and 0 collections)
}
2025-08-06 17:54:38.949  INFO 3856983 --- [  restartedMain] i.StatisticalLoggingSessionEventListener : Session Metrics {
    0 nanoseconds spent acquiring 0 JDBC connections;
    0 nanoseconds spent releasing 0 JDBC connections;
    0 nanoseconds spent preparing 0 JDBC statements;
    0 nanoseconds spent executing 0 JDBC statements;
    0 nanoseconds spent executing 0 JDBC batches;
    0 nanoseconds spent performing 0 L2C puts;
    0 nanoseconds spent performing 0 L2C hits;
    0 nanoseconds spent performing 0 L2C misses;
    0 nanoseconds spent executing 0 flushes (flushing a total of 0 entities and 0 collections);
    0 nanoseconds spent executing 0 partial-flushes (flushing a total of 0 entities and 0 collections)
}
2025-08-06 17:54:38.949  INFO 3856983 --- [  restartedMain] i.StatisticalLoggingSessionEventListener : Session Metrics {
    0 nanoseconds spent acquiring 0 JDBC connections;
    0 nanoseconds spent releasing 0 JDBC connections;
    0 nanoseconds spent preparing 0 JDBC statements;
    0 nanoseconds spent executing 0 JDBC statements;
    0 nanoseconds spent executing 0 JDBC batches;
    0 nanoseconds spent performing 0 L2C puts;
    0 nanoseconds spent performing 0 L2C hits;
    0 nanoseconds spent performing 0 L2C misses;
    0 nanoseconds spent executing 0 flushes (flushing a total of 0 entities and 0 collections);
    0 nanoseconds spent executing 0 partial-flushes (flushing a total of 0 entities and 0 collections)
}
2025-08-06 17:54:38.949  INFO 3856983 --- [  restartedMain] i.StatisticalLoggingSessionEventListener : Session Metrics {
    0 nanoseconds spent acquiring 0 JDBC connections;
    0 nanoseconds spent releasing 0 JDBC connections;
    0 nanoseconds spent preparing 0 JDBC statements;
    0 nanoseconds spent executing 0 JDBC statements;
    0 nanoseconds spent executing 0 JDBC batches;
    0 nanoseconds spent performing 0 L2C puts;
    0 nanoseconds spent performing 0 L2C hits;
    0 nanoseconds spent performing 0 L2C misses;
    0 nanoseconds spent executing 0 flushes (flushing a total of 0 entities and 0 collections);
    0 nanoseconds spent executing 0 partial-flushes (flushing a total of 0 entities and 0 collections)
}
2025-08-06 17:54:38.950  INFO 3856983 --- [  restartedMain] i.StatisticalLoggingSessionEventListener : Session Metrics {
    0 nanoseconds spent acquiring 0 JDBC connections;
    0 nanoseconds spent releasing 0 JDBC connections;
    0 nanoseconds spent preparing 0 JDBC statements;
    0 nanoseconds spent executing 0 JDBC statements;
    0 nanoseconds spent executing 0 JDBC batches;
    0 nanoseconds spent performing 0 L2C puts;
    0 nanoseconds spent performing 0 L2C hits;
    0 nanoseconds spent performing 0 L2C misses;
    0 nanoseconds spent executing 0 flushes (flushing a total of 0 entities and 0 collections);
    0 nanoseconds spent executing 0 partial-flushes (flushing a total of 0 entities and 0 collections)
}
2025-08-06 17:54:39.005  INFO 3856983 --- [  restartedMain] i.StatisticalLoggingSessionEventListener : Session Metrics {
    0 nanoseconds spent acquiring 0 JDBC connections;
    0 nanoseconds spent releasing 0 JDBC connections;
    0 nanoseconds spent preparing 0 JDBC statements;
    0 nanoseconds spent executing 0 JDBC statements;
    0 nanoseconds spent executing 0 JDBC batches;
    0 nanoseconds spent performing 0 L2C puts;
    0 nanoseconds spent performing 0 L2C hits;
    0 nanoseconds spent performing 0 L2C misses;
    0 nanoseconds spent executing 0 flushes (flushing a total of 0 entities and 0 collections);
    0 nanoseconds spent executing 0 partial-flushes (flushing a total of 0 entities and 0 collections)
}
2025-08-06 17:54:39.007  INFO 3856983 --- [  restartedMain] i.StatisticalLoggingSessionEventListener : Session Metrics {
    0 nanoseconds spent acquiring 0 JDBC connections;
    0 nanoseconds spent releasing 0 JDBC connections;
    0 nanoseconds spent preparing 0 JDBC statements;
    0 nanoseconds spent executing 0 JDBC statements;
    0 nanoseconds spent executing 0 JDBC batches;
    0 nanoseconds spent performing 0 L2C puts;
    0 nanoseconds spent performing 0 L2C hits;
    0 nanoseconds spent performing 0 L2C misses;
    0 nanoseconds spent executing 0 flushes (flushing a total of 0 entities and 0 collections);
    0 nanoseconds spent executing 0 partial-flushes (flushing a total of 0 entities and 0 collections)
}
2025-08-06 17:54:39.015  INFO 3856983 --- [  restartedMain] i.StatisticalLoggingSessionEventListener : Session Metrics {
    0 nanoseconds spent acquiring 0 JDBC connections;
    0 nanoseconds spent releasing 0 JDBC connections;
    0 nanoseconds spent preparing 0 JDBC statements;
    0 nanoseconds spent executing 0 JDBC statements;
    0 nanoseconds spent executing 0 JDBC batches;
    0 nanoseconds spent performing 0 L2C puts;
    0 nanoseconds spent performing 0 L2C hits;
    0 nanoseconds spent performing 0 L2C misses;
    0 nanoseconds spent executing 0 flushes (flushing a total of 0 entities and 0 collections);
    0 nanoseconds spent executing 0 partial-flushes (flushing a total of 0 entities and 0 collections)
}
2025-08-06 17:54:39.015  INFO 3856983 --- [  restartedMain] i.StatisticalLoggingSessionEventListener : Session Metrics {
    0 nanoseconds spent acquiring 0 JDBC connections;
    0 nanoseconds spent releasing 0 JDBC connections;
    0 nanoseconds spent preparing 0 JDBC statements;
    0 nanoseconds spent executing 0 JDBC statements;
    0 nanoseconds spent executing 0 JDBC batches;
    0 nanoseconds spent performing 0 L2C puts;
    0 nanoseconds spent performing 0 L2C hits;
    0 nanoseconds spent performing 0 L2C misses;
    0 nanoseconds spent executing 0 flushes (flushing a total of 0 entities and 0 collections);
    0 nanoseconds spent executing 0 partial-flushes (flushing a total of 0 entities and 0 collections)
}
2025-08-06 17:54:39.058  INFO 3856983 --- [  restartedMain] c.k.s.i.KispgPaymentServiceImpl          : KISPG Service Initialized. API URL: [https://testapi.kispg.co.kr], MID: [kistest00m]
2025-08-06 17:54:39.241  INFO 3856983 --- [  restartedMain] i.StatisticalLoggingSessionEventListener : Session Metrics {
    0 nanoseconds spent acquiring 0 JDBC connections;
    0 nanoseconds spent releasing 0 JDBC connections;
    0 nanoseconds spent preparing 0 JDBC statements;
    0 nanoseconds spent executing 0 JDBC statements;
    0 nanoseconds spent executing 0 JDBC batches;
    0 nanoseconds spent performing 0 L2C puts;
    0 nanoseconds spent performing 0 L2C hits;
    0 nanoseconds spent performing 0 L2C misses;
    0 nanoseconds spent executing 0 flushes (flushing a total of 0 entities and 0 collections);
    0 nanoseconds spent executing 0 partial-flushes (flushing a total of 0 entities and 0 collections)
}
2025-08-06 17:54:39.266  INFO 3856983 --- [  restartedMain] i.StatisticalLoggingSessionEventListener : Session Metrics {
    0 nanoseconds spent acquiring 0 JDBC connections;
    0 nanoseconds spent releasing 0 JDBC connections;
    0 nanoseconds spent preparing 0 JDBC statements;
    0 nanoseconds spent executing 0 JDBC statements;
    0 nanoseconds spent executing 0 JDBC batches;
    0 nanoseconds spent performing 0 L2C puts;
    0 nanoseconds spent performing 0 L2C hits;
    0 nanoseconds spent performing 0 L2C misses;
    0 nanoseconds spent executing 0 flushes (flushing a total of 0 entities and 0 collections);
    0 nanoseconds spent executing 0 partial-flushes (flushing a total of 0 entities and 0 collections)
}
2025-08-06 17:54:39.277  INFO 3856983 --- [  restartedMain] i.StatisticalLoggingSessionEventListener : Session Metrics {
    0 nanoseconds spent acquiring 0 JDBC connections;
    0 nanoseconds spent releasing 0 JDBC connections;
    0 nanoseconds spent preparing 0 JDBC statements;
    0 nanoseconds spent executing 0 JDBC statements;
    0 nanoseconds spent executing 0 JDBC batches;
    0 nanoseconds spent performing 0 L2C puts;
    0 nanoseconds spent performing 0 L2C hits;
    0 nanoseconds spent performing 0 L2C misses;
    0 nanoseconds spent executing 0 flushes (flushing a total of 0 entities and 0 collections);
    0 nanoseconds spent executing 0 partial-flushes (flushing a total of 0 entities and 0 collections)
}
2025-08-06 17:54:39.278  INFO 3856983 --- [  restartedMain] i.StatisticalLoggingSessionEventListener : Session Metrics {
    0 nanoseconds spent acquiring 0 JDBC connections;
    0 nanoseconds spent releasing 0 JDBC connections;
    0 nanoseconds spent preparing 0 JDBC statements;
    0 nanoseconds spent executing 0 JDBC statements;
    0 nanoseconds spent executing 0 JDBC batches;
    0 nanoseconds spent performing 0 L2C puts;
    0 nanoseconds spent performing 0 L2C hits;
    0 nanoseconds spent performing 0 L2C misses;
    0 nanoseconds spent executing 0 flushes (flushing a total of 0 entities and 0 collections);
    0 nanoseconds spent executing 0 partial-flushes (flushing a total of 0 entities and 0 collections)
}
2025-08-06 17:54:39.279  INFO 3856983 --- [  restartedMain] i.StatisticalLoggingSessionEventListener : Session Metrics {
    0 nanoseconds spent acquiring 0 JDBC connections;
    0 nanoseconds spent releasing 0 JDBC connections;
    0 nanoseconds spent preparing 0 JDBC statements;
    0 nanoseconds spent executing 0 JDBC statements;
    0 nanoseconds spent executing 0 JDBC batches;
    0 nanoseconds spent performing 0 L2C puts;
    0 nanoseconds spent performing 0 L2C hits;
    0 nanoseconds spent performing 0 L2C misses;
    0 nanoseconds spent executing 0 flushes (flushing a total of 0 entities and 0 collections);
    0 nanoseconds spent executing 0 partial-flushes (flushing a total of 0 entities and 0 collections)
}
2025-08-06 17:54:39.279  INFO 3856983 --- [  restartedMain] i.StatisticalLoggingSessionEventListener : Session Metrics {
    0 nanoseconds spent acquiring 0 JDBC connections;
    0 nanoseconds spent releasing 0 JDBC connections;
    0 nanoseconds spent preparing 0 JDBC statements;
    0 nanoseconds spent executing 0 JDBC statements;
    0 nanoseconds spent executing 0 JDBC batches;
    0 nanoseconds spent performing 0 L2C puts;
    0 nanoseconds spent performing 0 L2C hits;
    0 nanoseconds spent performing 0 L2C misses;
    0 nanoseconds spent executing 0 flushes (flushing a total of 0 entities and 0 collections);
    0 nanoseconds spent executing 0 partial-flushes (flushing a total of 0 entities and 0 collections)
}
2025-08-06 17:54:39.281  INFO 3856983 --- [  restartedMain] i.StatisticalLoggingSessionEventListener : Session Metrics {
    0 nanoseconds spent acquiring 0 JDBC connections;
    0 nanoseconds spent releasing 0 JDBC connections;
    0 nanoseconds spent preparing 0 JDBC statements;
    0 nanoseconds spent executing 0 JDBC statements;
    0 nanoseconds spent executing 0 JDBC batches;
    0 nanoseconds spent performing 0 L2C puts;
    0 nanoseconds spent performing 0 L2C hits;
    0 nanoseconds spent performing 0 L2C misses;
    0 nanoseconds spent executing 0 flushes (flushing a total of 0 entities and 0 collections);
    0 nanoseconds spent executing 0 partial-flushes (flushing a total of 0 entities and 0 collections)
}
2025-08-06 17:54:39.283  INFO 3856983 --- [  restartedMain] i.StatisticalLoggingSessionEventListener : Session Metrics {
    0 nanoseconds spent acquiring 0 JDBC connections;
    0 nanoseconds spent releasing 0 JDBC connections;
    0 nanoseconds spent preparing 0 JDBC statements;
    0 nanoseconds spent executing 0 JDBC statements;
    0 nanoseconds spent executing 0 JDBC batches;
    0 nanoseconds spent performing 0 L2C puts;
    0 nanoseconds spent performing 0 L2C hits;
    0 nanoseconds spent performing 0 L2C misses;
    0 nanoseconds spent executing 0 flushes (flushing a total of 0 entities and 0 collections);
    0 nanoseconds spent executing 0 partial-flushes (flushing a total of 0 entities and 0 collections)
}
2025-08-06 17:54:39.284  INFO 3856983 --- [  restartedMain] i.StatisticalLoggingSessionEventListener : Session Metrics {
    0 nanoseconds spent acquiring 0 JDBC connections;
    0 nanoseconds spent releasing 0 JDBC connections;
    0 nanoseconds spent preparing 0 JDBC statements;
    0 nanoseconds spent executing 0 JDBC statements;
    0 nanoseconds spent executing 0 JDBC batches;
    0 nanoseconds spent performing 0 L2C puts;
    0 nanoseconds spent performing 0 L2C hits;
    0 nanoseconds spent performing 0 L2C misses;
    0 nanoseconds spent executing 0 flushes (flushing a total of 0 entities and 0 collections);
    0 nanoseconds spent executing 0 partial-flushes (flushing a total of 0 entities and 0 collections)
}
2025-08-06 17:54:39.284  INFO 3856983 --- [  restartedMain] i.StatisticalLoggingSessionEventListener : Session Metrics {
    0 nanoseconds spent acquiring 0 JDBC connections;
    0 nanoseconds spent releasing 0 JDBC connections;
    0 nanoseconds spent preparing 0 JDBC statements;
    0 nanoseconds spent executing 0 JDBC statements;
    0 nanoseconds spent executing 0 JDBC batches;
    0 nanoseconds spent performing 0 L2C puts;
    0 nanoseconds spent performing 0 L2C hits;
    0 nanoseconds spent performing 0 L2C misses;
    0 nanoseconds spent executing 0 flushes (flushing a total of 0 entities and 0 collections);
    0 nanoseconds spent executing 0 partial-flushes (flushing a total of 0 entities and 0 collections)
}
2025-08-06 17:54:39.287  INFO 3856983 --- [  restartedMain] i.StatisticalLoggingSessionEventListener : Session Metrics {
    0 nanoseconds spent acquiring 0 JDBC connections;
    0 nanoseconds spent releasing 0 JDBC connections;
    0 nanoseconds spent preparing 0 JDBC statements;
    0 nanoseconds spent executing 0 JDBC statements;
    0 nanoseconds spent executing 0 JDBC batches;
    0 nanoseconds spent performing 0 L2C puts;
    0 nanoseconds spent performing 0 L2C hits;
    0 nanoseconds spent performing 0 L2C misses;
    0 nanoseconds spent executing 0 flushes (flushing a total of 0 entities and 0 collections);
    0 nanoseconds spent executing 0 partial-flushes (flushing a total of 0 entities and 0 collections)
}
2025-08-06 17:54:39.288  INFO 3856983 --- [  restartedMain] i.StatisticalLoggingSessionEventListener : Session Metrics {
    0 nanoseconds spent acquiring 0 JDBC connections;
    0 nanoseconds spent releasing 0 JDBC connections;
    0 nanoseconds spent preparing 0 JDBC statements;
    0 nanoseconds spent executing 0 JDBC statements;
    0 nanoseconds spent executing 0 JDBC batches;
    0 nanoseconds spent performing 0 L2C puts;
    0 nanoseconds spent performing 0 L2C hits;
    0 nanoseconds spent performing 0 L2C misses;
    0 nanoseconds spent executing 0 flushes (flushing a total of 0 entities and 0 collections);
    0 nanoseconds spent executing 0 partial-flushes (flushing a total of 0 entities and 0 collections)
}
2025-08-06 17:54:39.289  INFO 3856983 --- [  restartedMain] i.StatisticalLoggingSessionEventListener : Session Metrics {
    0 nanoseconds spent acquiring 0 JDBC connections;
    0 nanoseconds spent releasing 0 JDBC connections;
    0 nanoseconds spent preparing 0 JDBC statements;
    0 nanoseconds spent executing 0 JDBC statements;
    0 nanoseconds spent executing 0 JDBC batches;
    0 nanoseconds spent performing 0 L2C puts;
    0 nanoseconds spent performing 0 L2C hits;
    0 nanoseconds spent performing 0 L2C misses;
    0 nanoseconds spent executing 0 flushes (flushing a total of 0 entities and 0 collections);
    0 nanoseconds spent executing 0 partial-flushes (flushing a total of 0 entities and 0 collections)
}
2025-08-06 17:54:39.289  INFO 3856983 --- [  restartedMain] i.StatisticalLoggingSessionEventListener : Session Metrics {
    0 nanoseconds spent acquiring 0 JDBC connections;
    0 nanoseconds spent releasing 0 JDBC connections;
    0 nanoseconds spent preparing 0 JDBC statements;
    0 nanoseconds spent executing 0 JDBC statements;
    0 nanoseconds spent executing 0 JDBC batches;
    0 nanoseconds spent performing 0 L2C puts;
    0 nanoseconds spent performing 0 L2C hits;
    0 nanoseconds spent performing 0 L2C misses;
    0 nanoseconds spent executing 0 flushes (flushing a total of 0 entities and 0 collections);
    0 nanoseconds spent executing 0 partial-flushes (flushing a total of 0 entities and 0 collections)
}
2025-08-06 17:54:39.290  INFO 3856983 --- [  restartedMain] i.StatisticalLoggingSessionEventListener : Session Metrics {
    0 nanoseconds spent acquiring 0 JDBC connections;
    0 nanoseconds spent releasing 0 JDBC connections;
    0 nanoseconds spent preparing 0 JDBC statements;
    0 nanoseconds spent executing 0 JDBC statements;
    0 nanoseconds spent executing 0 JDBC batches;
    0 nanoseconds spent performing 0 L2C puts;
    0 nanoseconds spent performing 0 L2C hits;
    0 nanoseconds spent performing 0 L2C misses;
    0 nanoseconds spent executing 0 flushes (flushing a total of 0 entities and 0 collections);
    0 nanoseconds spent executing 0 partial-flushes (flushing a total of 0 entities and 0 collections)
}
2025-08-06 17:54:39.291  INFO 3856983 --- [  restartedMain] i.StatisticalLoggingSessionEventListener : Session Metrics {
    0 nanoseconds spent acquiring 0 JDBC connections;
    0 nanoseconds spent releasing 0 JDBC connections;
    0 nanoseconds spent preparing 0 JDBC statements;
    0 nanoseconds spent executing 0 JDBC statements;
    0 nanoseconds spent executing 0 JDBC batches;
    0 nanoseconds spent performing 0 L2C puts;
    0 nanoseconds spent performing 0 L2C hits;
    0 nanoseconds spent performing 0 L2C misses;
    0 nanoseconds spent executing 0 flushes (flushing a total of 0 entities and 0 collections);
    0 nanoseconds spent executing 0 partial-flushes (flushing a total of 0 entities and 0 collections)
}
2025-08-06 17:54:39.291  INFO 3856983 --- [  restartedMain] i.StatisticalLoggingSessionEventListener : Session Metrics {
    0 nanoseconds spent acquiring 0 JDBC connections;
    0 nanoseconds spent releasing 0 JDBC connections;
    0 nanoseconds spent preparing 0 JDBC statements;
    0 nanoseconds spent executing 0 JDBC statements;
    0 nanoseconds spent executing 0 JDBC batches;
    0 nanoseconds spent performing 0 L2C puts;
    0 nanoseconds spent performing 0 L2C hits;
    0 nanoseconds spent performing 0 L2C misses;
    0 nanoseconds spent executing 0 flushes (flushing a total of 0 entities and 0 collections);
    0 nanoseconds spent executing 0 partial-flushes (flushing a total of 0 entities and 0 collections)
}
2025-08-06 17:54:39.291  INFO 3856983 --- [  restartedMain] i.StatisticalLoggingSessionEventListener : Session Metrics {
    0 nanoseconds spent acquiring 0 JDBC connections;
    0 nanoseconds spent releasing 0 JDBC connections;
    0 nanoseconds spent preparing 0 JDBC statements;
    0 nanoseconds spent executing 0 JDBC statements;
    0 nanoseconds spent executing 0 JDBC batches;
    0 nanoseconds spent performing 0 L2C puts;
    0 nanoseconds spent performing 0 L2C hits;
    0 nanoseconds spent performing 0 L2C misses;
    0 nanoseconds spent executing 0 flushes (flushing a total of 0 entities and 0 collections);
    0 nanoseconds spent executing 0 partial-flushes (flushing a total of 0 entities and 0 collections)
}
2025-08-06 17:54:39.292  INFO 3856983 --- [  restartedMain] i.StatisticalLoggingSessionEventListener : Session Metrics {
    0 nanoseconds spent acquiring 0 JDBC connections;
    0 nanoseconds spent releasing 0 JDBC connections;
    0 nanoseconds spent preparing 0 JDBC statements;
    0 nanoseconds spent executing 0 JDBC statements;
    0 nanoseconds spent executing 0 JDBC batches;
    0 nanoseconds spent performing 0 L2C puts;
    0 nanoseconds spent performing 0 L2C hits;
    0 nanoseconds spent performing 0 L2C misses;
    0 nanoseconds spent executing 0 flushes (flushing a total of 0 entities and 0 collections);
    0 nanoseconds spent executing 0 partial-flushes (flushing a total of 0 entities and 0 collections)
}
2025-08-06 17:54:39.293  INFO 3856983 --- [  restartedMain] i.StatisticalLoggingSessionEventListener : Session Metrics {
    0 nanoseconds spent acquiring 0 JDBC connections;
    0 nanoseconds spent releasing 0 JDBC connections;
    0 nanoseconds spent preparing 0 JDBC statements;
    0 nanoseconds spent executing 0 JDBC statements;
    0 nanoseconds spent executing 0 JDBC batches;
    0 nanoseconds spent performing 0 L2C puts;
    0 nanoseconds spent performing 0 L2C hits;
    0 nanoseconds spent performing 0 L2C misses;
    0 nanoseconds spent executing 0 flushes (flushing a total of 0 entities and 0 collections);
    0 nanoseconds spent executing 0 partial-flushes (flushing a total of 0 entities and 0 collections)
}
2025-08-06 17:54:39.294  INFO 3856983 --- [  restartedMain] i.StatisticalLoggingSessionEventListener : Session Metrics {
    0 nanoseconds spent acquiring 0 JDBC connections;
    0 nanoseconds spent releasing 0 JDBC connections;
    0 nanoseconds spent preparing 0 JDBC statements;
    0 nanoseconds spent executing 0 JDBC statements;
    0 nanoseconds spent executing 0 JDBC batches;
    0 nanoseconds spent performing 0 L2C puts;
    0 nanoseconds spent performing 0 L2C hits;
    0 nanoseconds spent performing 0 L2C misses;
    0 nanoseconds spent executing 0 flushes (flushing a total of 0 entities and 0 collections);
    0 nanoseconds spent executing 0 partial-flushes (flushing a total of 0 entities and 0 collections)
}
2025-08-06 17:54:39.295  INFO 3856983 --- [  restartedMain] i.StatisticalLoggingSessionEventListener : Session Metrics {
    0 nanoseconds spent acquiring 0 JDBC connections;
    0 nanoseconds spent releasing 0 JDBC connections;
    0 nanoseconds spent preparing 0 JDBC statements;
    0 nanoseconds spent executing 0 JDBC statements;
    0 nanoseconds spent executing 0 JDBC batches;
    0 nanoseconds spent performing 0 L2C puts;
    0 nanoseconds spent performing 0 L2C hits;
    0 nanoseconds spent performing 0 L2C misses;
    0 nanoseconds spent executing 0 flushes (flushing a total of 0 entities and 0 collections);
    0 nanoseconds spent executing 0 partial-flushes (flushing a total of 0 entities and 0 collections)
}
2025-08-06 17:54:39.295  INFO 3856983 --- [  restartedMain] i.StatisticalLoggingSessionEventListener : Session Metrics {
    0 nanoseconds spent acquiring 0 JDBC connections;
    0 nanoseconds spent releasing 0 JDBC connections;
    0 nanoseconds spent preparing 0 JDBC statements;
    0 nanoseconds spent executing 0 JDBC statements;
    0 nanoseconds spent executing 0 JDBC batches;
    0 nanoseconds spent performing 0 L2C puts;
    0 nanoseconds spent performing 0 L2C hits;
    0 nanoseconds spent performing 0 L2C misses;
    0 nanoseconds spent executing 0 flushes (flushing a total of 0 entities and 0 collections);
    0 nanoseconds spent executing 0 partial-flushes (flushing a total of 0 entities and 0 collections)
}
2025-08-06 17:54:39.296  INFO 3856983 --- [  restartedMain] i.StatisticalLoggingSessionEventListener : Session Metrics {
    0 nanoseconds spent acquiring 0 JDBC connections;
    0 nanoseconds spent releasing 0 JDBC connections;
    0 nanoseconds spent preparing 0 JDBC statements;
    0 nanoseconds spent executing 0 JDBC statements;
    0 nanoseconds spent executing 0 JDBC batches;
    0 nanoseconds spent performing 0 L2C puts;
    0 nanoseconds spent performing 0 L2C hits;
    0 nanoseconds spent performing 0 L2C misses;
    0 nanoseconds spent executing 0 flushes (flushing a total of 0 entities and 0 collections);
    0 nanoseconds spent executing 0 partial-flushes (flushing a total of 0 entities and 0 collections)
}
2025-08-06 17:54:39.297  INFO 3856983 --- [  restartedMain] i.StatisticalLoggingSessionEventListener : Session Metrics {
    0 nanoseconds spent acquiring 0 JDBC connections;
    0 nanoseconds spent releasing 0 JDBC connections;
    0 nanoseconds spent preparing 0 JDBC statements;
    0 nanoseconds spent executing 0 JDBC statements;
    0 nanoseconds spent executing 0 JDBC batches;
    0 nanoseconds spent performing 0 L2C puts;
    0 nanoseconds spent performing 0 L2C hits;
    0 nanoseconds spent performing 0 L2C misses;
    0 nanoseconds spent executing 0 flushes (flushing a total of 0 entities and 0 collections);
    0 nanoseconds spent executing 0 partial-flushes (flushing a total of 0 entities and 0 collections)
}
2025-08-06 17:54:39.297  INFO 3856983 --- [  restartedMain] i.StatisticalLoggingSessionEventListener : Session Metrics {
    0 nanoseconds spent acquiring 0 JDBC connections;
    0 nanoseconds spent releasing 0 JDBC connections;
    0 nanoseconds spent preparing 0 JDBC statements;
    0 nanoseconds spent executing 0 JDBC statements;
    0 nanoseconds spent executing 0 JDBC batches;
    0 nanoseconds spent performing 0 L2C puts;
    0 nanoseconds spent performing 0 L2C hits;
    0 nanoseconds spent performing 0 L2C misses;
    0 nanoseconds spent executing 0 flushes (flushing a total of 0 entities and 0 collections);
    0 nanoseconds spent executing 0 partial-flushes (flushing a total of 0 entities and 0 collections)
}
2025-08-06 17:54:39.297  INFO 3856983 --- [  restartedMain] i.StatisticalLoggingSessionEventListener : Session Metrics {
    0 nanoseconds spent acquiring 0 JDBC connections;
    0 nanoseconds spent releasing 0 JDBC connections;
    0 nanoseconds spent preparing 0 JDBC statements;
    0 nanoseconds spent executing 0 JDBC statements;
    0 nanoseconds spent executing 0 JDBC batches;
    0 nanoseconds spent performing 0 L2C puts;
    0 nanoseconds spent performing 0 L2C hits;
    0 nanoseconds spent performing 0 L2C misses;
    0 nanoseconds spent executing 0 flushes (flushing a total of 0 entities and 0 collections);
    0 nanoseconds spent executing 0 partial-flushes (flushing a total of 0 entities and 0 collections)
}
2025-08-06 17:54:39.299  INFO 3856983 --- [  restartedMain] i.StatisticalLoggingSessionEventListener : Session Metrics {
    0 nanoseconds spent acquiring 0 JDBC connections;
    0 nanoseconds spent releasing 0 JDBC connections;
    0 nanoseconds spent preparing 0 JDBC statements;
    0 nanoseconds spent executing 0 JDBC statements;
    0 nanoseconds spent executing 0 JDBC batches;
    0 nanoseconds spent performing 0 L2C puts;
    0 nanoseconds spent performing 0 L2C hits;
    0 nanoseconds spent performing 0 L2C misses;
    0 nanoseconds spent executing 0 flushes (flushing a total of 0 entities and 0 collections);
    0 nanoseconds spent executing 0 partial-flushes (flushing a total of 0 entities and 0 collections)
}
2025-08-06 17:54:39.300  INFO 3856983 --- [  restartedMain] i.StatisticalLoggingSessionEventListener : Session Metrics {
    0 nanoseconds spent acquiring 0 JDBC connections;
    0 nanoseconds spent releasing 0 JDBC connections;
    0 nanoseconds spent preparing 0 JDBC statements;
    0 nanoseconds spent executing 0 JDBC statements;
    0 nanoseconds spent executing 0 JDBC batches;
    0 nanoseconds spent performing 0 L2C puts;
    0 nanoseconds spent performing 0 L2C hits;
    0 nanoseconds spent performing 0 L2C misses;
    0 nanoseconds spent executing 0 flushes (flushing a total of 0 entities and 0 collections);
    0 nanoseconds spent executing 0 partial-flushes (flushing a total of 0 entities and 0 collections)
}
2025-08-06 17:54:39.300  INFO 3856983 --- [  restartedMain] i.StatisticalLoggingSessionEventListener : Session Metrics {
    0 nanoseconds spent acquiring 0 JDBC connections;
    0 nanoseconds spent releasing 0 JDBC connections;
    0 nanoseconds spent preparing 0 JDBC statements;
    0 nanoseconds spent executing 0 JDBC statements;
    0 nanoseconds spent executing 0 JDBC batches;
    0 nanoseconds spent performing 0 L2C puts;
    0 nanoseconds spent performing 0 L2C hits;
    0 nanoseconds spent performing 0 L2C misses;
    0 nanoseconds spent executing 0 flushes (flushing a total of 0 entities and 0 collections);
    0 nanoseconds spent executing 0 partial-flushes (flushing a total of 0 entities and 0 collections)
}
2025-08-06 17:54:39.300  INFO 3856983 --- [  restartedMain] i.StatisticalLoggingSessionEventListener : Session Metrics {
    0 nanoseconds spent acquiring 0 JDBC connections;
    0 nanoseconds spent releasing 0 JDBC connections;
    0 nanoseconds spent preparing 0 JDBC statements;
    0 nanoseconds spent executing 0 JDBC statements;
    0 nanoseconds spent executing 0 JDBC batches;
    0 nanoseconds spent performing 0 L2C puts;
    0 nanoseconds spent performing 0 L2C hits;
    0 nanoseconds spent performing 0 L2C misses;
    0 nanoseconds spent executing 0 flushes (flushing a total of 0 entities and 0 collections);
    0 nanoseconds spent executing 0 partial-flushes (flushing a total of 0 entities and 0 collections)
}
2025-08-06 17:54:39.301  INFO 3856983 --- [  restartedMain] i.StatisticalLoggingSessionEventListener : Session Metrics {
    0 nanoseconds spent acquiring 0 JDBC connections;
    0 nanoseconds spent releasing 0 JDBC connections;
    0 nanoseconds spent preparing 0 JDBC statements;
    0 nanoseconds spent executing 0 JDBC statements;
    0 nanoseconds spent executing 0 JDBC batches;
    0 nanoseconds spent performing 0 L2C puts;
    0 nanoseconds spent performing 0 L2C hits;
    0 nanoseconds spent performing 0 L2C misses;
    0 nanoseconds spent executing 0 flushes (flushing a total of 0 entities and 0 collections);
    0 nanoseconds spent executing 0 partial-flushes (flushing a total of 0 entities and 0 collections)
}
2025-08-06 17:54:39.301  INFO 3856983 --- [  restartedMain] i.StatisticalLoggingSessionEventListener : Session Metrics {
    0 nanoseconds spent acquiring 0 JDBC connections;
    0 nanoseconds spent releasing 0 JDBC connections;
    0 nanoseconds spent preparing 0 JDBC statements;
    0 nanoseconds spent executing 0 JDBC statements;
    0 nanoseconds spent executing 0 JDBC batches;
    0 nanoseconds spent performing 0 L2C puts;
    0 nanoseconds spent performing 0 L2C hits;
    0 nanoseconds spent performing 0 L2C misses;
    0 nanoseconds spent executing 0 flushes (flushing a total of 0 entities and 0 collections);
    0 nanoseconds spent executing 0 partial-flushes (flushing a total of 0 entities and 0 collections)
}
2025-08-06 17:54:39.301  INFO 3856983 --- [  restartedMain] i.StatisticalLoggingSessionEventListener : Session Metrics {
    0 nanoseconds spent acquiring 0 JDBC connections;
    0 nanoseconds spent releasing 0 JDBC connections;
    0 nanoseconds spent preparing 0 JDBC statements;
    0 nanoseconds spent executing 0 JDBC statements;
    0 nanoseconds spent executing 0 JDBC batches;
    0 nanoseconds spent performing 0 L2C puts;
    0 nanoseconds spent performing 0 L2C hits;
    0 nanoseconds spent performing 0 L2C misses;
    0 nanoseconds spent executing 0 flushes (flushing a total of 0 entities and 0 collections);
    0 nanoseconds spent executing 0 partial-flushes (flushing a total of 0 entities and 0 collections)
}
2025-08-06 17:54:39.302  INFO 3856983 --- [  restartedMain] i.StatisticalLoggingSessionEventListener : Session Metrics {
    0 nanoseconds spent acquiring 0 JDBC connections;
    0 nanoseconds spent releasing 0 JDBC connections;
    0 nanoseconds spent preparing 0 JDBC statements;
    0 nanoseconds spent executing 0 JDBC statements;
    0 nanoseconds spent executing 0 JDBC batches;
    0 nanoseconds spent performing 0 L2C puts;
    0 nanoseconds spent performing 0 L2C hits;
    0 nanoseconds spent performing 0 L2C misses;
    0 nanoseconds spent executing 0 flushes (flushing a total of 0 entities and 0 collections);
    0 nanoseconds spent executing 0 partial-flushes (flushing a total of 0 entities and 0 collections)
}
2025-08-06 17:54:39.302  INFO 3856983 --- [  restartedMain] i.StatisticalLoggingSessionEventListener : Session Metrics {
    0 nanoseconds spent acquiring 0 JDBC connections;
    0 nanoseconds spent releasing 0 JDBC connections;
    0 nanoseconds spent preparing 0 JDBC statements;
    0 nanoseconds spent executing 0 JDBC statements;
    0 nanoseconds spent executing 0 JDBC batches;
    0 nanoseconds spent performing 0 L2C puts;
    0 nanoseconds spent performing 0 L2C hits;
    0 nanoseconds spent performing 0 L2C misses;
    0 nanoseconds spent executing 0 flushes (flushing a total of 0 entities and 0 collections);
    0 nanoseconds spent executing 0 partial-flushes (flushing a total of 0 entities and 0 collections)
}
2025-08-06 17:54:39.302  INFO 3856983 --- [  restartedMain] i.StatisticalLoggingSessionEventListener : Session Metrics {
    0 nanoseconds spent acquiring 0 JDBC connections;
    0 nanoseconds spent releasing 0 JDBC connections;
    0 nanoseconds spent preparing 0 JDBC statements;
    0 nanoseconds spent executing 0 JDBC statements;
    0 nanoseconds spent executing 0 JDBC batches;
    0 nanoseconds spent performing 0 L2C puts;
    0 nanoseconds spent performing 0 L2C hits;
    0 nanoseconds spent performing 0 L2C misses;
    0 nanoseconds spent executing 0 flushes (flushing a total of 0 entities and 0 collections);
    0 nanoseconds spent executing 0 partial-flushes (flushing a total of 0 entities and 0 collections)
}
2025-08-06 17:54:39.303  INFO 3856983 --- [  restartedMain] i.StatisticalLoggingSessionEventListener : Session Metrics {
    0 nanoseconds spent acquiring 0 JDBC connections;
    0 nanoseconds spent releasing 0 JDBC connections;
    0 nanoseconds spent preparing 0 JDBC statements;
    0 nanoseconds spent executing 0 JDBC statements;
    0 nanoseconds spent executing 0 JDBC batches;
    0 nanoseconds spent performing 0 L2C puts;
    0 nanoseconds spent performing 0 L2C hits;
    0 nanoseconds spent performing 0 L2C misses;
    0 nanoseconds spent executing 0 flushes (flushing a total of 0 entities and 0 collections);
    0 nanoseconds spent executing 0 partial-flushes (flushing a total of 0 entities and 0 collections)
}
2025-08-06 17:54:39.304  INFO 3856983 --- [  restartedMain] i.StatisticalLoggingSessionEventListener : Session Metrics {
    0 nanoseconds spent acquiring 0 JDBC connections;
    0 nanoseconds spent releasing 0 JDBC connections;
    0 nanoseconds spent preparing 0 JDBC statements;
    0 nanoseconds spent executing 0 JDBC statements;
    0 nanoseconds spent executing 0 JDBC batches;
    0 nanoseconds spent performing 0 L2C puts;
    0 nanoseconds spent performing 0 L2C hits;
    0 nanoseconds spent performing 0 L2C misses;
    0 nanoseconds spent executing 0 flushes (flushing a total of 0 entities and 0 collections);
    0 nanoseconds spent executing 0 partial-flushes (flushing a total of 0 entities and 0 collections)
}
2025-08-06 17:54:39.304  INFO 3856983 --- [  restartedMain] i.StatisticalLoggingSessionEventListener : Session Metrics {
    0 nanoseconds spent acquiring 0 JDBC connections;
    0 nanoseconds spent releasing 0 JDBC connections;
    0 nanoseconds spent preparing 0 JDBC statements;
    0 nanoseconds spent executing 0 JDBC statements;
    0 nanoseconds spent executing 0 JDBC batches;
    0 nanoseconds spent performing 0 L2C puts;
    0 nanoseconds spent performing 0 L2C hits;
    0 nanoseconds spent performing 0 L2C misses;
    0 nanoseconds spent executing 0 flushes (flushing a total of 0 entities and 0 collections);
    0 nanoseconds spent executing 0 partial-flushes (flushing a total of 0 entities and 0 collections)
}
2025-08-06 17:54:39.305  INFO 3856983 --- [  restartedMain] i.StatisticalLoggingSessionEventListener : Session Metrics {
    0 nanoseconds spent acquiring 0 JDBC connections;
    0 nanoseconds spent releasing 0 JDBC connections;
    0 nanoseconds spent preparing 0 JDBC statements;
    0 nanoseconds spent executing 0 JDBC statements;
    0 nanoseconds spent executing 0 JDBC batches;
    0 nanoseconds spent performing 0 L2C puts;
    0 nanoseconds spent performing 0 L2C hits;
    0 nanoseconds spent performing 0 L2C misses;
    0 nanoseconds spent executing 0 flushes (flushing a total of 0 entities and 0 collections);
    0 nanoseconds spent executing 0 partial-flushes (flushing a total of 0 entities and 0 collections)
}
2025-08-06 17:54:39.307  INFO 3856983 --- [  restartedMain] i.StatisticalLoggingSessionEventListener : Session Metrics {
    0 nanoseconds spent acquiring 0 JDBC connections;
    0 nanoseconds spent releasing 0 JDBC connections;
    0 nanoseconds spent preparing 0 JDBC statements;
    0 nanoseconds spent executing 0 JDBC statements;
    0 nanoseconds spent executing 0 JDBC batches;
    0 nanoseconds spent performing 0 L2C puts;
    0 nanoseconds spent performing 0 L2C hits;
    0 nanoseconds spent performing 0 L2C misses;
    0 nanoseconds spent executing 0 flushes (flushing a total of 0 entities and 0 collections);
    0 nanoseconds spent executing 0 partial-flushes (flushing a total of 0 entities and 0 collections)
}
2025-08-06 17:54:39.308  INFO 3856983 --- [  restartedMain] i.StatisticalLoggingSessionEventListener : Session Metrics {
    0 nanoseconds spent acquiring 0 JDBC connections;
    0 nanoseconds spent releasing 0 JDBC connections;
    0 nanoseconds spent preparing 0 JDBC statements;
    0 nanoseconds spent executing 0 JDBC statements;
    0 nanoseconds spent executing 0 JDBC batches;
    0 nanoseconds spent performing 0 L2C puts;
    0 nanoseconds spent performing 0 L2C hits;
    0 nanoseconds spent performing 0 L2C misses;
    0 nanoseconds spent executing 0 flushes (flushing a total of 0 entities and 0 collections);
    0 nanoseconds spent executing 0 partial-flushes (flushing a total of 0 entities and 0 collections)
}
2025-08-06 17:54:39.308  INFO 3856983 --- [  restartedMain] i.StatisticalLoggingSessionEventListener : Session Metrics {
    0 nanoseconds spent acquiring 0 JDBC connections;
    0 nanoseconds spent releasing 0 JDBC connections;
    0 nanoseconds spent preparing 0 JDBC statements;
    0 nanoseconds spent executing 0 JDBC statements;
    0 nanoseconds spent executing 0 JDBC batches;
    0 nanoseconds spent performing 0 L2C puts;
    0 nanoseconds spent performing 0 L2C hits;
    0 nanoseconds spent performing 0 L2C misses;
    0 nanoseconds spent executing 0 flushes (flushing a total of 0 entities and 0 collections);
    0 nanoseconds spent executing 0 partial-flushes (flushing a total of 0 entities and 0 collections)
}
2025-08-06 17:54:39.310  INFO 3856983 --- [  restartedMain] i.StatisticalLoggingSessionEventListener : Session Metrics {
    0 nanoseconds spent acquiring 0 JDBC connections;
    0 nanoseconds spent releasing 0 JDBC connections;
    0 nanoseconds spent preparing 0 JDBC statements;
    0 nanoseconds spent executing 0 JDBC statements;
    0 nanoseconds spent executing 0 JDBC batches;
    0 nanoseconds spent performing 0 L2C puts;
    0 nanoseconds spent performing 0 L2C hits;
    0 nanoseconds spent performing 0 L2C misses;
    0 nanoseconds spent executing 0 flushes (flushing a total of 0 entities and 0 collections);
    0 nanoseconds spent executing 0 partial-flushes (flushing a total of 0 entities and 0 collections)
}
2025-08-06 17:54:39.310  INFO 3856983 --- [  restartedMain] i.StatisticalLoggingSessionEventListener : Session Metrics {
    0 nanoseconds spent acquiring 0 JDBC connections;
    0 nanoseconds spent releasing 0 JDBC connections;
    0 nanoseconds spent preparing 0 JDBC statements;
    0 nanoseconds spent executing 0 JDBC statements;
    0 nanoseconds spent executing 0 JDBC batches;
    0 nanoseconds spent performing 0 L2C puts;
    0 nanoseconds spent performing 0 L2C hits;
    0 nanoseconds spent performing 0 L2C misses;
    0 nanoseconds spent executing 0 flushes (flushing a total of 0 entities and 0 collections);
    0 nanoseconds spent executing 0 partial-flushes (flushing a total of 0 entities and 0 collections)
}
2025-08-06 17:54:39.311  INFO 3856983 --- [  restartedMain] i.StatisticalLoggingSessionEventListener : Session Metrics {
    0 nanoseconds spent acquiring 0 JDBC connections;
    0 nanoseconds spent releasing 0 JDBC connections;
    0 nanoseconds spent preparing 0 JDBC statements;
    0 nanoseconds spent executing 0 JDBC statements;
    0 nanoseconds spent executing 0 JDBC batches;
    0 nanoseconds spent performing 0 L2C puts;
    0 nanoseconds spent performing 0 L2C hits;
    0 nanoseconds spent performing 0 L2C misses;
    0 nanoseconds spent executing 0 flushes (flushing a total of 0 entities and 0 collections);
    0 nanoseconds spent executing 0 partial-flushes (flushing a total of 0 entities and 0 collections)
}
2025-08-06 17:54:39.312  INFO 3856983 --- [  restartedMain] i.StatisticalLoggingSessionEventListener : Session Metrics {
    0 nanoseconds spent acquiring 0 JDBC connections;
    0 nanoseconds spent releasing 0 JDBC connections;
    0 nanoseconds spent preparing 0 JDBC statements;
    0 nanoseconds spent executing 0 JDBC statements;
    0 nanoseconds spent executing 0 JDBC batches;
    0 nanoseconds spent performing 0 L2C puts;
    0 nanoseconds spent performing 0 L2C hits;
    0 nanoseconds spent performing 0 L2C misses;
    0 nanoseconds spent executing 0 flushes (flushing a total of 0 entities and 0 collections);
    0 nanoseconds spent executing 0 partial-flushes (flushing a total of 0 entities and 0 collections)
}
2025-08-06 17:54:39.313  INFO 3856983 --- [  restartedMain] i.StatisticalLoggingSessionEventListener : Session Metrics {
    0 nanoseconds spent acquiring 0 JDBC connections;
    0 nanoseconds spent releasing 0 JDBC connections;
    0 nanoseconds spent preparing 0 JDBC statements;
    0 nanoseconds spent executing 0 JDBC statements;
    0 nanoseconds spent executing 0 JDBC batches;
    0 nanoseconds spent performing 0 L2C puts;
    0 nanoseconds spent performing 0 L2C hits;
    0 nanoseconds spent performing 0 L2C misses;
    0 nanoseconds spent executing 0 flushes (flushing a total of 0 entities and 0 collections);
    0 nanoseconds spent executing 0 partial-flushes (flushing a total of 0 entities and 0 collections)
}
2025-08-06 17:54:39.313  INFO 3856983 --- [  restartedMain] i.StatisticalLoggingSessionEventListener : Session Metrics {
    0 nanoseconds spent acquiring 0 JDBC connections;
    0 nanoseconds spent releasing 0 JDBC connections;
    0 nanoseconds spent preparing 0 JDBC statements;
    0 nanoseconds spent executing 0 JDBC statements;
    0 nanoseconds spent executing 0 JDBC batches;
    0 nanoseconds spent performing 0 L2C puts;
    0 nanoseconds spent performing 0 L2C hits;
    0 nanoseconds spent performing 0 L2C misses;
    0 nanoseconds spent executing 0 flushes (flushing a total of 0 entities and 0 collections);
    0 nanoseconds spent executing 0 partial-flushes (flushing a total of 0 entities and 0 collections)
}
2025-08-06 17:54:39.313  INFO 3856983 --- [  restartedMain] i.StatisticalLoggingSessionEventListener : Session Metrics {
    0 nanoseconds spent acquiring 0 JDBC connections;
    0 nanoseconds spent releasing 0 JDBC connections;
    0 nanoseconds spent preparing 0 JDBC statements;
    0 nanoseconds spent executing 0 JDBC statements;
    0 nanoseconds spent executing 0 JDBC batches;
    0 nanoseconds spent performing 0 L2C puts;
    0 nanoseconds spent performing 0 L2C hits;
    0 nanoseconds spent performing 0 L2C misses;
    0 nanoseconds spent executing 0 flushes (flushing a total of 0 entities and 0 collections);
    0 nanoseconds spent executing 0 partial-flushes (flushing a total of 0 entities and 0 collections)
}
2025-08-06 17:54:39.314  INFO 3856983 --- [  restartedMain] i.StatisticalLoggingSessionEventListener : Session Metrics {
    0 nanoseconds spent acquiring 0 JDBC connections;
    0 nanoseconds spent releasing 0 JDBC connections;
    0 nanoseconds spent preparing 0 JDBC statements;
    0 nanoseconds spent executing 0 JDBC statements;
    0 nanoseconds spent executing 0 JDBC batches;
    0 nanoseconds spent performing 0 L2C puts;
    0 nanoseconds spent performing 0 L2C hits;
    0 nanoseconds spent performing 0 L2C misses;
    0 nanoseconds spent executing 0 flushes (flushing a total of 0 entities and 0 collections);
    0 nanoseconds spent executing 0 partial-flushes (flushing a total of 0 entities and 0 collections)
}
2025-08-06 17:54:39.315  INFO 3856983 --- [  restartedMain] i.StatisticalLoggingSessionEventListener : Session Metrics {
    0 nanoseconds spent acquiring 0 JDBC connections;
    0 nanoseconds spent releasing 0 JDBC connections;
    0 nanoseconds spent preparing 0 JDBC statements;
    0 nanoseconds spent executing 0 JDBC statements;
    0 nanoseconds spent executing 0 JDBC batches;
    0 nanoseconds spent performing 0 L2C puts;
    0 nanoseconds spent performing 0 L2C hits;
    0 nanoseconds spent performing 0 L2C misses;
    0 nanoseconds spent executing 0 flushes (flushing a total of 0 entities and 0 collections);
    0 nanoseconds spent executing 0 partial-flushes (flushing a total of 0 entities and 0 collections)
}
2025-08-06 17:54:39.315  INFO 3856983 --- [  restartedMain] i.StatisticalLoggingSessionEventListener : Session Metrics {
    0 nanoseconds spent acquiring 0 JDBC connections;
    0 nanoseconds spent releasing 0 JDBC connections;
    0 nanoseconds spent preparing 0 JDBC statements;
    0 nanoseconds spent executing 0 JDBC statements;
    0 nanoseconds spent executing 0 JDBC batches;
    0 nanoseconds spent performing 0 L2C puts;
    0 nanoseconds spent performing 0 L2C hits;
    0 nanoseconds spent performing 0 L2C misses;
    0 nanoseconds spent executing 0 flushes (flushing a total of 0 entities and 0 collections);
    0 nanoseconds spent executing 0 partial-flushes (flushing a total of 0 entities and 0 collections)
}
2025-08-06 17:54:39.315  INFO 3856983 --- [  restartedMain] i.StatisticalLoggingSessionEventListener : Session Metrics {
    0 nanoseconds spent acquiring 0 JDBC connections;
    0 nanoseconds spent releasing 0 JDBC connections;
    0 nanoseconds spent preparing 0 JDBC statements;
    0 nanoseconds spent executing 0 JDBC statements;
    0 nanoseconds spent executing 0 JDBC batches;
    0 nanoseconds spent performing 0 L2C puts;
    0 nanoseconds spent performing 0 L2C hits;
    0 nanoseconds spent performing 0 L2C misses;
    0 nanoseconds spent executing 0 flushes (flushing a total of 0 entities and 0 collections);
    0 nanoseconds spent executing 0 partial-flushes (flushing a total of 0 entities and 0 collections)
}
2025-08-06 17:54:39.316  INFO 3856983 --- [  restartedMain] i.StatisticalLoggingSessionEventListener : Session Metrics {
    0 nanoseconds spent acquiring 0 JDBC connections;
    0 nanoseconds spent releasing 0 JDBC connections;
    0 nanoseconds spent preparing 0 JDBC statements;
    0 nanoseconds spent executing 0 JDBC statements;
    0 nanoseconds spent executing 0 JDBC batches;
    0 nanoseconds spent performing 0 L2C puts;
    0 nanoseconds spent performing 0 L2C hits;
    0 nanoseconds spent performing 0 L2C misses;
    0 nanoseconds spent executing 0 flushes (flushing a total of 0 entities and 0 collections);
    0 nanoseconds spent executing 0 partial-flushes (flushing a total of 0 entities and 0 collections)
}
2025-08-06 17:54:39.318  INFO 3856983 --- [  restartedMain] i.StatisticalLoggingSessionEventListener : Session Metrics {
    0 nanoseconds spent acquiring 0 JDBC connections;
    0 nanoseconds spent releasing 0 JDBC connections;
    0 nanoseconds spent preparing 0 JDBC statements;
    0 nanoseconds spent executing 0 JDBC statements;
    0 nanoseconds spent executing 0 JDBC batches;
    0 nanoseconds spent performing 0 L2C puts;
    0 nanoseconds spent performing 0 L2C hits;
    0 nanoseconds spent performing 0 L2C misses;
    0 nanoseconds spent executing 0 flushes (flushing a total of 0 entities and 0 collections);
    0 nanoseconds spent executing 0 partial-flushes (flushing a total of 0 entities and 0 collections)
}
2025-08-06 17:54:39.362  INFO 3856983 --- [  restartedMain] i.StatisticalLoggingSessionEventListener : Session Metrics {
    0 nanoseconds spent acquiring 0 JDBC connections;
    0 nanoseconds spent releasing 0 JDBC connections;
    0 nanoseconds spent preparing 0 JDBC statements;
    0 nanoseconds spent executing 0 JDBC statements;
    0 nanoseconds spent executing 0 JDBC batches;
    0 nanoseconds spent performing 0 L2C puts;
    0 nanoseconds spent performing 0 L2C hits;
    0 nanoseconds spent performing 0 L2C misses;
    0 nanoseconds spent executing 0 flushes (flushing a total of 0 entities and 0 collections);
    0 nanoseconds spent executing 0 partial-flushes (flushing a total of 0 entities and 0 collections)
}
2025-08-06 17:54:39.362  INFO 3856983 --- [  restartedMain] i.StatisticalLoggingSessionEventListener : Session Metrics {
    0 nanoseconds spent acquiring 0 JDBC connections;
    0 nanoseconds spent releasing 0 JDBC connections;
    0 nanoseconds spent preparing 0 JDBC statements;
    0 nanoseconds spent executing 0 JDBC statements;
    0 nanoseconds spent executing 0 JDBC batches;
    0 nanoseconds spent performing 0 L2C puts;
    0 nanoseconds spent performing 0 L2C hits;
    0 nanoseconds spent performing 0 L2C misses;
    0 nanoseconds spent executing 0 flushes (flushing a total of 0 entities and 0 collections);
    0 nanoseconds spent executing 0 partial-flushes (flushing a total of 0 entities and 0 collections)
}
2025-08-06 17:54:39.370  INFO 3856983 --- [  restartedMain] i.StatisticalLoggingSessionEventListener : Session Metrics {
    0 nanoseconds spent acquiring 0 JDBC connections;
    0 nanoseconds spent releasing 0 JDBC connections;
    0 nanoseconds spent preparing 0 JDBC statements;
    0 nanoseconds spent executing 0 JDBC statements;
    0 nanoseconds spent executing 0 JDBC batches;
    0 nanoseconds spent performing 0 L2C puts;
    0 nanoseconds spent performing 0 L2C hits;
    0 nanoseconds spent performing 0 L2C misses;
    0 nanoseconds spent executing 0 flushes (flushing a total of 0 entities and 0 collections);
    0 nanoseconds spent executing 0 partial-flushes (flushing a total of 0 entities and 0 collections)
}
2025-08-06 17:54:39.370  INFO 3856983 --- [  restartedMain] i.StatisticalLoggingSessionEventListener : Session Metrics {
    0 nanoseconds spent acquiring 0 JDBC connections;
    0 nanoseconds spent releasing 0 JDBC connections;
    0 nanoseconds spent preparing 0 JDBC statements;
    0 nanoseconds spent executing 0 JDBC statements;
    0 nanoseconds spent executing 0 JDBC batches;
    0 nanoseconds spent performing 0 L2C puts;
    0 nanoseconds spent performing 0 L2C hits;
    0 nanoseconds spent performing 0 L2C misses;
    0 nanoseconds spent executing 0 flushes (flushing a total of 0 entities and 0 collections);
    0 nanoseconds spent executing 0 partial-flushes (flushing a total of 0 entities and 0 collections)
}
2025-08-06 17:54:39.371  INFO 3856983 --- [  restartedMain] i.StatisticalLoggingSessionEventListener : Session Metrics {
    0 nanoseconds spent acquiring 0 JDBC connections;
    0 nanoseconds spent releasing 0 JDBC connections;
    0 nanoseconds spent preparing 0 JDBC statements;
    0 nanoseconds spent executing 0 JDBC statements;
    0 nanoseconds spent executing 0 JDBC batches;
    0 nanoseconds spent performing 0 L2C puts;
    0 nanoseconds spent performing 0 L2C hits;
    0 nanoseconds spent performing 0 L2C misses;
    0 nanoseconds spent executing 0 flushes (flushing a total of 0 entities and 0 collections);
    0 nanoseconds spent executing 0 partial-flushes (flushing a total of 0 entities and 0 collections)
}
2025-08-06 17:54:39.372  INFO 3856983 --- [  restartedMain] i.StatisticalLoggingSessionEventListener : Session Metrics {
    0 nanoseconds spent acquiring 0 JDBC connections;
    0 nanoseconds spent releasing 0 JDBC connections;
    0 nanoseconds spent preparing 0 JDBC statements;
    0 nanoseconds spent executing 0 JDBC statements;
    0 nanoseconds spent executing 0 JDBC batches;
    0 nanoseconds spent performing 0 L2C puts;
    0 nanoseconds spent performing 0 L2C hits;
    0 nanoseconds spent performing 0 L2C misses;
    0 nanoseconds spent executing 0 flushes (flushing a total of 0 entities and 0 collections);
    0 nanoseconds spent executing 0 partial-flushes (flushing a total of 0 entities and 0 collections)
}
2025-08-06 17:54:39.372  INFO 3856983 --- [  restartedMain] i.StatisticalLoggingSessionEventListener : Session Metrics {
    0 nanoseconds spent acquiring 0 JDBC connections;
    0 nanoseconds spent releasing 0 JDBC connections;
    0 nanoseconds spent preparing 0 JDBC statements;
    0 nanoseconds spent executing 0 JDBC statements;
    0 nanoseconds spent executing 0 JDBC batches;
    0 nanoseconds spent performing 0 L2C puts;
    0 nanoseconds spent performing 0 L2C hits;
    0 nanoseconds spent performing 0 L2C misses;
    0 nanoseconds spent executing 0 flushes (flushing a total of 0 entities and 0 collections);
    0 nanoseconds spent executing 0 partial-flushes (flushing a total of 0 entities and 0 collections)
}
2025-08-06 17:54:39.373  INFO 3856983 --- [  restartedMain] i.StatisticalLoggingSessionEventListener : Session Metrics {
    0 nanoseconds spent acquiring 0 JDBC connections;
    0 nanoseconds spent releasing 0 JDBC connections;
    0 nanoseconds spent preparing 0 JDBC statements;
    0 nanoseconds spent executing 0 JDBC statements;
    0 nanoseconds spent executing 0 JDBC batches;
    0 nanoseconds spent performing 0 L2C puts;
    0 nanoseconds spent performing 0 L2C hits;
    0 nanoseconds spent performing 0 L2C misses;
    0 nanoseconds spent executing 0 flushes (flushing a total of 0 entities and 0 collections);
    0 nanoseconds spent executing 0 partial-flushes (flushing a total of 0 entities and 0 collections)
}
2025-08-06 17:54:39.374  INFO 3856983 --- [  restartedMain] i.StatisticalLoggingSessionEventListener : Session Metrics {
    0 nanoseconds spent acquiring 0 JDBC connections;
    0 nanoseconds spent releasing 0 JDBC connections;
    0 nanoseconds spent preparing 0 JDBC statements;
    0 nanoseconds spent executing 0 JDBC statements;
    0 nanoseconds spent executing 0 JDBC batches;
    0 nanoseconds spent performing 0 L2C puts;
    0 nanoseconds spent performing 0 L2C hits;
    0 nanoseconds spent performing 0 L2C misses;
    0 nanoseconds spent executing 0 flushes (flushing a total of 0 entities and 0 collections);
    0 nanoseconds spent executing 0 partial-flushes (flushing a total of 0 entities and 0 collections)
}
2025-08-06 17:54:39.374  INFO 3856983 --- [  restartedMain] i.StatisticalLoggingSessionEventListener : Session Metrics {
    0 nanoseconds spent acquiring 0 JDBC connections;
    0 nanoseconds spent releasing 0 JDBC connections;
    0 nanoseconds spent preparing 0 JDBC statements;
    0 nanoseconds spent executing 0 JDBC statements;
    0 nanoseconds spent executing 0 JDBC batches;
    0 nanoseconds spent performing 0 L2C puts;
    0 nanoseconds spent performing 0 L2C hits;
    0 nanoseconds spent performing 0 L2C misses;
    0 nanoseconds spent executing 0 flushes (flushing a total of 0 entities and 0 collections);
    0 nanoseconds spent executing 0 partial-flushes (flushing a total of 0 entities and 0 collections)
}
2025-08-06 17:54:39.375  INFO 3856983 --- [  restartedMain] i.StatisticalLoggingSessionEventListener : Session Metrics {
    0 nanoseconds spent acquiring 0 JDBC connections;
    0 nanoseconds spent releasing 0 JDBC connections;
    0 nanoseconds spent preparing 0 JDBC statements;
    0 nanoseconds spent executing 0 JDBC statements;
    0 nanoseconds spent executing 0 JDBC batches;
    0 nanoseconds spent performing 0 L2C puts;
    0 nanoseconds spent performing 0 L2C hits;
    0 nanoseconds spent performing 0 L2C misses;
    0 nanoseconds spent executing 0 flushes (flushing a total of 0 entities and 0 collections);
    0 nanoseconds spent executing 0 partial-flushes (flushing a total of 0 entities and 0 collections)
}
2025-08-06 17:54:39.375  INFO 3856983 --- [  restartedMain] i.StatisticalLoggingSessionEventListener : Session Metrics {
    0 nanoseconds spent acquiring 0 JDBC connections;
    0 nanoseconds spent releasing 0 JDBC connections;
    0 nanoseconds spent preparing 0 JDBC statements;
    0 nanoseconds spent executing 0 JDBC statements;
    0 nanoseconds spent executing 0 JDBC batches;
    0 nanoseconds spent performing 0 L2C puts;
    0 nanoseconds spent performing 0 L2C hits;
    0 nanoseconds spent performing 0 L2C misses;
    0 nanoseconds spent executing 0 flushes (flushing a total of 0 entities and 0 collections);
    0 nanoseconds spent executing 0 partial-flushes (flushing a total of 0 entities and 0 collections)
}
2025-08-06 17:54:39.375  INFO 3856983 --- [  restartedMain] i.StatisticalLoggingSessionEventListener : Session Metrics {
    0 nanoseconds spent acquiring 0 JDBC connections;
    0 nanoseconds spent releasing 0 JDBC connections;
    0 nanoseconds spent preparing 0 JDBC statements;
    0 nanoseconds spent executing 0 JDBC statements;
    0 nanoseconds spent executing 0 JDBC batches;
    0 nanoseconds spent performing 0 L2C puts;
    0 nanoseconds spent performing 0 L2C hits;
    0 nanoseconds spent performing 0 L2C misses;
    0 nanoseconds spent executing 0 flushes (flushing a total of 0 entities and 0 collections);
    0 nanoseconds spent executing 0 partial-flushes (flushing a total of 0 entities and 0 collections)
}
2025-08-06 17:54:39.413  INFO 3856983 --- [  restartedMain] i.StatisticalLoggingSessionEventListener : Session Metrics {
    0 nanoseconds spent acquiring 0 JDBC connections;
    0 nanoseconds spent releasing 0 JDBC connections;
    0 nanoseconds spent preparing 0 JDBC statements;
    0 nanoseconds spent executing 0 JDBC statements;
    0 nanoseconds spent executing 0 JDBC batches;
    0 nanoseconds spent performing 0 L2C puts;
    0 nanoseconds spent performing 0 L2C hits;
    0 nanoseconds spent performing 0 L2C misses;
    0 nanoseconds spent executing 0 flushes (flushing a total of 0 entities and 0 collections);
    0 nanoseconds spent executing 0 partial-flushes (flushing a total of 0 entities and 0 collections)
}
2025-08-06 17:54:39.413  INFO 3856983 --- [  restartedMain] i.StatisticalLoggingSessionEventListener : Session Metrics {
    0 nanoseconds spent acquiring 0 JDBC connections;
    0 nanoseconds spent releasing 0 JDBC connections;
    0 nanoseconds spent preparing 0 JDBC statements;
    0 nanoseconds spent executing 0 JDBC statements;
    0 nanoseconds spent executing 0 JDBC batches;
    0 nanoseconds spent performing 0 L2C puts;
    0 nanoseconds spent performing 0 L2C hits;
    0 nanoseconds spent performing 0 L2C misses;
    0 nanoseconds spent executing 0 flushes (flushing a total of 0 entities and 0 collections);
    0 nanoseconds spent executing 0 partial-flushes (flushing a total of 0 entities and 0 collections)
}
2025-08-06 17:54:39.423  INFO 3856983 --- [  restartedMain] i.StatisticalLoggingSessionEventListener : Session Metrics {
    0 nanoseconds spent acquiring 0 JDBC connections;
    0 nanoseconds spent releasing 0 JDBC connections;
    0 nanoseconds spent preparing 0 JDBC statements;
    0 nanoseconds spent executing 0 JDBC statements;
    0 nanoseconds spent executing 0 JDBC batches;
    0 nanoseconds spent performing 0 L2C puts;
    0 nanoseconds spent performing 0 L2C hits;
    0 nanoseconds spent performing 0 L2C misses;
    0 nanoseconds spent executing 0 flushes (flushing a total of 0 entities and 0 collections);
    0 nanoseconds spent executing 0 partial-flushes (flushing a total of 0 entities and 0 collections)
}
2025-08-06 17:54:39.423  INFO 3856983 --- [  restartedMain] i.StatisticalLoggingSessionEventListener : Session Metrics {
    0 nanoseconds spent acquiring 0 JDBC connections;
    0 nanoseconds spent releasing 0 JDBC connections;
    0 nanoseconds spent preparing 0 JDBC statements;
    0 nanoseconds spent executing 0 JDBC statements;
    0 nanoseconds spent executing 0 JDBC batches;
    0 nanoseconds spent performing 0 L2C puts;
    0 nanoseconds spent performing 0 L2C hits;
    0 nanoseconds spent performing 0 L2C misses;
    0 nanoseconds spent executing 0 flushes (flushing a total of 0 entities and 0 collections);
    0 nanoseconds spent executing 0 partial-flushes (flushing a total of 0 entities and 0 collections)
}
2025-08-06 17:54:39.423  INFO 3856983 --- [  restartedMain] i.StatisticalLoggingSessionEventListener : Session Metrics {
    0 nanoseconds spent acquiring 0 JDBC connections;
    0 nanoseconds spent releasing 0 JDBC connections;
    0 nanoseconds spent preparing 0 JDBC statements;
    0 nanoseconds spent executing 0 JDBC statements;
    0 nanoseconds spent executing 0 JDBC batches;
    0 nanoseconds spent performing 0 L2C puts;
    0 nanoseconds spent performing 0 L2C hits;
    0 nanoseconds spent performing 0 L2C misses;
    0 nanoseconds spent executing 0 flushes (flushing a total of 0 entities and 0 collections);
    0 nanoseconds spent executing 0 partial-flushes (flushing a total of 0 entities and 0 collections)
}
2025-08-06 17:54:39.424  INFO 3856983 --- [  restartedMain] i.StatisticalLoggingSessionEventListener : Session Metrics {
    0 nanoseconds spent acquiring 0 JDBC connections;
    0 nanoseconds spent releasing 0 JDBC connections;
    0 nanoseconds spent preparing 0 JDBC statements;
    0 nanoseconds spent executing 0 JDBC statements;
    0 nanoseconds spent executing 0 JDBC batches;
    0 nanoseconds spent performing 0 L2C puts;
    0 nanoseconds spent performing 0 L2C hits;
    0 nanoseconds spent performing 0 L2C misses;
    0 nanoseconds spent executing 0 flushes (flushing a total of 0 entities and 0 collections);
    0 nanoseconds spent executing 0 partial-flushes (flushing a total of 0 entities and 0 collections)
}
2025-08-06 17:54:39.424  INFO 3856983 --- [  restartedMain] i.StatisticalLoggingSessionEventListener : Session Metrics {
    0 nanoseconds spent acquiring 0 JDBC connections;
    0 nanoseconds spent releasing 0 JDBC connections;
    0 nanoseconds spent preparing 0 JDBC statements;
    0 nanoseconds spent executing 0 JDBC statements;
    0 nanoseconds spent executing 0 JDBC batches;
    0 nanoseconds spent performing 0 L2C puts;
    0 nanoseconds spent performing 0 L2C hits;
    0 nanoseconds spent performing 0 L2C misses;
    0 nanoseconds spent executing 0 flushes (flushing a total of 0 entities and 0 collections);
    0 nanoseconds spent executing 0 partial-flushes (flushing a total of 0 entities and 0 collections)
}
2025-08-06 17:54:39.425  INFO 3856983 --- [  restartedMain] i.StatisticalLoggingSessionEventListener : Session Metrics {
    0 nanoseconds spent acquiring 0 JDBC connections;
    0 nanoseconds spent releasing 0 JDBC connections;
    0 nanoseconds spent preparing 0 JDBC statements;
    0 nanoseconds spent executing 0 JDBC statements;
    0 nanoseconds spent executing 0 JDBC batches;
    0 nanoseconds spent performing 0 L2C puts;
    0 nanoseconds spent performing 0 L2C hits;
    0 nanoseconds spent performing 0 L2C misses;
    0 nanoseconds spent executing 0 flushes (flushing a total of 0 entities and 0 collections);
    0 nanoseconds spent executing 0 partial-flushes (flushing a total of 0 entities and 0 collections)
}
2025-08-06 17:54:39.425  INFO 3856983 --- [  restartedMain] i.StatisticalLoggingSessionEventListener : Session Metrics {
    0 nanoseconds spent acquiring 0 JDBC connections;
    0 nanoseconds spent releasing 0 JDBC connections;
    0 nanoseconds spent preparing 0 JDBC statements;
    0 nanoseconds spent executing 0 JDBC statements;
    0 nanoseconds spent executing 0 JDBC batches;
    0 nanoseconds spent performing 0 L2C puts;
    0 nanoseconds spent performing 0 L2C hits;
    0 nanoseconds spent performing 0 L2C misses;
    0 nanoseconds spent executing 0 flushes (flushing a total of 0 entities and 0 collections);
    0 nanoseconds spent executing 0 partial-flushes (flushing a total of 0 entities and 0 collections)
}
2025-08-06 17:54:39.425  INFO 3856983 --- [  restartedMain] i.StatisticalLoggingSessionEventListener : Session Metrics {
    0 nanoseconds spent acquiring 0 JDBC connections;
    0 nanoseconds spent releasing 0 JDBC connections;
    0 nanoseconds spent preparing 0 JDBC statements;
    0 nanoseconds spent executing 0 JDBC statements;
    0 nanoseconds spent executing 0 JDBC batches;
    0 nanoseconds spent performing 0 L2C puts;
    0 nanoseconds spent performing 0 L2C hits;
    0 nanoseconds spent performing 0 L2C misses;
    0 nanoseconds spent executing 0 flushes (flushing a total of 0 entities and 0 collections);
    0 nanoseconds spent executing 0 partial-flushes (flushing a total of 0 entities and 0 collections)
}
2025-08-06 17:54:39.425  INFO 3856983 --- [  restartedMain] i.StatisticalLoggingSessionEventListener : Session Metrics {
    0 nanoseconds spent acquiring 0 JDBC connections;
    0 nanoseconds spent releasing 0 JDBC connections;
    0 nanoseconds spent preparing 0 JDBC statements;
    0 nanoseconds spent executing 0 JDBC statements;
    0 nanoseconds spent executing 0 JDBC batches;
    0 nanoseconds spent performing 0 L2C puts;
    0 nanoseconds spent performing 0 L2C hits;
    0 nanoseconds spent performing 0 L2C misses;
    0 nanoseconds spent executing 0 flushes (flushing a total of 0 entities and 0 collections);
    0 nanoseconds spent executing 0 partial-flushes (flushing a total of 0 entities and 0 collections)
}
2025-08-06 17:54:39.426  INFO 3856983 --- [  restartedMain] i.StatisticalLoggingSessionEventListener : Session Metrics {
    0 nanoseconds spent acquiring 0 JDBC connections;
    0 nanoseconds spent releasing 0 JDBC connections;
    0 nanoseconds spent preparing 0 JDBC statements;
    0 nanoseconds spent executing 0 JDBC statements;
    0 nanoseconds spent executing 0 JDBC batches;
    0 nanoseconds spent performing 0 L2C puts;
    0 nanoseconds spent performing 0 L2C hits;
    0 nanoseconds spent performing 0 L2C misses;
    0 nanoseconds spent executing 0 flushes (flushing a total of 0 entities and 0 collections);
    0 nanoseconds spent executing 0 partial-flushes (flushing a total of 0 entities and 0 collections)
}
2025-08-06 17:54:39.426  INFO 3856983 --- [  restartedMain] i.StatisticalLoggingSessionEventListener : Session Metrics {
    0 nanoseconds spent acquiring 0 JDBC connections;
    0 nanoseconds spent releasing 0 JDBC connections;
    0 nanoseconds spent preparing 0 JDBC statements;
    0 nanoseconds spent executing 0 JDBC statements;
    0 nanoseconds spent executing 0 JDBC batches;
    0 nanoseconds spent performing 0 L2C puts;
    0 nanoseconds spent performing 0 L2C hits;
    0 nanoseconds spent performing 0 L2C misses;
    0 nanoseconds spent executing 0 flushes (flushing a total of 0 entities and 0 collections);
    0 nanoseconds spent executing 0 partial-flushes (flushing a total of 0 entities and 0 collections)
}
2025-08-06 17:54:39.475  INFO 3856983 --- [  restartedMain] i.StatisticalLoggingSessionEventListener : Session Metrics {
    0 nanoseconds spent acquiring 0 JDBC connections;
    0 nanoseconds spent releasing 0 JDBC connections;
    0 nanoseconds spent preparing 0 JDBC statements;
    0 nanoseconds spent executing 0 JDBC statements;
    0 nanoseconds spent executing 0 JDBC batches;
    0 nanoseconds spent performing 0 L2C puts;
    0 nanoseconds spent performing 0 L2C hits;
    0 nanoseconds spent performing 0 L2C misses;
    0 nanoseconds spent executing 0 flushes (flushing a total of 0 entities and 0 collections);
    0 nanoseconds spent executing 0 partial-flushes (flushing a total of 0 entities and 0 collections)
}
2025-08-06 17:54:39.475  INFO 3856983 --- [  restartedMain] i.StatisticalLoggingSessionEventListener : Session Metrics {
    0 nanoseconds spent acquiring 0 JDBC connections;
    0 nanoseconds spent releasing 0 JDBC connections;
    0 nanoseconds spent preparing 0 JDBC statements;
    0 nanoseconds spent executing 0 JDBC statements;
    0 nanoseconds spent executing 0 JDBC batches;
    0 nanoseconds spent performing 0 L2C puts;
    0 nanoseconds spent performing 0 L2C hits;
    0 nanoseconds spent performing 0 L2C misses;
    0 nanoseconds spent executing 0 flushes (flushing a total of 0 entities and 0 collections);
    0 nanoseconds spent executing 0 partial-flushes (flushing a total of 0 entities and 0 collections)
}
2025-08-06 17:54:39.483  INFO 3856983 --- [  restartedMain] i.StatisticalLoggingSessionEventListener : Session Metrics {
    0 nanoseconds spent acquiring 0 JDBC connections;
    0 nanoseconds spent releasing 0 JDBC connections;
    0 nanoseconds spent preparing 0 JDBC statements;
    0 nanoseconds spent executing 0 JDBC statements;
    0 nanoseconds spent executing 0 JDBC batches;
    0 nanoseconds spent performing 0 L2C puts;
    0 nanoseconds spent performing 0 L2C hits;
    0 nanoseconds spent performing 0 L2C misses;
    0 nanoseconds spent executing 0 flushes (flushing a total of 0 entities and 0 collections);
    0 nanoseconds spent executing 0 partial-flushes (flushing a total of 0 entities and 0 collections)
}
2025-08-06 17:54:39.483  INFO 3856983 --- [  restartedMain] i.StatisticalLoggingSessionEventListener : Session Metrics {
    0 nanoseconds spent acquiring 0 JDBC connections;
    0 nanoseconds spent releasing 0 JDBC connections;
    0 nanoseconds spent preparing 0 JDBC statements;
    0 nanoseconds spent executing 0 JDBC statements;
    0 nanoseconds spent executing 0 JDBC batches;
    0 nanoseconds spent performing 0 L2C puts;
    0 nanoseconds spent performing 0 L2C hits;
    0 nanoseconds spent performing 0 L2C misses;
    0 nanoseconds spent executing 0 flushes (flushing a total of 0 entities and 0 collections);
    0 nanoseconds spent executing 0 partial-flushes (flushing a total of 0 entities and 0 collections)
}
2025-08-06 17:54:39.521  INFO 3856983 --- [  restartedMain] i.StatisticalLoggingSessionEventListener : Session Metrics {
    0 nanoseconds spent acquiring 0 JDBC connections;
    0 nanoseconds spent releasing 0 JDBC connections;
    0 nanoseconds spent preparing 0 JDBC statements;
    0 nanoseconds spent executing 0 JDBC statements;
    0 nanoseconds spent executing 0 JDBC batches;
    0 nanoseconds spent performing 0 L2C puts;
    0 nanoseconds spent performing 0 L2C hits;
    0 nanoseconds spent performing 0 L2C misses;
    0 nanoseconds spent executing 0 flushes (flushing a total of 0 entities and 0 collections);
    0 nanoseconds spent executing 0 partial-flushes (flushing a total of 0 entities and 0 collections)
}
2025-08-06 17:54:39.521  INFO 3856983 --- [  restartedMain] i.StatisticalLoggingSessionEventListener : Session Metrics {
    0 nanoseconds spent acquiring 0 JDBC connections;
    0 nanoseconds spent releasing 0 JDBC connections;
    0 nanoseconds spent preparing 0 JDBC statements;
    0 nanoseconds spent executing 0 JDBC statements;
    0 nanoseconds spent executing 0 JDBC batches;
    0 nanoseconds spent performing 0 L2C puts;
    0 nanoseconds spent performing 0 L2C hits;
    0 nanoseconds spent performing 0 L2C misses;
    0 nanoseconds spent executing 0 flushes (flushing a total of 0 entities and 0 collections);
    0 nanoseconds spent executing 0 partial-flushes (flushing a total of 0 entities and 0 collections)
}
2025-08-06 17:54:39.533  INFO 3856983 --- [  restartedMain] i.StatisticalLoggingSessionEventListener : Session Metrics {
    0 nanoseconds spent acquiring 0 JDBC connections;
    0 nanoseconds spent releasing 0 JDBC connections;
    0 nanoseconds spent preparing 0 JDBC statements;
    0 nanoseconds spent executing 0 JDBC statements;
    0 nanoseconds spent executing 0 JDBC batches;
    0 nanoseconds spent performing 0 L2C puts;
    0 nanoseconds spent performing 0 L2C hits;
    0 nanoseconds spent performing 0 L2C misses;
    0 nanoseconds spent executing 0 flushes (flushing a total of 0 entities and 0 collections);
    0 nanoseconds spent executing 0 partial-flushes (flushing a total of 0 entities and 0 collections)
}
2025-08-06 17:54:39.533  INFO 3856983 --- [  restartedMain] i.StatisticalLoggingSessionEventListener : Session Metrics {
    0 nanoseconds spent acquiring 0 JDBC connections;
    0 nanoseconds spent releasing 0 JDBC connections;
    0 nanoseconds spent preparing 0 JDBC statements;
    0 nanoseconds spent executing 0 JDBC statements;
    0 nanoseconds spent executing 0 JDBC batches;
    0 nanoseconds spent performing 0 L2C puts;
    0 nanoseconds spent performing 0 L2C hits;
    0 nanoseconds spent performing 0 L2C misses;
    0 nanoseconds spent executing 0 flushes (flushing a total of 0 entities and 0 collections);
    0 nanoseconds spent executing 0 partial-flushes (flushing a total of 0 entities and 0 collections)
}
2025-08-06 17:54:39.534  INFO 3856983 --- [  restartedMain] i.StatisticalLoggingSessionEventListener : Session Metrics {
    0 nanoseconds spent acquiring 0 JDBC connections;
    0 nanoseconds spent releasing 0 JDBC connections;
    0 nanoseconds spent preparing 0 JDBC statements;
    0 nanoseconds spent executing 0 JDBC statements;
    0 nanoseconds spent executing 0 JDBC batches;
    0 nanoseconds spent performing 0 L2C puts;
    0 nanoseconds spent performing 0 L2C hits;
    0 nanoseconds spent performing 0 L2C misses;
    0 nanoseconds spent executing 0 flushes (flushing a total of 0 entities and 0 collections);
    0 nanoseconds spent executing 0 partial-flushes (flushing a total of 0 entities and 0 collections)
}
2025-08-06 17:54:39.534  INFO 3856983 --- [  restartedMain] i.StatisticalLoggingSessionEventListener : Session Metrics {
    0 nanoseconds spent acquiring 0 JDBC connections;
    0 nanoseconds spent releasing 0 JDBC connections;
    0 nanoseconds spent preparing 0 JDBC statements;
    0 nanoseconds spent executing 0 JDBC statements;
    0 nanoseconds spent executing 0 JDBC batches;
    0 nanoseconds spent performing 0 L2C puts;
    0 nanoseconds spent performing 0 L2C hits;
    0 nanoseconds spent performing 0 L2C misses;
    0 nanoseconds spent executing 0 flushes (flushing a total of 0 entities and 0 collections);
    0 nanoseconds spent executing 0 partial-flushes (flushing a total of 0 entities and 0 collections)
}
2025-08-06 17:54:39.535  INFO 3856983 --- [  restartedMain] i.StatisticalLoggingSessionEventListener : Session Metrics {
    0 nanoseconds spent acquiring 0 JDBC connections;
    0 nanoseconds spent releasing 0 JDBC connections;
    0 nanoseconds spent preparing 0 JDBC statements;
    0 nanoseconds spent executing 0 JDBC statements;
    0 nanoseconds spent executing 0 JDBC batches;
    0 nanoseconds spent performing 0 L2C puts;
    0 nanoseconds spent performing 0 L2C hits;
    0 nanoseconds spent performing 0 L2C misses;
    0 nanoseconds spent executing 0 flushes (flushing a total of 0 entities and 0 collections);
    0 nanoseconds spent executing 0 partial-flushes (flushing a total of 0 entities and 0 collections)
}
2025-08-06 17:54:39.535  INFO 3856983 --- [  restartedMain] i.StatisticalLoggingSessionEventListener : Session Metrics {
    0 nanoseconds spent acquiring 0 JDBC connections;
    0 nanoseconds spent releasing 0 JDBC connections;
    0 nanoseconds spent preparing 0 JDBC statements;
    0 nanoseconds spent executing 0 JDBC statements;
    0 nanoseconds spent executing 0 JDBC batches;
    0 nanoseconds spent performing 0 L2C puts;
    0 nanoseconds spent performing 0 L2C hits;
    0 nanoseconds spent performing 0 L2C misses;
    0 nanoseconds spent executing 0 flushes (flushing a total of 0 entities and 0 collections);
    0 nanoseconds spent executing 0 partial-flushes (flushing a total of 0 entities and 0 collections)
}
2025-08-06 17:54:39.535  INFO 3856983 --- [  restartedMain] i.StatisticalLoggingSessionEventListener : Session Metrics {
    0 nanoseconds spent acquiring 0 JDBC connections;
    0 nanoseconds spent releasing 0 JDBC connections;
    0 nanoseconds spent preparing 0 JDBC statements;
    0 nanoseconds spent executing 0 JDBC statements;
    0 nanoseconds spent executing 0 JDBC batches;
    0 nanoseconds spent performing 0 L2C puts;
    0 nanoseconds spent performing 0 L2C hits;
    0 nanoseconds spent performing 0 L2C misses;
    0 nanoseconds spent executing 0 flushes (flushing a total of 0 entities and 0 collections);
    0 nanoseconds spent executing 0 partial-flushes (flushing a total of 0 entities and 0 collections)
}
2025-08-06 17:54:39.536  INFO 3856983 --- [  restartedMain] i.StatisticalLoggingSessionEventListener : Session Metrics {
    0 nanoseconds spent acquiring 0 JDBC connections;
    0 nanoseconds spent releasing 0 JDBC connections;
    0 nanoseconds spent preparing 0 JDBC statements;
    0 nanoseconds spent executing 0 JDBC statements;
    0 nanoseconds spent executing 0 JDBC batches;
    0 nanoseconds spent performing 0 L2C puts;
    0 nanoseconds spent performing 0 L2C hits;
    0 nanoseconds spent performing 0 L2C misses;
    0 nanoseconds spent executing 0 flushes (flushing a total of 0 entities and 0 collections);
    0 nanoseconds spent executing 0 partial-flushes (flushing a total of 0 entities and 0 collections)
}
2025-08-06 17:54:39.574  INFO 3856983 --- [  restartedMain] i.StatisticalLoggingSessionEventListener : Session Metrics {
    0 nanoseconds spent acquiring 0 JDBC connections;
    0 nanoseconds spent releasing 0 JDBC connections;
    0 nanoseconds spent preparing 0 JDBC statements;
    0 nanoseconds spent executing 0 JDBC statements;
    0 nanoseconds spent executing 0 JDBC batches;
    0 nanoseconds spent performing 0 L2C puts;
    0 nanoseconds spent performing 0 L2C hits;
    0 nanoseconds spent performing 0 L2C misses;
    0 nanoseconds spent executing 0 flushes (flushing a total of 0 entities and 0 collections);
    0 nanoseconds spent executing 0 partial-flushes (flushing a total of 0 entities and 0 collections)
}
2025-08-06 17:54:39.574  INFO 3856983 --- [  restartedMain] i.StatisticalLoggingSessionEventListener : Session Metrics {
    0 nanoseconds spent acquiring 0 JDBC connections;
    0 nanoseconds spent releasing 0 JDBC connections;
    0 nanoseconds spent preparing 0 JDBC statements;
    0 nanoseconds spent executing 0 JDBC statements;
    0 nanoseconds spent executing 0 JDBC batches;
    0 nanoseconds spent performing 0 L2C puts;
    0 nanoseconds spent performing 0 L2C hits;
    0 nanoseconds spent performing 0 L2C misses;
    0 nanoseconds spent executing 0 flushes (flushing a total of 0 entities and 0 collections);
    0 nanoseconds spent executing 0 partial-flushes (flushing a total of 0 entities and 0 collections)
}
2025-08-06 17:54:39.593  INFO 3856983 --- [  restartedMain] i.StatisticalLoggingSessionEventListener : Session Metrics {
    0 nanoseconds spent acquiring 0 JDBC connections;
    0 nanoseconds spent releasing 0 JDBC connections;
    0 nanoseconds spent preparing 0 JDBC statements;
    0 nanoseconds spent executing 0 JDBC statements;
    0 nanoseconds spent executing 0 JDBC batches;
    0 nanoseconds spent performing 0 L2C puts;
    0 nanoseconds spent performing 0 L2C hits;
    0 nanoseconds spent performing 0 L2C misses;
    0 nanoseconds spent executing 0 flushes (flushing a total of 0 entities and 0 collections);
    0 nanoseconds spent executing 0 partial-flushes (flushing a total of 0 entities and 0 collections)
}
2025-08-06 17:54:39.593  INFO 3856983 --- [  restartedMain] i.StatisticalLoggingSessionEventListener : Session Metrics {
    0 nanoseconds spent acquiring 0 JDBC connections;
    0 nanoseconds spent releasing 0 JDBC connections;
    0 nanoseconds spent preparing 0 JDBC statements;
    0 nanoseconds spent executing 0 JDBC statements;
    0 nanoseconds spent executing 0 JDBC batches;
    0 nanoseconds spent performing 0 L2C puts;
    0 nanoseconds spent performing 0 L2C hits;
    0 nanoseconds spent performing 0 L2C misses;
    0 nanoseconds spent executing 0 flushes (flushing a total of 0 entities and 0 collections);
    0 nanoseconds spent executing 0 partial-flushes (flushing a total of 0 entities and 0 collections)
}
2025-08-06 17:54:39.594  INFO 3856983 --- [  restartedMain] i.StatisticalLoggingSessionEventListener : Session Metrics {
    0 nanoseconds spent acquiring 0 JDBC connections;
    0 nanoseconds spent releasing 0 JDBC connections;
    0 nanoseconds spent preparing 0 JDBC statements;
    0 nanoseconds spent executing 0 JDBC statements;
    0 nanoseconds spent executing 0 JDBC batches;
    0 nanoseconds spent performing 0 L2C puts;
    0 nanoseconds spent performing 0 L2C hits;
    0 nanoseconds spent performing 0 L2C misses;
    0 nanoseconds spent executing 0 flushes (flushing a total of 0 entities and 0 collections);
    0 nanoseconds spent executing 0 partial-flushes (flushing a total of 0 entities and 0 collections)
}
2025-08-06 17:54:39.594  INFO 3856983 --- [  restartedMain] i.StatisticalLoggingSessionEventListener : Session Metrics {
    0 nanoseconds spent acquiring 0 JDBC connections;
    0 nanoseconds spent releasing 0 JDBC connections;
    0 nanoseconds spent preparing 0 JDBC statements;
    0 nanoseconds spent executing 0 JDBC statements;
    0 nanoseconds spent executing 0 JDBC batches;
    0 nanoseconds spent performing 0 L2C puts;
    0 nanoseconds spent performing 0 L2C hits;
    0 nanoseconds spent performing 0 L2C misses;
    0 nanoseconds spent executing 0 flushes (flushing a total of 0 entities and 0 collections);
    0 nanoseconds spent executing 0 partial-flushes (flushing a total of 0 entities and 0 collections)
}
2025-08-06 17:54:39.594  INFO 3856983 --- [  restartedMain] i.StatisticalLoggingSessionEventListener : Session Metrics {
    0 nanoseconds spent acquiring 0 JDBC connections;
    0 nanoseconds spent releasing 0 JDBC connections;
    0 nanoseconds spent preparing 0 JDBC statements;
    0 nanoseconds spent executing 0 JDBC statements;
    0 nanoseconds spent executing 0 JDBC batches;
    0 nanoseconds spent performing 0 L2C puts;
    0 nanoseconds spent performing 0 L2C hits;
    0 nanoseconds spent performing 0 L2C misses;
    0 nanoseconds spent executing 0 flushes (flushing a total of 0 entities and 0 collections);
    0 nanoseconds spent executing 0 partial-flushes (flushing a total of 0 entities and 0 collections)
}
2025-08-06 17:54:39.594  INFO 3856983 --- [  restartedMain] i.StatisticalLoggingSessionEventListener : Session Metrics {
    0 nanoseconds spent acquiring 0 JDBC connections;
    0 nanoseconds spent releasing 0 JDBC connections;
    0 nanoseconds spent preparing 0 JDBC statements;
    0 nanoseconds spent executing 0 JDBC statements;
    0 nanoseconds spent executing 0 JDBC batches;
    0 nanoseconds spent performing 0 L2C puts;
    0 nanoseconds spent performing 0 L2C hits;
    0 nanoseconds spent performing 0 L2C misses;
    0 nanoseconds spent executing 0 flushes (flushing a total of 0 entities and 0 collections);
    0 nanoseconds spent executing 0 partial-flushes (flushing a total of 0 entities and 0 collections)
}
2025-08-06 17:54:39.594  INFO 3856983 --- [  restartedMain] i.StatisticalLoggingSessionEventListener : Session Metrics {
    0 nanoseconds spent acquiring 0 JDBC connections;
    0 nanoseconds spent releasing 0 JDBC connections;
    0 nanoseconds spent preparing 0 JDBC statements;
    0 nanoseconds spent executing 0 JDBC statements;
    0 nanoseconds spent executing 0 JDBC batches;
    0 nanoseconds spent performing 0 L2C puts;
    0 nanoseconds spent performing 0 L2C hits;
    0 nanoseconds spent performing 0 L2C misses;
    0 nanoseconds spent executing 0 flushes (flushing a total of 0 entities and 0 collections);
    0 nanoseconds spent executing 0 partial-flushes (flushing a total of 0 entities and 0 collections)
}
2025-08-06 17:54:39.595  INFO 3856983 --- [  restartedMain] i.StatisticalLoggingSessionEventListener : Session Metrics {
    0 nanoseconds spent acquiring 0 JDBC connections;
    0 nanoseconds spent releasing 0 JDBC connections;
    0 nanoseconds spent preparing 0 JDBC statements;
    0 nanoseconds spent executing 0 JDBC statements;
    0 nanoseconds spent executing 0 JDBC batches;
    0 nanoseconds spent performing 0 L2C puts;
    0 nanoseconds spent performing 0 L2C hits;
    0 nanoseconds spent performing 0 L2C misses;
    0 nanoseconds spent executing 0 flushes (flushing a total of 0 entities and 0 collections);
    0 nanoseconds spent executing 0 partial-flushes (flushing a total of 0 entities and 0 collections)
}
2025-08-06 17:54:39.595  INFO 3856983 --- [  restartedMain] i.StatisticalLoggingSessionEventListener : Session Metrics {
    0 nanoseconds spent acquiring 0 JDBC connections;
    0 nanoseconds spent releasing 0 JDBC connections;
    0 nanoseconds spent preparing 0 JDBC statements;
    0 nanoseconds spent executing 0 JDBC statements;
    0 nanoseconds spent executing 0 JDBC batches;
    0 nanoseconds spent performing 0 L2C puts;
    0 nanoseconds spent performing 0 L2C hits;
    0 nanoseconds spent performing 0 L2C misses;
    0 nanoseconds spent executing 0 flushes (flushing a total of 0 entities and 0 collections);
    0 nanoseconds spent executing 0 partial-flushes (flushing a total of 0 entities and 0 collections)
}
2025-08-06 17:54:39.595  INFO 3856983 --- [  restartedMain] i.StatisticalLoggingSessionEventListener : Session Metrics {
    0 nanoseconds spent acquiring 0 JDBC connections;
    0 nanoseconds spent releasing 0 JDBC connections;
    0 nanoseconds spent preparing 0 JDBC statements;
    0 nanoseconds spent executing 0 JDBC statements;
    0 nanoseconds spent executing 0 JDBC batches;
    0 nanoseconds spent performing 0 L2C puts;
    0 nanoseconds spent performing 0 L2C hits;
    0 nanoseconds spent performing 0 L2C misses;
    0 nanoseconds spent executing 0 flushes (flushing a total of 0 entities and 0 collections);
    0 nanoseconds spent executing 0 partial-flushes (flushing a total of 0 entities and 0 collections)
}
2025-08-06 17:54:39.597  INFO 3856983 --- [  restartedMain] i.StatisticalLoggingSessionEventListener : Session Metrics {
    0 nanoseconds spent acquiring 0 JDBC connections;
    0 nanoseconds spent releasing 0 JDBC connections;
    0 nanoseconds spent preparing 0 JDBC statements;
    0 nanoseconds spent executing 0 JDBC statements;
    0 nanoseconds spent executing 0 JDBC batches;
    0 nanoseconds spent performing 0 L2C puts;
    0 nanoseconds spent performing 0 L2C hits;
    0 nanoseconds spent performing 0 L2C misses;
    0 nanoseconds spent executing 0 flushes (flushing a total of 0 entities and 0 collections);
    0 nanoseconds spent executing 0 partial-flushes (flushing a total of 0 entities and 0 collections)
}
2025-08-06 17:54:39.597  INFO 3856983 --- [  restartedMain] i.StatisticalLoggingSessionEventListener : Session Metrics {
    0 nanoseconds spent acquiring 0 JDBC connections;
    0 nanoseconds spent releasing 0 JDBC connections;
    0 nanoseconds spent preparing 0 JDBC statements;
    0 nanoseconds spent executing 0 JDBC statements;
    0 nanoseconds spent executing 0 JDBC batches;
    0 nanoseconds spent performing 0 L2C puts;
    0 nanoseconds spent performing 0 L2C hits;
    0 nanoseconds spent performing 0 L2C misses;
    0 nanoseconds spent executing 0 flushes (flushing a total of 0 entities and 0 collections);
    0 nanoseconds spent executing 0 partial-flushes (flushing a total of 0 entities and 0 collections)
}
2025-08-06 17:54:39.597  INFO 3856983 --- [  restartedMain] i.StatisticalLoggingSessionEventListener : Session Metrics {
    0 nanoseconds spent acquiring 0 JDBC connections;
    0 nanoseconds spent releasing 0 JDBC connections;
    0 nanoseconds spent preparing 0 JDBC statements;
    0 nanoseconds spent executing 0 JDBC statements;
    0 nanoseconds spent executing 0 JDBC batches;
    0 nanoseconds spent performing 0 L2C puts;
    0 nanoseconds spent performing 0 L2C hits;
    0 nanoseconds spent performing 0 L2C misses;
    0 nanoseconds spent executing 0 flushes (flushing a total of 0 entities and 0 collections);
    0 nanoseconds spent executing 0 partial-flushes (flushing a total of 0 entities and 0 collections)
}
2025-08-06 17:54:39.598  INFO 3856983 --- [  restartedMain] i.StatisticalLoggingSessionEventListener : Session Metrics {
    0 nanoseconds spent acquiring 0 JDBC connections;
    0 nanoseconds spent releasing 0 JDBC connections;
    0 nanoseconds spent preparing 0 JDBC statements;
    0 nanoseconds spent executing 0 JDBC statements;
    0 nanoseconds spent executing 0 JDBC batches;
    0 nanoseconds spent performing 0 L2C puts;
    0 nanoseconds spent performing 0 L2C hits;
    0 nanoseconds spent performing 0 L2C misses;
    0 nanoseconds spent executing 0 flushes (flushing a total of 0 entities and 0 collections);
    0 nanoseconds spent executing 0 partial-flushes (flushing a total of 0 entities and 0 collections)
}
2025-08-06 17:54:39.598  INFO 3856983 --- [  restartedMain] i.StatisticalLoggingSessionEventListener : Session Metrics {
    0 nanoseconds spent acquiring 0 JDBC connections;
    0 nanoseconds spent releasing 0 JDBC connections;
    0 nanoseconds spent preparing 0 JDBC statements;
    0 nanoseconds spent executing 0 JDBC statements;
    0 nanoseconds spent executing 0 JDBC batches;
    0 nanoseconds spent performing 0 L2C puts;
    0 nanoseconds spent performing 0 L2C hits;
    0 nanoseconds spent performing 0 L2C misses;
    0 nanoseconds spent executing 0 flushes (flushing a total of 0 entities and 0 collections);
    0 nanoseconds spent executing 0 partial-flushes (flushing a total of 0 entities and 0 collections)
}
2025-08-06 17:54:39.598  INFO 3856983 --- [  restartedMain] i.StatisticalLoggingSessionEventListener : Session Metrics {
    0 nanoseconds spent acquiring 0 JDBC connections;
    0 nanoseconds spent releasing 0 JDBC connections;
    0 nanoseconds spent preparing 0 JDBC statements;
    0 nanoseconds spent executing 0 JDBC statements;
    0 nanoseconds spent executing 0 JDBC batches;
    0 nanoseconds spent performing 0 L2C puts;
    0 nanoseconds spent performing 0 L2C hits;
    0 nanoseconds spent performing 0 L2C misses;
    0 nanoseconds spent executing 0 flushes (flushing a total of 0 entities and 0 collections);
    0 nanoseconds spent executing 0 partial-flushes (flushing a total of 0 entities and 0 collections)
}
2025-08-06 17:54:39.598  INFO 3856983 --- [  restartedMain] i.StatisticalLoggingSessionEventListener : Session Metrics {
    0 nanoseconds spent acquiring 0 JDBC connections;
    0 nanoseconds spent releasing 0 JDBC connections;
    0 nanoseconds spent preparing 0 JDBC statements;
    0 nanoseconds spent executing 0 JDBC statements;
    0 nanoseconds spent executing 0 JDBC batches;
    0 nanoseconds spent performing 0 L2C puts;
    0 nanoseconds spent performing 0 L2C hits;
    0 nanoseconds spent performing 0 L2C misses;
    0 nanoseconds spent executing 0 flushes (flushing a total of 0 entities and 0 collections);
    0 nanoseconds spent executing 0 partial-flushes (flushing a total of 0 entities and 0 collections)
}
2025-08-06 17:54:39.599  INFO 3856983 --- [  restartedMain] i.StatisticalLoggingSessionEventListener : Session Metrics {
    0 nanoseconds spent acquiring 0 JDBC connections;
    0 nanoseconds spent releasing 0 JDBC connections;
    0 nanoseconds spent preparing 0 JDBC statements;
    0 nanoseconds spent executing 0 JDBC statements;
    0 nanoseconds spent executing 0 JDBC batches;
    0 nanoseconds spent performing 0 L2C puts;
    0 nanoseconds spent performing 0 L2C hits;
    0 nanoseconds spent performing 0 L2C misses;
    0 nanoseconds spent executing 0 flushes (flushing a total of 0 entities and 0 collections);
    0 nanoseconds spent executing 0 partial-flushes (flushing a total of 0 entities and 0 collections)
}
2025-08-06 17:54:39.599  INFO 3856983 --- [  restartedMain] i.StatisticalLoggingSessionEventListener : Session Metrics {
    0 nanoseconds spent acquiring 0 JDBC connections;
    0 nanoseconds spent releasing 0 JDBC connections;
    0 nanoseconds spent preparing 0 JDBC statements;
    0 nanoseconds spent executing 0 JDBC statements;
    0 nanoseconds spent executing 0 JDBC batches;
    0 nanoseconds spent performing 0 L2C puts;
    0 nanoseconds spent performing 0 L2C hits;
    0 nanoseconds spent performing 0 L2C misses;
    0 nanoseconds spent executing 0 flushes (flushing a total of 0 entities and 0 collections);
    0 nanoseconds spent executing 0 partial-flushes (flushing a total of 0 entities and 0 collections)
}
2025-08-06 17:54:39.600  INFO 3856983 --- [  restartedMain] i.StatisticalLoggingSessionEventListener : Session Metrics {
    0 nanoseconds spent acquiring 0 JDBC connections;
    0 nanoseconds spent releasing 0 JDBC connections;
    0 nanoseconds spent preparing 0 JDBC statements;
    0 nanoseconds spent executing 0 JDBC statements;
    0 nanoseconds spent executing 0 JDBC batches;
    0 nanoseconds spent performing 0 L2C puts;
    0 nanoseconds spent performing 0 L2C hits;
    0 nanoseconds spent performing 0 L2C misses;
    0 nanoseconds spent executing 0 flushes (flushing a total of 0 entities and 0 collections);
    0 nanoseconds spent executing 0 partial-flushes (flushing a total of 0 entities and 0 collections)
}
2025-08-06 17:54:39.600  INFO 3856983 --- [  restartedMain] i.StatisticalLoggingSessionEventListener : Session Metrics {
    0 nanoseconds spent acquiring 0 JDBC connections;
    0 nanoseconds spent releasing 0 JDBC connections;
    0 nanoseconds spent preparing 0 JDBC statements;
    0 nanoseconds spent executing 0 JDBC statements;
    0 nanoseconds spent executing 0 JDBC batches;
    0 nanoseconds spent performing 0 L2C puts;
    0 nanoseconds spent performing 0 L2C hits;
    0 nanoseconds spent performing 0 L2C misses;
    0 nanoseconds spent executing 0 flushes (flushing a total of 0 entities and 0 collections);
    0 nanoseconds spent executing 0 partial-flushes (flushing a total of 0 entities and 0 collections)
}
2025-08-06 17:54:39.600  INFO 3856983 --- [  restartedMain] i.StatisticalLoggingSessionEventListener : Session Metrics {
    0 nanoseconds spent acquiring 0 JDBC connections;
    0 nanoseconds spent releasing 0 JDBC connections;
    0 nanoseconds spent preparing 0 JDBC statements;
    0 nanoseconds spent executing 0 JDBC statements;
    0 nanoseconds spent executing 0 JDBC batches;
    0 nanoseconds spent performing 0 L2C puts;
    0 nanoseconds spent performing 0 L2C hits;
    0 nanoseconds spent performing 0 L2C misses;
    0 nanoseconds spent executing 0 flushes (flushing a total of 0 entities and 0 collections);
    0 nanoseconds spent executing 0 partial-flushes (flushing a total of 0 entities and 0 collections)
}
2025-08-06 17:54:39.600  INFO 3856983 --- [  restartedMain] i.StatisticalLoggingSessionEventListener : Session Metrics {
    0 nanoseconds spent acquiring 0 JDBC connections;
    0 nanoseconds spent releasing 0 JDBC connections;
    0 nanoseconds spent preparing 0 JDBC statements;
    0 nanoseconds spent executing 0 JDBC statements;
    0 nanoseconds spent executing 0 JDBC batches;
    0 nanoseconds spent performing 0 L2C puts;
    0 nanoseconds spent performing 0 L2C hits;
    0 nanoseconds spent performing 0 L2C misses;
    0 nanoseconds spent executing 0 flushes (flushing a total of 0 entities and 0 collections);
    0 nanoseconds spent executing 0 partial-flushes (flushing a total of 0 entities and 0 collections)
}
2025-08-06 17:54:39.601  INFO 3856983 --- [  restartedMain] i.StatisticalLoggingSessionEventListener : Session Metrics {
    0 nanoseconds spent acquiring 0 JDBC connections;
    0 nanoseconds spent releasing 0 JDBC connections;
    0 nanoseconds spent preparing 0 JDBC statements;
    0 nanoseconds spent executing 0 JDBC statements;
    0 nanoseconds spent executing 0 JDBC batches;
    0 nanoseconds spent performing 0 L2C puts;
    0 nanoseconds spent performing 0 L2C hits;
    0 nanoseconds spent performing 0 L2C misses;
    0 nanoseconds spent executing 0 flushes (flushing a total of 0 entities and 0 collections);
    0 nanoseconds spent executing 0 partial-flushes (flushing a total of 0 entities and 0 collections)
}
2025-08-06 17:54:39.601  INFO 3856983 --- [  restartedMain] i.StatisticalLoggingSessionEventListener : Session Metrics {
    0 nanoseconds spent acquiring 0 JDBC connections;
    0 nanoseconds spent releasing 0 JDBC connections;
    0 nanoseconds spent preparing 0 JDBC statements;
    0 nanoseconds spent executing 0 JDBC statements;
    0 nanoseconds spent executing 0 JDBC batches;
    0 nanoseconds spent performing 0 L2C puts;
    0 nanoseconds spent performing 0 L2C hits;
    0 nanoseconds spent performing 0 L2C misses;
    0 nanoseconds spent executing 0 flushes (flushing a total of 0 entities and 0 collections);
    0 nanoseconds spent executing 0 partial-flushes (flushing a total of 0 entities and 0 collections)
}
2025-08-06 17:54:39.650  INFO 3856983 --- [  restartedMain] i.StatisticalLoggingSessionEventListener : Session Metrics {
    0 nanoseconds spent acquiring 0 JDBC connections;
    0 nanoseconds spent releasing 0 JDBC connections;
    0 nanoseconds spent preparing 0 JDBC statements;
    0 nanoseconds spent executing 0 JDBC statements;
    0 nanoseconds spent executing 0 JDBC batches;
    0 nanoseconds spent performing 0 L2C puts;
    0 nanoseconds spent performing 0 L2C hits;
    0 nanoseconds spent performing 0 L2C misses;
    0 nanoseconds spent executing 0 flushes (flushing a total of 0 entities and 0 collections);
    0 nanoseconds spent executing 0 partial-flushes (flushing a total of 0 entities and 0 collections)
}
2025-08-06 17:54:39.653  INFO 3856983 --- [  restartedMain] i.StatisticalLoggingSessionEventListener : Session Metrics {
    0 nanoseconds spent acquiring 0 JDBC connections;
    0 nanoseconds spent releasing 0 JDBC connections;
    0 nanoseconds spent preparing 0 JDBC statements;
    0 nanoseconds spent executing 0 JDBC statements;
    0 nanoseconds spent executing 0 JDBC batches;
    0 nanoseconds spent performing 0 L2C puts;
    0 nanoseconds spent performing 0 L2C hits;
    0 nanoseconds spent performing 0 L2C misses;
    0 nanoseconds spent executing 0 flushes (flushing a total of 0 entities and 0 collections);
    0 nanoseconds spent executing 0 partial-flushes (flushing a total of 0 entities and 0 collections)
}
2025-08-06 17:54:39.661  INFO 3856983 --- [  restartedMain] i.StatisticalLoggingSessionEventListener : Session Metrics {
    0 nanoseconds spent acquiring 0 JDBC connections;
    0 nanoseconds spent releasing 0 JDBC connections;
    0 nanoseconds spent preparing 0 JDBC statements;
    0 nanoseconds spent executing 0 JDBC statements;
    0 nanoseconds spent executing 0 JDBC batches;
    0 nanoseconds spent performing 0 L2C puts;
    0 nanoseconds spent performing 0 L2C hits;
    0 nanoseconds spent performing 0 L2C misses;
    0 nanoseconds spent executing 0 flushes (flushing a total of 0 entities and 0 collections);
    0 nanoseconds spent executing 0 partial-flushes (flushing a total of 0 entities and 0 collections)
}
2025-08-06 17:54:39.661  INFO 3856983 --- [  restartedMain] i.StatisticalLoggingSessionEventListener : Session Metrics {
    0 nanoseconds spent acquiring 0 JDBC connections;
    0 nanoseconds spent releasing 0 JDBC connections;
    0 nanoseconds spent preparing 0 JDBC statements;
    0 nanoseconds spent executing 0 JDBC statements;
    0 nanoseconds spent executing 0 JDBC batches;
    0 nanoseconds spent performing 0 L2C puts;
    0 nanoseconds spent performing 0 L2C hits;
    0 nanoseconds spent performing 0 L2C misses;
    0 nanoseconds spent executing 0 flushes (flushing a total of 0 entities and 0 collections);
    0 nanoseconds spent executing 0 partial-flushes (flushing a total of 0 entities and 0 collections)
}
2025-08-06 17:54:39.662  INFO 3856983 --- [  restartedMain] i.StatisticalLoggingSessionEventListener : Session Metrics {
    0 nanoseconds spent acquiring 0 JDBC connections;
    0 nanoseconds spent releasing 0 JDBC connections;
    0 nanoseconds spent preparing 0 JDBC statements;
    0 nanoseconds spent executing 0 JDBC statements;
    0 nanoseconds spent executing 0 JDBC batches;
    0 nanoseconds spent performing 0 L2C puts;
    0 nanoseconds spent performing 0 L2C hits;
    0 nanoseconds spent performing 0 L2C misses;
    0 nanoseconds spent executing 0 flushes (flushing a total of 0 entities and 0 collections);
    0 nanoseconds spent executing 0 partial-flushes (flushing a total of 0 entities and 0 collections)
}
2025-08-06 17:54:39.662  INFO 3856983 --- [  restartedMain] i.StatisticalLoggingSessionEventListener : Session Metrics {
    0 nanoseconds spent acquiring 0 JDBC connections;
    0 nanoseconds spent releasing 0 JDBC connections;
    0 nanoseconds spent preparing 0 JDBC statements;
    0 nanoseconds spent executing 0 JDBC statements;
    0 nanoseconds spent executing 0 JDBC batches;
    0 nanoseconds spent performing 0 L2C puts;
    0 nanoseconds spent performing 0 L2C hits;
    0 nanoseconds spent performing 0 L2C misses;
    0 nanoseconds spent executing 0 flushes (flushing a total of 0 entities and 0 collections);
    0 nanoseconds spent executing 0 partial-flushes (flushing a total of 0 entities and 0 collections)
}
2025-08-06 17:54:39.662  INFO 3856983 --- [  restartedMain] i.StatisticalLoggingSessionEventListener : Session Metrics {
    0 nanoseconds spent acquiring 0 JDBC connections;
    0 nanoseconds spent releasing 0 JDBC connections;
    0 nanoseconds spent preparing 0 JDBC statements;
    0 nanoseconds spent executing 0 JDBC statements;
    0 nanoseconds spent executing 0 JDBC batches;
    0 nanoseconds spent performing 0 L2C puts;
    0 nanoseconds spent performing 0 L2C hits;
    0 nanoseconds spent performing 0 L2C misses;
    0 nanoseconds spent executing 0 flushes (flushing a total of 0 entities and 0 collections);
    0 nanoseconds spent executing 0 partial-flushes (flushing a total of 0 entities and 0 collections)
}
2025-08-06 17:54:39.663  INFO 3856983 --- [  restartedMain] i.StatisticalLoggingSessionEventListener : Session Metrics {
    0 nanoseconds spent acquiring 0 JDBC connections;
    0 nanoseconds spent releasing 0 JDBC connections;
    0 nanoseconds spent preparing 0 JDBC statements;
    0 nanoseconds spent executing 0 JDBC statements;
    0 nanoseconds spent executing 0 JDBC batches;
    0 nanoseconds spent performing 0 L2C puts;
    0 nanoseconds spent performing 0 L2C hits;
    0 nanoseconds spent performing 0 L2C misses;
    0 nanoseconds spent executing 0 flushes (flushing a total of 0 entities and 0 collections);
    0 nanoseconds spent executing 0 partial-flushes (flushing a total of 0 entities and 0 collections)
}
2025-08-06 17:54:39.712  INFO 3856983 --- [  restartedMain] i.StatisticalLoggingSessionEventListener : Session Metrics {
    0 nanoseconds spent acquiring 0 JDBC connections;
    0 nanoseconds spent releasing 0 JDBC connections;
    0 nanoseconds spent preparing 0 JDBC statements;
    0 nanoseconds spent executing 0 JDBC statements;
    0 nanoseconds spent executing 0 JDBC batches;
    0 nanoseconds spent performing 0 L2C puts;
    0 nanoseconds spent performing 0 L2C hits;
    0 nanoseconds spent performing 0 L2C misses;
    0 nanoseconds spent executing 0 flushes (flushing a total of 0 entities and 0 collections);
    0 nanoseconds spent executing 0 partial-flushes (flushing a total of 0 entities and 0 collections)
}
2025-08-06 17:54:39.715  INFO 3856983 --- [  restartedMain] i.StatisticalLoggingSessionEventListener : Session Metrics {
    0 nanoseconds spent acquiring 0 JDBC connections;
    0 nanoseconds spent releasing 0 JDBC connections;
    0 nanoseconds spent preparing 0 JDBC statements;
    0 nanoseconds spent executing 0 JDBC statements;
    0 nanoseconds spent executing 0 JDBC batches;
    0 nanoseconds spent performing 0 L2C puts;
    0 nanoseconds spent performing 0 L2C hits;
    0 nanoseconds spent performing 0 L2C misses;
    0 nanoseconds spent executing 0 flushes (flushing a total of 0 entities and 0 collections);
    0 nanoseconds spent executing 0 partial-flushes (flushing a total of 0 entities and 0 collections)
}
2025-08-06 17:54:39.725  INFO 3856983 --- [  restartedMain] i.StatisticalLoggingSessionEventListener : Session Metrics {
    0 nanoseconds spent acquiring 0 JDBC connections;
    0 nanoseconds spent releasing 0 JDBC connections;
    0 nanoseconds spent preparing 0 JDBC statements;
    0 nanoseconds spent executing 0 JDBC statements;
    0 nanoseconds spent executing 0 JDBC batches;
    0 nanoseconds spent performing 0 L2C puts;
    0 nanoseconds spent performing 0 L2C hits;
    0 nanoseconds spent performing 0 L2C misses;
    0 nanoseconds spent executing 0 flushes (flushing a total of 0 entities and 0 collections);
    0 nanoseconds spent executing 0 partial-flushes (flushing a total of 0 entities and 0 collections)
}
2025-08-06 17:54:39.725  INFO 3856983 --- [  restartedMain] i.StatisticalLoggingSessionEventListener : Session Metrics {
    0 nanoseconds spent acquiring 0 JDBC connections;
    0 nanoseconds spent releasing 0 JDBC connections;
    0 nanoseconds spent preparing 0 JDBC statements;
    0 nanoseconds spent executing 0 JDBC statements;
    0 nanoseconds spent executing 0 JDBC batches;
    0 nanoseconds spent performing 0 L2C puts;
    0 nanoseconds spent performing 0 L2C hits;
    0 nanoseconds spent performing 0 L2C misses;
    0 nanoseconds spent executing 0 flushes (flushing a total of 0 entities and 0 collections);
    0 nanoseconds spent executing 0 partial-flushes (flushing a total of 0 entities and 0 collections)
}
2025-08-06 17:54:39.727  INFO 3856983 --- [  restartedMain] i.StatisticalLoggingSessionEventListener : Session Metrics {
    0 nanoseconds spent acquiring 0 JDBC connections;
    0 nanoseconds spent releasing 0 JDBC connections;
    0 nanoseconds spent preparing 0 JDBC statements;
    0 nanoseconds spent executing 0 JDBC statements;
    0 nanoseconds spent executing 0 JDBC batches;
    0 nanoseconds spent performing 0 L2C puts;
    0 nanoseconds spent performing 0 L2C hits;
    0 nanoseconds spent performing 0 L2C misses;
    0 nanoseconds spent executing 0 flushes (flushing a total of 0 entities and 0 collections);
    0 nanoseconds spent executing 0 partial-flushes (flushing a total of 0 entities and 0 collections)
}
2025-08-06 17:54:39.728  INFO 3856983 --- [  restartedMain] i.StatisticalLoggingSessionEventListener : Session Metrics {
    0 nanoseconds spent acquiring 0 JDBC connections;
    0 nanoseconds spent releasing 0 JDBC connections;
    0 nanoseconds spent preparing 0 JDBC statements;
    0 nanoseconds spent executing 0 JDBC statements;
    0 nanoseconds spent executing 0 JDBC batches;
    0 nanoseconds spent performing 0 L2C puts;
    0 nanoseconds spent performing 0 L2C hits;
    0 nanoseconds spent performing 0 L2C misses;
    0 nanoseconds spent executing 0 flushes (flushing a total of 0 entities and 0 collections);
    0 nanoseconds spent executing 0 partial-flushes (flushing a total of 0 entities and 0 collections)
}
2025-08-06 17:54:39.729  INFO 3856983 --- [  restartedMain] i.StatisticalLoggingSessionEventListener : Session Metrics {
    0 nanoseconds spent acquiring 0 JDBC connections;
    0 nanoseconds spent releasing 0 JDBC connections;
    0 nanoseconds spent preparing 0 JDBC statements;
    0 nanoseconds spent executing 0 JDBC statements;
    0 nanoseconds spent executing 0 JDBC batches;
    0 nanoseconds spent performing 0 L2C puts;
    0 nanoseconds spent performing 0 L2C hits;
    0 nanoseconds spent performing 0 L2C misses;
    0 nanoseconds spent executing 0 flushes (flushing a total of 0 entities and 0 collections);
    0 nanoseconds spent executing 0 partial-flushes (flushing a total of 0 entities and 0 collections)
}
2025-08-06 17:54:39.729  INFO 3856983 --- [  restartedMain] i.StatisticalLoggingSessionEventListener : Session Metrics {
    0 nanoseconds spent acquiring 0 JDBC connections;
    0 nanoseconds spent releasing 0 JDBC connections;
    0 nanoseconds spent preparing 0 JDBC statements;
    0 nanoseconds spent executing 0 JDBC statements;
    0 nanoseconds spent executing 0 JDBC batches;
    0 nanoseconds spent performing 0 L2C puts;
    0 nanoseconds spent performing 0 L2C hits;
    0 nanoseconds spent performing 0 L2C misses;
    0 nanoseconds spent executing 0 flushes (flushing a total of 0 entities and 0 collections);
    0 nanoseconds spent executing 0 partial-flushes (flushing a total of 0 entities and 0 collections)
}
2025-08-06 17:54:39.801  INFO 3856983 --- [  restartedMain] i.StatisticalLoggingSessionEventListener : Session Metrics {
    0 nanoseconds spent acquiring 0 JDBC connections;
    0 nanoseconds spent releasing 0 JDBC connections;
    0 nanoseconds spent preparing 0 JDBC statements;
    0 nanoseconds spent executing 0 JDBC statements;
    0 nanoseconds spent executing 0 JDBC batches;
    0 nanoseconds spent performing 0 L2C puts;
    0 nanoseconds spent performing 0 L2C hits;
    0 nanoseconds spent performing 0 L2C misses;
    0 nanoseconds spent executing 0 flushes (flushing a total of 0 entities and 0 collections);
    0 nanoseconds spent executing 0 partial-flushes (flushing a total of 0 entities and 0 collections)
}
2025-08-06 17:54:39.804  INFO 3856983 --- [  restartedMain] i.StatisticalLoggingSessionEventListener : Session Metrics {
    0 nanoseconds spent acquiring 0 JDBC connections;
    0 nanoseconds spent releasing 0 JDBC connections;
    0 nanoseconds spent preparing 0 JDBC statements;
    0 nanoseconds spent executing 0 JDBC statements;
    0 nanoseconds spent executing 0 JDBC batches;
    0 nanoseconds spent performing 0 L2C puts;
    0 nanoseconds spent performing 0 L2C hits;
    0 nanoseconds spent performing 0 L2C misses;
    0 nanoseconds spent executing 0 flushes (flushing a total of 0 entities and 0 collections);
    0 nanoseconds spent executing 0 partial-flushes (flushing a total of 0 entities and 0 collections)
}
2025-08-06 17:54:39.814  INFO 3856983 --- [  restartedMain] i.StatisticalLoggingSessionEventListener : Session Metrics {
    0 nanoseconds spent acquiring 0 JDBC connections;
    0 nanoseconds spent releasing 0 JDBC connections;
    0 nanoseconds spent preparing 0 JDBC statements;
    0 nanoseconds spent executing 0 JDBC statements;
    0 nanoseconds spent executing 0 JDBC batches;
    0 nanoseconds spent performing 0 L2C puts;
    0 nanoseconds spent performing 0 L2C hits;
    0 nanoseconds spent performing 0 L2C misses;
    0 nanoseconds spent executing 0 flushes (flushing a total of 0 entities and 0 collections);
    0 nanoseconds spent executing 0 partial-flushes (flushing a total of 0 entities and 0 collections)
}
2025-08-06 17:54:39.814  INFO 3856983 --- [  restartedMain] i.StatisticalLoggingSessionEventListener : Session Metrics {
    0 nanoseconds spent acquiring 0 JDBC connections;
    0 nanoseconds spent releasing 0 JDBC connections;
    0 nanoseconds spent preparing 0 JDBC statements;
    0 nanoseconds spent executing 0 JDBC statements;
    0 nanoseconds spent executing 0 JDBC batches;
    0 nanoseconds spent performing 0 L2C puts;
    0 nanoseconds spent performing 0 L2C hits;
    0 nanoseconds spent performing 0 L2C misses;
    0 nanoseconds spent executing 0 flushes (flushing a total of 0 entities and 0 collections);
    0 nanoseconds spent executing 0 partial-flushes (flushing a total of 0 entities and 0 collections)
}
2025-08-06 17:54:39.870  INFO 3856983 --- [  restartedMain] i.StatisticalLoggingSessionEventListener : Session Metrics {
    0 nanoseconds spent acquiring 0 JDBC connections;
    0 nanoseconds spent releasing 0 JDBC connections;
    0 nanoseconds spent preparing 0 JDBC statements;
    0 nanoseconds spent executing 0 JDBC statements;
    0 nanoseconds spent executing 0 JDBC batches;
    0 nanoseconds spent performing 0 L2C puts;
    0 nanoseconds spent performing 0 L2C hits;
    0 nanoseconds spent performing 0 L2C misses;
    0 nanoseconds spent executing 0 flushes (flushing a total of 0 entities and 0 collections);
    0 nanoseconds spent executing 0 partial-flushes (flushing a total of 0 entities and 0 collections)
}
2025-08-06 17:54:39.877  INFO 3856983 --- [  restartedMain] i.StatisticalLoggingSessionEventListener : Session Metrics {
    0 nanoseconds spent acquiring 0 JDBC connections;
    0 nanoseconds spent releasing 0 JDBC connections;
    0 nanoseconds spent preparing 0 JDBC statements;
    0 nanoseconds spent executing 0 JDBC statements;
    0 nanoseconds spent executing 0 JDBC batches;
    0 nanoseconds spent performing 0 L2C puts;
    0 nanoseconds spent performing 0 L2C hits;
    0 nanoseconds spent performing 0 L2C misses;
    0 nanoseconds spent executing 0 flushes (flushing a total of 0 entities and 0 collections);
    0 nanoseconds spent executing 0 partial-flushes (flushing a total of 0 entities and 0 collections)
}
2025-08-06 17:54:39.887  INFO 3856983 --- [  restartedMain] i.StatisticalLoggingSessionEventListener : Session Metrics {
    0 nanoseconds spent acquiring 0 JDBC connections;
    0 nanoseconds spent releasing 0 JDBC connections;
    0 nanoseconds spent preparing 0 JDBC statements;
    0 nanoseconds spent executing 0 JDBC statements;
    0 nanoseconds spent executing 0 JDBC batches;
    0 nanoseconds spent performing 0 L2C puts;
    0 nanoseconds spent performing 0 L2C hits;
    0 nanoseconds spent performing 0 L2C misses;
    0 nanoseconds spent executing 0 flushes (flushing a total of 0 entities and 0 collections);
    0 nanoseconds spent executing 0 partial-flushes (flushing a total of 0 entities and 0 collections)
}
2025-08-06 17:54:39.888  INFO 3856983 --- [  restartedMain] i.StatisticalLoggingSessionEventListener : Session Metrics {
    0 nanoseconds spent acquiring 0 JDBC connections;
    0 nanoseconds spent releasing 0 JDBC connections;
    0 nanoseconds spent preparing 0 JDBC statements;
    0 nanoseconds spent executing 0 JDBC statements;
    0 nanoseconds spent executing 0 JDBC batches;
    0 nanoseconds spent performing 0 L2C puts;
    0 nanoseconds spent performing 0 L2C hits;
    0 nanoseconds spent performing 0 L2C misses;
    0 nanoseconds spent executing 0 flushes (flushing a total of 0 entities and 0 collections);
    0 nanoseconds spent executing 0 partial-flushes (flushing a total of 0 entities and 0 collections)
}
2025-08-06 17:54:39.888  INFO 3856983 --- [  restartedMain] i.StatisticalLoggingSessionEventListener : Session Metrics {
    0 nanoseconds spent acquiring 0 JDBC connections;
    0 nanoseconds spent releasing 0 JDBC connections;
    0 nanoseconds spent preparing 0 JDBC statements;
    0 nanoseconds spent executing 0 JDBC statements;
    0 nanoseconds spent executing 0 JDBC batches;
    0 nanoseconds spent performing 0 L2C puts;
    0 nanoseconds spent performing 0 L2C hits;
    0 nanoseconds spent performing 0 L2C misses;
    0 nanoseconds spent executing 0 flushes (flushing a total of 0 entities and 0 collections);
    0 nanoseconds spent executing 0 partial-flushes (flushing a total of 0 entities and 0 collections)
}
2025-08-06 17:54:39.888  INFO 3856983 --- [  restartedMain] i.StatisticalLoggingSessionEventListener : Session Metrics {
    0 nanoseconds spent acquiring 0 JDBC connections;
    0 nanoseconds spent releasing 0 JDBC connections;
    0 nanoseconds spent preparing 0 JDBC statements;
    0 nanoseconds spent executing 0 JDBC statements;
    0 nanoseconds spent executing 0 JDBC batches;
    0 nanoseconds spent performing 0 L2C puts;
    0 nanoseconds spent performing 0 L2C hits;
    0 nanoseconds spent performing 0 L2C misses;
    0 nanoseconds spent executing 0 flushes (flushing a total of 0 entities and 0 collections);
    0 nanoseconds spent executing 0 partial-flushes (flushing a total of 0 entities and 0 collections)
}
2025-08-06 17:54:39.889  INFO 3856983 --- [  restartedMain] i.StatisticalLoggingSessionEventListener : Session Metrics {
    0 nanoseconds spent acquiring 0 JDBC connections;
    0 nanoseconds spent releasing 0 JDBC connections;
    0 nanoseconds spent preparing 0 JDBC statements;
    0 nanoseconds spent executing 0 JDBC statements;
    0 nanoseconds spent executing 0 JDBC batches;
    0 nanoseconds spent performing 0 L2C puts;
    0 nanoseconds spent performing 0 L2C hits;
    0 nanoseconds spent performing 0 L2C misses;
    0 nanoseconds spent executing 0 flushes (flushing a total of 0 entities and 0 collections);
    0 nanoseconds spent executing 0 partial-flushes (flushing a total of 0 entities and 0 collections)
}
2025-08-06 17:54:39.889  INFO 3856983 --- [  restartedMain] i.StatisticalLoggingSessionEventListener : Session Metrics {
    0 nanoseconds spent acquiring 0 JDBC connections;
    0 nanoseconds spent releasing 0 JDBC connections;
    0 nanoseconds spent preparing 0 JDBC statements;
    0 nanoseconds spent executing 0 JDBC statements;
    0 nanoseconds spent executing 0 JDBC batches;
    0 nanoseconds spent performing 0 L2C puts;
    0 nanoseconds spent performing 0 L2C hits;
    0 nanoseconds spent performing 0 L2C misses;
    0 nanoseconds spent executing 0 flushes (flushing a total of 0 entities and 0 collections);
    0 nanoseconds spent executing 0 partial-flushes (flushing a total of 0 entities and 0 collections)
}
2025-08-06 17:54:39.953  INFO 3856983 --- [  restartedMain] i.StatisticalLoggingSessionEventListener : Session Metrics {
    0 nanoseconds spent acquiring 0 JDBC connections;
    0 nanoseconds spent releasing 0 JDBC connections;
    0 nanoseconds spent preparing 0 JDBC statements;
    0 nanoseconds spent executing 0 JDBC statements;
    0 nanoseconds spent executing 0 JDBC batches;
    0 nanoseconds spent performing 0 L2C puts;
    0 nanoseconds spent performing 0 L2C hits;
    0 nanoseconds spent performing 0 L2C misses;
    0 nanoseconds spent executing 0 flushes (flushing a total of 0 entities and 0 collections);
    0 nanoseconds spent executing 0 partial-flushes (flushing a total of 0 entities and 0 collections)
}
2025-08-06 17:54:39.953  INFO 3856983 --- [  restartedMain] i.StatisticalLoggingSessionEventListener : Session Metrics {
    0 nanoseconds spent acquiring 0 JDBC connections;
    0 nanoseconds spent releasing 0 JDBC connections;
    0 nanoseconds spent preparing 0 JDBC statements;
    0 nanoseconds spent executing 0 JDBC statements;
    0 nanoseconds spent executing 0 JDBC batches;
    0 nanoseconds spent performing 0 L2C puts;
    0 nanoseconds spent performing 0 L2C hits;
    0 nanoseconds spent performing 0 L2C misses;
    0 nanoseconds spent executing 0 flushes (flushing a total of 0 entities and 0 collections);
    0 nanoseconds spent executing 0 partial-flushes (flushing a total of 0 entities and 0 collections)
}
2025-08-06 17:54:39.961  INFO 3856983 --- [  restartedMain] i.StatisticalLoggingSessionEventListener : Session Metrics {
    0 nanoseconds spent acquiring 0 JDBC connections;
    0 nanoseconds spent releasing 0 JDBC connections;
    0 nanoseconds spent preparing 0 JDBC statements;
    0 nanoseconds spent executing 0 JDBC statements;
    0 nanoseconds spent executing 0 JDBC batches;
    0 nanoseconds spent performing 0 L2C puts;
    0 nanoseconds spent performing 0 L2C hits;
    0 nanoseconds spent performing 0 L2C misses;
    0 nanoseconds spent executing 0 flushes (flushing a total of 0 entities and 0 collections);
    0 nanoseconds spent executing 0 partial-flushes (flushing a total of 0 entities and 0 collections)
}
2025-08-06 17:54:39.961  INFO 3856983 --- [  restartedMain] i.StatisticalLoggingSessionEventListener : Session Metrics {
    0 nanoseconds spent acquiring 0 JDBC connections;
    0 nanoseconds spent releasing 0 JDBC connections;
    0 nanoseconds spent preparing 0 JDBC statements;
    0 nanoseconds spent executing 0 JDBC statements;
    0 nanoseconds spent executing 0 JDBC batches;
    0 nanoseconds spent performing 0 L2C puts;
    0 nanoseconds spent performing 0 L2C hits;
    0 nanoseconds spent performing 0 L2C misses;
    0 nanoseconds spent executing 0 flushes (flushing a total of 0 entities and 0 collections);
    0 nanoseconds spent executing 0 partial-flushes (flushing a total of 0 entities and 0 collections)
}
2025-08-06 17:54:39.963  INFO 3856983 --- [  restartedMain] i.StatisticalLoggingSessionEventListener : Session Metrics {
    0 nanoseconds spent acquiring 0 JDBC connections;
    0 nanoseconds spent releasing 0 JDBC connections;
    0 nanoseconds spent preparing 0 JDBC statements;
    0 nanoseconds spent executing 0 JDBC statements;
    0 nanoseconds spent executing 0 JDBC batches;
    0 nanoseconds spent performing 0 L2C puts;
    0 nanoseconds spent performing 0 L2C hits;
    0 nanoseconds spent performing 0 L2C misses;
    0 nanoseconds spent executing 0 flushes (flushing a total of 0 entities and 0 collections);
    0 nanoseconds spent executing 0 partial-flushes (flushing a total of 0 entities and 0 collections)
}
2025-08-06 17:54:39.964  INFO 3856983 --- [  restartedMain] i.StatisticalLoggingSessionEventListener : Session Metrics {
    0 nanoseconds spent acquiring 0 JDBC connections;
    0 nanoseconds spent releasing 0 JDBC connections;
    0 nanoseconds spent preparing 0 JDBC statements;
    0 nanoseconds spent executing 0 JDBC statements;
    0 nanoseconds spent executing 0 JDBC batches;
    0 nanoseconds spent performing 0 L2C puts;
    0 nanoseconds spent performing 0 L2C hits;
    0 nanoseconds spent performing 0 L2C misses;
    0 nanoseconds spent executing 0 flushes (flushing a total of 0 entities and 0 collections);
    0 nanoseconds spent executing 0 partial-flushes (flushing a total of 0 entities and 0 collections)
}
2025-08-06 17:54:39.964  INFO 3856983 --- [  restartedMain] i.StatisticalLoggingSessionEventListener : Session Metrics {
    0 nanoseconds spent acquiring 0 JDBC connections;
    0 nanoseconds spent releasing 0 JDBC connections;
    0 nanoseconds spent preparing 0 JDBC statements;
    0 nanoseconds spent executing 0 JDBC statements;
    0 nanoseconds spent executing 0 JDBC batches;
    0 nanoseconds spent performing 0 L2C puts;
    0 nanoseconds spent performing 0 L2C hits;
    0 nanoseconds spent performing 0 L2C misses;
    0 nanoseconds spent executing 0 flushes (flushing a total of 0 entities and 0 collections);
    0 nanoseconds spent executing 0 partial-flushes (flushing a total of 0 entities and 0 collections)
}
2025-08-06 17:54:39.965  INFO 3856983 --- [  restartedMain] i.StatisticalLoggingSessionEventListener : Session Metrics {
    0 nanoseconds spent acquiring 0 JDBC connections;
    0 nanoseconds spent releasing 0 JDBC connections;
    0 nanoseconds spent preparing 0 JDBC statements;
    0 nanoseconds spent executing 0 JDBC statements;
    0 nanoseconds spent executing 0 JDBC batches;
    0 nanoseconds spent performing 0 L2C puts;
    0 nanoseconds spent performing 0 L2C hits;
    0 nanoseconds spent performing 0 L2C misses;
    0 nanoseconds spent executing 0 flushes (flushing a total of 0 entities and 0 collections);
    0 nanoseconds spent executing 0 partial-flushes (flushing a total of 0 entities and 0 collections)
}
2025-08-06 17:54:39.965  INFO 3856983 --- [  restartedMain] i.StatisticalLoggingSessionEventListener : Session Metrics {
    0 nanoseconds spent acquiring 0 JDBC connections;
    0 nanoseconds spent releasing 0 JDBC connections;
    0 nanoseconds spent preparing 0 JDBC statements;
    0 nanoseconds spent executing 0 JDBC statements;
    0 nanoseconds spent executing 0 JDBC batches;
    0 nanoseconds spent performing 0 L2C puts;
    0 nanoseconds spent performing 0 L2C hits;
    0 nanoseconds spent performing 0 L2C misses;
    0 nanoseconds spent executing 0 flushes (flushing a total of 0 entities and 0 collections);
    0 nanoseconds spent executing 0 partial-flushes (flushing a total of 0 entities and 0 collections)
}
2025-08-06 17:54:39.965  INFO 3856983 --- [  restartedMain] i.StatisticalLoggingSessionEventListener : Session Metrics {
    0 nanoseconds spent acquiring 0 JDBC connections;
    0 nanoseconds spent releasing 0 JDBC connections;
    0 nanoseconds spent preparing 0 JDBC statements;
    0 nanoseconds spent executing 0 JDBC statements;
    0 nanoseconds spent executing 0 JDBC batches;
    0 nanoseconds spent performing 0 L2C puts;
    0 nanoseconds spent performing 0 L2C hits;
    0 nanoseconds spent performing 0 L2C misses;
    0 nanoseconds spent executing 0 flushes (flushing a total of 0 entities and 0 collections);
    0 nanoseconds spent executing 0 partial-flushes (flushing a total of 0 entities and 0 collections)
}
2025-08-06 17:54:39.966  INFO 3856983 --- [  restartedMain] i.StatisticalLoggingSessionEventListener : Session Metrics {
    0 nanoseconds spent acquiring 0 JDBC connections;
    0 nanoseconds spent releasing 0 JDBC connections;
    0 nanoseconds spent preparing 0 JDBC statements;
    0 nanoseconds spent executing 0 JDBC statements;
    0 nanoseconds spent executing 0 JDBC batches;
    0 nanoseconds spent performing 0 L2C puts;
    0 nanoseconds spent performing 0 L2C hits;
    0 nanoseconds spent performing 0 L2C misses;
    0 nanoseconds spent executing 0 flushes (flushing a total of 0 entities and 0 collections);
    0 nanoseconds spent executing 0 partial-flushes (flushing a total of 0 entities and 0 collections)
}
2025-08-06 17:54:39.966  INFO 3856983 --- [  restartedMain] i.StatisticalLoggingSessionEventListener : Session Metrics {
    0 nanoseconds spent acquiring 0 JDBC connections;
    0 nanoseconds spent releasing 0 JDBC connections;
    0 nanoseconds spent preparing 0 JDBC statements;
    0 nanoseconds spent executing 0 JDBC statements;
    0 nanoseconds spent executing 0 JDBC batches;
    0 nanoseconds spent performing 0 L2C puts;
    0 nanoseconds spent performing 0 L2C hits;
    0 nanoseconds spent performing 0 L2C misses;
    0 nanoseconds spent executing 0 flushes (flushing a total of 0 entities and 0 collections);
    0 nanoseconds spent executing 0 partial-flushes (flushing a total of 0 entities and 0 collections)
}
2025-08-06 17:54:39.966  INFO 3856983 --- [  restartedMain] i.StatisticalLoggingSessionEventListener : Session Metrics {
    0 nanoseconds spent acquiring 0 JDBC connections;
    0 nanoseconds spent releasing 0 JDBC connections;
    0 nanoseconds spent preparing 0 JDBC statements;
    0 nanoseconds spent executing 0 JDBC statements;
    0 nanoseconds spent executing 0 JDBC batches;
    0 nanoseconds spent performing 0 L2C puts;
    0 nanoseconds spent performing 0 L2C hits;
    0 nanoseconds spent performing 0 L2C misses;
    0 nanoseconds spent executing 0 flushes (flushing a total of 0 entities and 0 collections);
    0 nanoseconds spent executing 0 partial-flushes (flushing a total of 0 entities and 0 collections)
}
2025-08-06 17:54:39.967  INFO 3856983 --- [  restartedMain] i.StatisticalLoggingSessionEventListener : Session Metrics {
    0 nanoseconds spent acquiring 0 JDBC connections;
    0 nanoseconds spent releasing 0 JDBC connections;
    0 nanoseconds spent preparing 0 JDBC statements;
    0 nanoseconds spent executing 0 JDBC statements;
    0 nanoseconds spent executing 0 JDBC batches;
    0 nanoseconds spent performing 0 L2C puts;
    0 nanoseconds spent performing 0 L2C hits;
    0 nanoseconds spent performing 0 L2C misses;
    0 nanoseconds spent executing 0 flushes (flushing a total of 0 entities and 0 collections);
    0 nanoseconds spent executing 0 partial-flushes (flushing a total of 0 entities and 0 collections)
}
2025-08-06 17:54:40.009  INFO 3856983 --- [  restartedMain] i.StatisticalLoggingSessionEventListener : Session Metrics {
    0 nanoseconds spent acquiring 0 JDBC connections;
    0 nanoseconds spent releasing 0 JDBC connections;
    0 nanoseconds spent preparing 0 JDBC statements;
    0 nanoseconds spent executing 0 JDBC statements;
    0 nanoseconds spent executing 0 JDBC batches;
    0 nanoseconds spent performing 0 L2C puts;
    0 nanoseconds spent performing 0 L2C hits;
    0 nanoseconds spent performing 0 L2C misses;
    0 nanoseconds spent executing 0 flushes (flushing a total of 0 entities and 0 collections);
    0 nanoseconds spent executing 0 partial-flushes (flushing a total of 0 entities and 0 collections)
}
2025-08-06 17:54:40.009  INFO 3856983 --- [  restartedMain] i.StatisticalLoggingSessionEventListener : Session Metrics {
    0 nanoseconds spent acquiring 0 JDBC connections;
    0 nanoseconds spent releasing 0 JDBC connections;
    0 nanoseconds spent preparing 0 JDBC statements;
    0 nanoseconds spent executing 0 JDBC statements;
    0 nanoseconds spent executing 0 JDBC batches;
    0 nanoseconds spent performing 0 L2C puts;
    0 nanoseconds spent performing 0 L2C hits;
    0 nanoseconds spent performing 0 L2C misses;
    0 nanoseconds spent executing 0 flushes (flushing a total of 0 entities and 0 collections);
    0 nanoseconds spent executing 0 partial-flushes (flushing a total of 0 entities and 0 collections)
}
2025-08-06 17:54:40.021  INFO 3856983 --- [  restartedMain] i.StatisticalLoggingSessionEventListener : Session Metrics {
    0 nanoseconds spent acquiring 0 JDBC connections;
    0 nanoseconds spent releasing 0 JDBC connections;
    0 nanoseconds spent preparing 0 JDBC statements;
    0 nanoseconds spent executing 0 JDBC statements;
    0 nanoseconds spent executing 0 JDBC batches;
    0 nanoseconds spent performing 0 L2C puts;
    0 nanoseconds spent performing 0 L2C hits;
    0 nanoseconds spent performing 0 L2C misses;
    0 nanoseconds spent executing 0 flushes (flushing a total of 0 entities and 0 collections);
    0 nanoseconds spent executing 0 partial-flushes (flushing a total of 0 entities and 0 collections)
}
2025-08-06 17:54:40.021  INFO 3856983 --- [  restartedMain] i.StatisticalLoggingSessionEventListener : Session Metrics {
    0 nanoseconds spent acquiring 0 JDBC connections;
    0 nanoseconds spent releasing 0 JDBC connections;
    0 nanoseconds spent preparing 0 JDBC statements;
    0 nanoseconds spent executing 0 JDBC statements;
    0 nanoseconds spent executing 0 JDBC batches;
    0 nanoseconds spent performing 0 L2C puts;
    0 nanoseconds spent performing 0 L2C hits;
    0 nanoseconds spent performing 0 L2C misses;
    0 nanoseconds spent executing 0 flushes (flushing a total of 0 entities and 0 collections);
    0 nanoseconds spent executing 0 partial-flushes (flushing a total of 0 entities and 0 collections)
}
2025-08-06 17:54:40.022  INFO 3856983 --- [  restartedMain] i.StatisticalLoggingSessionEventListener : Session Metrics {
    0 nanoseconds spent acquiring 0 JDBC connections;
    0 nanoseconds spent releasing 0 JDBC connections;
    0 nanoseconds spent preparing 0 JDBC statements;
    0 nanoseconds spent executing 0 JDBC statements;
    0 nanoseconds spent executing 0 JDBC batches;
    0 nanoseconds spent performing 0 L2C puts;
    0 nanoseconds spent performing 0 L2C hits;
    0 nanoseconds spent performing 0 L2C misses;
    0 nanoseconds spent executing 0 flushes (flushing a total of 0 entities and 0 collections);
    0 nanoseconds spent executing 0 partial-flushes (flushing a total of 0 entities and 0 collections)
}
2025-08-06 17:54:40.022  INFO 3856983 --- [  restartedMain] i.StatisticalLoggingSessionEventListener : Session Metrics {
    0 nanoseconds spent acquiring 0 JDBC connections;
    0 nanoseconds spent releasing 0 JDBC connections;
    0 nanoseconds spent preparing 0 JDBC statements;
    0 nanoseconds spent executing 0 JDBC statements;
    0 nanoseconds spent executing 0 JDBC batches;
    0 nanoseconds spent performing 0 L2C puts;
    0 nanoseconds spent performing 0 L2C hits;
    0 nanoseconds spent performing 0 L2C misses;
    0 nanoseconds spent executing 0 flushes (flushing a total of 0 entities and 0 collections);
    0 nanoseconds spent executing 0 partial-flushes (flushing a total of 0 entities and 0 collections)
}
2025-08-06 17:54:40.022  INFO 3856983 --- [  restartedMain] i.StatisticalLoggingSessionEventListener : Session Metrics {
    0 nanoseconds spent acquiring 0 JDBC connections;
    0 nanoseconds spent releasing 0 JDBC connections;
    0 nanoseconds spent preparing 0 JDBC statements;
    0 nanoseconds spent executing 0 JDBC statements;
    0 nanoseconds spent executing 0 JDBC batches;
    0 nanoseconds spent performing 0 L2C puts;
    0 nanoseconds spent performing 0 L2C hits;
    0 nanoseconds spent performing 0 L2C misses;
    0 nanoseconds spent executing 0 flushes (flushing a total of 0 entities and 0 collections);
    0 nanoseconds spent executing 0 partial-flushes (flushing a total of 0 entities and 0 collections)
}
2025-08-06 17:54:40.023  INFO 3856983 --- [  restartedMain] i.StatisticalLoggingSessionEventListener : Session Metrics {
    0 nanoseconds spent acquiring 0 JDBC connections;
    0 nanoseconds spent releasing 0 JDBC connections;
    0 nanoseconds spent preparing 0 JDBC statements;
    0 nanoseconds spent executing 0 JDBC statements;
    0 nanoseconds spent executing 0 JDBC batches;
    0 nanoseconds spent performing 0 L2C puts;
    0 nanoseconds spent performing 0 L2C hits;
    0 nanoseconds spent performing 0 L2C misses;
    0 nanoseconds spent executing 0 flushes (flushing a total of 0 entities and 0 collections);
    0 nanoseconds spent executing 0 partial-flushes (flushing a total of 0 entities and 0 collections)
}
2025-08-06 17:54:40.023  INFO 3856983 --- [  restartedMain] i.StatisticalLoggingSessionEventListener : Session Metrics {
    0 nanoseconds spent acquiring 0 JDBC connections;
    0 nanoseconds spent releasing 0 JDBC connections;
    0 nanoseconds spent preparing 0 JDBC statements;
    0 nanoseconds spent executing 0 JDBC statements;
    0 nanoseconds spent executing 0 JDBC batches;
    0 nanoseconds spent performing 0 L2C puts;
    0 nanoseconds spent performing 0 L2C hits;
    0 nanoseconds spent performing 0 L2C misses;
    0 nanoseconds spent executing 0 flushes (flushing a total of 0 entities and 0 collections);
    0 nanoseconds spent executing 0 partial-flushes (flushing a total of 0 entities and 0 collections)
}
2025-08-06 17:54:40.023  INFO 3856983 --- [  restartedMain] i.StatisticalLoggingSessionEventListener : Session Metrics {
    0 nanoseconds spent acquiring 0 JDBC connections;
    0 nanoseconds spent releasing 0 JDBC connections;
    0 nanoseconds spent preparing 0 JDBC statements;
    0 nanoseconds spent executing 0 JDBC statements;
    0 nanoseconds spent executing 0 JDBC batches;
    0 nanoseconds spent performing 0 L2C puts;
    0 nanoseconds spent performing 0 L2C hits;
    0 nanoseconds spent performing 0 L2C misses;
    0 nanoseconds spent executing 0 flushes (flushing a total of 0 entities and 0 collections);
    0 nanoseconds spent executing 0 partial-flushes (flushing a total of 0 entities and 0 collections)
}
2025-08-06 17:54:40.067  INFO 3856983 --- [  restartedMain] i.StatisticalLoggingSessionEventListener : Session Metrics {
    0 nanoseconds spent acquiring 0 JDBC connections;
    0 nanoseconds spent releasing 0 JDBC connections;
    0 nanoseconds spent preparing 0 JDBC statements;
    0 nanoseconds spent executing 0 JDBC statements;
    0 nanoseconds spent executing 0 JDBC batches;
    0 nanoseconds spent performing 0 L2C puts;
    0 nanoseconds spent performing 0 L2C hits;
    0 nanoseconds spent performing 0 L2C misses;
    0 nanoseconds spent executing 0 flushes (flushing a total of 0 entities and 0 collections);
    0 nanoseconds spent executing 0 partial-flushes (flushing a total of 0 entities and 0 collections)
}
2025-08-06 17:54:40.068  INFO 3856983 --- [  restartedMain] i.StatisticalLoggingSessionEventListener : Session Metrics {
    0 nanoseconds spent acquiring 0 JDBC connections;
    0 nanoseconds spent releasing 0 JDBC connections;
    0 nanoseconds spent preparing 0 JDBC statements;
    0 nanoseconds spent executing 0 JDBC statements;
    0 nanoseconds spent executing 0 JDBC batches;
    0 nanoseconds spent performing 0 L2C puts;
    0 nanoseconds spent performing 0 L2C hits;
    0 nanoseconds spent performing 0 L2C misses;
    0 nanoseconds spent executing 0 flushes (flushing a total of 0 entities and 0 collections);
    0 nanoseconds spent executing 0 partial-flushes (flushing a total of 0 entities and 0 collections)
}
2025-08-06 17:54:40.075  INFO 3856983 --- [  restartedMain] i.StatisticalLoggingSessionEventListener : Session Metrics {
    0 nanoseconds spent acquiring 0 JDBC connections;
    0 nanoseconds spent releasing 0 JDBC connections;
    0 nanoseconds spent preparing 0 JDBC statements;
    0 nanoseconds spent executing 0 JDBC statements;
    0 nanoseconds spent executing 0 JDBC batches;
    0 nanoseconds spent performing 0 L2C puts;
    0 nanoseconds spent performing 0 L2C hits;
    0 nanoseconds spent performing 0 L2C misses;
    0 nanoseconds spent executing 0 flushes (flushing a total of 0 entities and 0 collections);
    0 nanoseconds spent executing 0 partial-flushes (flushing a total of 0 entities and 0 collections)
}
2025-08-06 17:54:40.075  INFO 3856983 --- [  restartedMain] i.StatisticalLoggingSessionEventListener : Session Metrics {
    0 nanoseconds spent acquiring 0 JDBC connections;
    0 nanoseconds spent releasing 0 JDBC connections;
    0 nanoseconds spent preparing 0 JDBC statements;
    0 nanoseconds spent executing 0 JDBC statements;
    0 nanoseconds spent executing 0 JDBC batches;
    0 nanoseconds spent performing 0 L2C puts;
    0 nanoseconds spent performing 0 L2C hits;
    0 nanoseconds spent performing 0 L2C misses;
    0 nanoseconds spent executing 0 flushes (flushing a total of 0 entities and 0 collections);
    0 nanoseconds spent executing 0 partial-flushes (flushing a total of 0 entities and 0 collections)
}
2025-08-06 17:54:40.075  INFO 3856983 --- [  restartedMain] i.StatisticalLoggingSessionEventListener : Session Metrics {
    0 nanoseconds spent acquiring 0 JDBC connections;
    0 nanoseconds spent releasing 0 JDBC connections;
    0 nanoseconds spent preparing 0 JDBC statements;
    0 nanoseconds spent executing 0 JDBC statements;
    0 nanoseconds spent executing 0 JDBC batches;
    0 nanoseconds spent performing 0 L2C puts;
    0 nanoseconds spent performing 0 L2C hits;
    0 nanoseconds spent performing 0 L2C misses;
    0 nanoseconds spent executing 0 flushes (flushing a total of 0 entities and 0 collections);
    0 nanoseconds spent executing 0 partial-flushes (flushing a total of 0 entities and 0 collections)
}
2025-08-06 17:54:40.136  INFO 3856983 --- [  restartedMain] i.StatisticalLoggingSessionEventListener : Session Metrics {
    0 nanoseconds spent acquiring 0 JDBC connections;
    0 nanoseconds spent releasing 0 JDBC connections;
    0 nanoseconds spent preparing 0 JDBC statements;
    0 nanoseconds spent executing 0 JDBC statements;
    0 nanoseconds spent executing 0 JDBC batches;
    0 nanoseconds spent performing 0 L2C puts;
    0 nanoseconds spent performing 0 L2C hits;
    0 nanoseconds spent performing 0 L2C misses;
    0 nanoseconds spent executing 0 flushes (flushing a total of 0 entities and 0 collections);
    0 nanoseconds spent executing 0 partial-flushes (flushing a total of 0 entities and 0 collections)
}
2025-08-06 17:54:40.144  INFO 3856983 --- [  restartedMain] i.StatisticalLoggingSessionEventListener : Session Metrics {
    0 nanoseconds spent acquiring 0 JDBC connections;
    0 nanoseconds spent releasing 0 JDBC connections;
    0 nanoseconds spent preparing 0 JDBC statements;
    0 nanoseconds spent executing 0 JDBC statements;
    0 nanoseconds spent executing 0 JDBC batches;
    0 nanoseconds spent performing 0 L2C puts;
    0 nanoseconds spent performing 0 L2C hits;
    0 nanoseconds spent performing 0 L2C misses;
    0 nanoseconds spent executing 0 flushes (flushing a total of 0 entities and 0 collections);
    0 nanoseconds spent executing 0 partial-flushes (flushing a total of 0 entities and 0 collections)
}
2025-08-06 17:54:40.156  INFO 3856983 --- [  restartedMain] i.StatisticalLoggingSessionEventListener : Session Metrics {
    0 nanoseconds spent acquiring 0 JDBC connections;
    0 nanoseconds spent releasing 0 JDBC connections;
    0 nanoseconds spent preparing 0 JDBC statements;
    0 nanoseconds spent executing 0 JDBC statements;
    0 nanoseconds spent executing 0 JDBC batches;
    0 nanoseconds spent performing 0 L2C puts;
    0 nanoseconds spent performing 0 L2C hits;
    0 nanoseconds spent performing 0 L2C misses;
    0 nanoseconds spent executing 0 flushes (flushing a total of 0 entities and 0 collections);
    0 nanoseconds spent executing 0 partial-flushes (flushing a total of 0 entities and 0 collections)
}
2025-08-06 17:54:40.156  INFO 3856983 --- [  restartedMain] i.StatisticalLoggingSessionEventListener : Session Metrics {
    0 nanoseconds spent acquiring 0 JDBC connections;
    0 nanoseconds spent releasing 0 JDBC connections;
    0 nanoseconds spent preparing 0 JDBC statements;
    0 nanoseconds spent executing 0 JDBC statements;
    0 nanoseconds spent executing 0 JDBC batches;
    0 nanoseconds spent performing 0 L2C puts;
    0 nanoseconds spent performing 0 L2C hits;
    0 nanoseconds spent performing 0 L2C misses;
    0 nanoseconds spent executing 0 flushes (flushing a total of 0 entities and 0 collections);
    0 nanoseconds spent executing 0 partial-flushes (flushing a total of 0 entities and 0 collections)
}
2025-08-06 17:54:40.157  INFO 3856983 --- [  restartedMain] i.StatisticalLoggingSessionEventListener : Session Metrics {
    0 nanoseconds spent acquiring 0 JDBC connections;
    0 nanoseconds spent releasing 0 JDBC connections;
    0 nanoseconds spent preparing 0 JDBC statements;
    0 nanoseconds spent executing 0 JDBC statements;
    0 nanoseconds spent executing 0 JDBC batches;
    0 nanoseconds spent performing 0 L2C puts;
    0 nanoseconds spent performing 0 L2C hits;
    0 nanoseconds spent performing 0 L2C misses;
    0 nanoseconds spent executing 0 flushes (flushing a total of 0 entities and 0 collections);
    0 nanoseconds spent executing 0 partial-flushes (flushing a total of 0 entities and 0 collections)
}
2025-08-06 17:54:40.158  INFO 3856983 --- [  restartedMain] i.StatisticalLoggingSessionEventListener : Session Metrics {
    0 nanoseconds spent acquiring 0 JDBC connections;
    0 nanoseconds spent releasing 0 JDBC connections;
    0 nanoseconds spent preparing 0 JDBC statements;
    0 nanoseconds spent executing 0 JDBC statements;
    0 nanoseconds spent executing 0 JDBC batches;
    0 nanoseconds spent performing 0 L2C puts;
    0 nanoseconds spent performing 0 L2C hits;
    0 nanoseconds spent performing 0 L2C misses;
    0 nanoseconds spent executing 0 flushes (flushing a total of 0 entities and 0 collections);
    0 nanoseconds spent executing 0 partial-flushes (flushing a total of 0 entities and 0 collections)
}
2025-08-06 17:54:40.158  INFO 3856983 --- [  restartedMain] i.StatisticalLoggingSessionEventListener : Session Metrics {
    0 nanoseconds spent acquiring 0 JDBC connections;
    0 nanoseconds spent releasing 0 JDBC connections;
    0 nanoseconds spent preparing 0 JDBC statements;
    0 nanoseconds spent executing 0 JDBC statements;
    0 nanoseconds spent executing 0 JDBC batches;
    0 nanoseconds spent performing 0 L2C puts;
    0 nanoseconds spent performing 0 L2C hits;
    0 nanoseconds spent performing 0 L2C misses;
    0 nanoseconds spent executing 0 flushes (flushing a total of 0 entities and 0 collections);
    0 nanoseconds spent executing 0 partial-flushes (flushing a total of 0 entities and 0 collections)
}
2025-08-06 17:54:40.159  INFO 3856983 --- [  restartedMain] i.StatisticalLoggingSessionEventListener : Session Metrics {
    0 nanoseconds spent acquiring 0 JDBC connections;
    0 nanoseconds spent releasing 0 JDBC connections;
    0 nanoseconds spent preparing 0 JDBC statements;
    0 nanoseconds spent executing 0 JDBC statements;
    0 nanoseconds spent executing 0 JDBC batches;
    0 nanoseconds spent performing 0 L2C puts;
    0 nanoseconds spent performing 0 L2C hits;
    0 nanoseconds spent performing 0 L2C misses;
    0 nanoseconds spent executing 0 flushes (flushing a total of 0 entities and 0 collections);
    0 nanoseconds spent executing 0 partial-flushes (flushing a total of 0 entities and 0 collections)
}
2025-08-06 17:54:40.159  INFO 3856983 --- [  restartedMain] i.StatisticalLoggingSessionEventListener : Session Metrics {
    0 nanoseconds spent acquiring 0 JDBC connections;
    0 nanoseconds spent releasing 0 JDBC connections;
    0 nanoseconds spent preparing 0 JDBC statements;
    0 nanoseconds spent executing 0 JDBC statements;
    0 nanoseconds spent executing 0 JDBC batches;
    0 nanoseconds spent performing 0 L2C puts;
    0 nanoseconds spent performing 0 L2C hits;
    0 nanoseconds spent performing 0 L2C misses;
    0 nanoseconds spent executing 0 flushes (flushing a total of 0 entities and 0 collections);
    0 nanoseconds spent executing 0 partial-flushes (flushing a total of 0 entities and 0 collections)
}
2025-08-06 17:54:40.160  INFO 3856983 --- [  restartedMain] i.StatisticalLoggingSessionEventListener : Session Metrics {
    0 nanoseconds spent acquiring 0 JDBC connections;
    0 nanoseconds spent releasing 0 JDBC connections;
    0 nanoseconds spent preparing 0 JDBC statements;
    0 nanoseconds spent executing 0 JDBC statements;
    0 nanoseconds spent executing 0 JDBC batches;
    0 nanoseconds spent performing 0 L2C puts;
    0 nanoseconds spent performing 0 L2C hits;
    0 nanoseconds spent performing 0 L2C misses;
    0 nanoseconds spent executing 0 flushes (flushing a total of 0 entities and 0 collections);
    0 nanoseconds spent executing 0 partial-flushes (flushing a total of 0 entities and 0 collections)
}
2025-08-06 17:54:40.160  INFO 3856983 --- [  restartedMain] i.StatisticalLoggingSessionEventListener : Session Metrics {
    0 nanoseconds spent acquiring 0 JDBC connections;
    0 nanoseconds spent releasing 0 JDBC connections;
    0 nanoseconds spent preparing 0 JDBC statements;
    0 nanoseconds spent executing 0 JDBC statements;
    0 nanoseconds spent executing 0 JDBC batches;
    0 nanoseconds spent performing 0 L2C puts;
    0 nanoseconds spent performing 0 L2C hits;
    0 nanoseconds spent performing 0 L2C misses;
    0 nanoseconds spent executing 0 flushes (flushing a total of 0 entities and 0 collections);
    0 nanoseconds spent executing 0 partial-flushes (flushing a total of 0 entities and 0 collections)
}
2025-08-06 17:54:40.161  INFO 3856983 --- [  restartedMain] i.StatisticalLoggingSessionEventListener : Session Metrics {
    0 nanoseconds spent acquiring 0 JDBC connections;
    0 nanoseconds spent releasing 0 JDBC connections;
    0 nanoseconds spent preparing 0 JDBC statements;
    0 nanoseconds spent executing 0 JDBC statements;
    0 nanoseconds spent executing 0 JDBC batches;
    0 nanoseconds spent performing 0 L2C puts;
    0 nanoseconds spent performing 0 L2C hits;
    0 nanoseconds spent performing 0 L2C misses;
    0 nanoseconds spent executing 0 flushes (flushing a total of 0 entities and 0 collections);
    0 nanoseconds spent executing 0 partial-flushes (flushing a total of 0 entities and 0 collections)
}
2025-08-06 17:54:40.161  INFO 3856983 --- [  restartedMain] i.StatisticalLoggingSessionEventListener : Session Metrics {
    0 nanoseconds spent acquiring 0 JDBC connections;
    0 nanoseconds spent releasing 0 JDBC connections;
    0 nanoseconds spent preparing 0 JDBC statements;
    0 nanoseconds spent executing 0 JDBC statements;
    0 nanoseconds spent executing 0 JDBC batches;
    0 nanoseconds spent performing 0 L2C puts;
    0 nanoseconds spent performing 0 L2C hits;
    0 nanoseconds spent performing 0 L2C misses;
    0 nanoseconds spent executing 0 flushes (flushing a total of 0 entities and 0 collections);
    0 nanoseconds spent executing 0 partial-flushes (flushing a total of 0 entities and 0 collections)
}
2025-08-06 17:54:40.161  INFO 3856983 --- [  restartedMain] i.StatisticalLoggingSessionEventListener : Session Metrics {
    0 nanoseconds spent acquiring 0 JDBC connections;
    0 nanoseconds spent releasing 0 JDBC connections;
    0 nanoseconds spent preparing 0 JDBC statements;
    0 nanoseconds spent executing 0 JDBC statements;
    0 nanoseconds spent executing 0 JDBC batches;
    0 nanoseconds spent performing 0 L2C puts;
    0 nanoseconds spent performing 0 L2C hits;
    0 nanoseconds spent performing 0 L2C misses;
    0 nanoseconds spent executing 0 flushes (flushing a total of 0 entities and 0 collections);
    0 nanoseconds spent executing 0 partial-flushes (flushing a total of 0 entities and 0 collections)
}
2025-08-06 17:54:40.163  INFO 3856983 --- [  restartedMain] i.StatisticalLoggingSessionEventListener : Session Metrics {
    0 nanoseconds spent acquiring 0 JDBC connections;
    0 nanoseconds spent releasing 0 JDBC connections;
    0 nanoseconds spent preparing 0 JDBC statements;
    0 nanoseconds spent executing 0 JDBC statements;
    0 nanoseconds spent executing 0 JDBC batches;
    0 nanoseconds spent performing 0 L2C puts;
    0 nanoseconds spent performing 0 L2C hits;
    0 nanoseconds spent performing 0 L2C misses;
    0 nanoseconds spent executing 0 flushes (flushing a total of 0 entities and 0 collections);
    0 nanoseconds spent executing 0 partial-flushes (flushing a total of 0 entities and 0 collections)
}
2025-08-06 17:54:40.164  INFO 3856983 --- [  restartedMain] i.StatisticalLoggingSessionEventListener : Session Metrics {
    0 nanoseconds spent acquiring 0 JDBC connections;
    0 nanoseconds spent releasing 0 JDBC connections;
    0 nanoseconds spent preparing 0 JDBC statements;
    0 nanoseconds spent executing 0 JDBC statements;
    0 nanoseconds spent executing 0 JDBC batches;
    0 nanoseconds spent performing 0 L2C puts;
    0 nanoseconds spent performing 0 L2C hits;
    0 nanoseconds spent performing 0 L2C misses;
    0 nanoseconds spent executing 0 flushes (flushing a total of 0 entities and 0 collections);
    0 nanoseconds spent executing 0 partial-flushes (flushing a total of 0 entities and 0 collections)
}
2025-08-06 17:54:40.164  INFO 3856983 --- [  restartedMain] i.StatisticalLoggingSessionEventListener : Session Metrics {
    0 nanoseconds spent acquiring 0 JDBC connections;
    0 nanoseconds spent releasing 0 JDBC connections;
    0 nanoseconds spent preparing 0 JDBC statements;
    0 nanoseconds spent executing 0 JDBC statements;
    0 nanoseconds spent executing 0 JDBC batches;
    0 nanoseconds spent performing 0 L2C puts;
    0 nanoseconds spent performing 0 L2C hits;
    0 nanoseconds spent performing 0 L2C misses;
    0 nanoseconds spent executing 0 flushes (flushing a total of 0 entities and 0 collections);
    0 nanoseconds spent executing 0 partial-flushes (flushing a total of 0 entities and 0 collections)
}
2025-08-06 17:54:40.165  INFO 3856983 --- [  restartedMain] i.StatisticalLoggingSessionEventListener : Session Metrics {
    0 nanoseconds spent acquiring 0 JDBC connections;
    0 nanoseconds spent releasing 0 JDBC connections;
    0 nanoseconds spent preparing 0 JDBC statements;
    0 nanoseconds spent executing 0 JDBC statements;
    0 nanoseconds spent executing 0 JDBC batches;
    0 nanoseconds spent performing 0 L2C puts;
    0 nanoseconds spent performing 0 L2C hits;
    0 nanoseconds spent performing 0 L2C misses;
    0 nanoseconds spent executing 0 flushes (flushing a total of 0 entities and 0 collections);
    0 nanoseconds spent executing 0 partial-flushes (flushing a total of 0 entities and 0 collections)
}
2025-08-06 17:54:40.165  INFO 3856983 --- [  restartedMain] i.StatisticalLoggingSessionEventListener : Session Metrics {
    0 nanoseconds spent acquiring 0 JDBC connections;
    0 nanoseconds spent releasing 0 JDBC connections;
    0 nanoseconds spent preparing 0 JDBC statements;
    0 nanoseconds spent executing 0 JDBC statements;
    0 nanoseconds spent executing 0 JDBC batches;
    0 nanoseconds spent performing 0 L2C puts;
    0 nanoseconds spent performing 0 L2C hits;
    0 nanoseconds spent performing 0 L2C misses;
    0 nanoseconds spent executing 0 flushes (flushing a total of 0 entities and 0 collections);
    0 nanoseconds spent executing 0 partial-flushes (flushing a total of 0 entities and 0 collections)
}
2025-08-06 17:54:40.166  INFO 3856983 --- [  restartedMain] i.StatisticalLoggingSessionEventListener : Session Metrics {
    0 nanoseconds spent acquiring 0 JDBC connections;
    0 nanoseconds spent releasing 0 JDBC connections;
    0 nanoseconds spent preparing 0 JDBC statements;
    0 nanoseconds spent executing 0 JDBC statements;
    0 nanoseconds spent executing 0 JDBC batches;
    0 nanoseconds spent performing 0 L2C puts;
    0 nanoseconds spent performing 0 L2C hits;
    0 nanoseconds spent performing 0 L2C misses;
    0 nanoseconds spent executing 0 flushes (flushing a total of 0 entities and 0 collections);
    0 nanoseconds spent executing 0 partial-flushes (flushing a total of 0 entities and 0 collections)
}
2025-08-06 17:54:40.167  INFO 3856983 --- [  restartedMain] i.StatisticalLoggingSessionEventListener : Session Metrics {
    0 nanoseconds spent acquiring 0 JDBC connections;
    0 nanoseconds spent releasing 0 JDBC connections;
    0 nanoseconds spent preparing 0 JDBC statements;
    0 nanoseconds spent executing 0 JDBC statements;
    0 nanoseconds spent executing 0 JDBC batches;
    0 nanoseconds spent performing 0 L2C puts;
    0 nanoseconds spent performing 0 L2C hits;
    0 nanoseconds spent performing 0 L2C misses;
    0 nanoseconds spent executing 0 flushes (flushing a total of 0 entities and 0 collections);
    0 nanoseconds spent executing 0 partial-flushes (flushing a total of 0 entities and 0 collections)
}
2025-08-06 17:54:40.167  INFO 3856983 --- [  restartedMain] i.StatisticalLoggingSessionEventListener : Session Metrics {
    0 nanoseconds spent acquiring 0 JDBC connections;
    0 nanoseconds spent releasing 0 JDBC connections;
    0 nanoseconds spent preparing 0 JDBC statements;
    0 nanoseconds spent executing 0 JDBC statements;
    0 nanoseconds spent executing 0 JDBC batches;
    0 nanoseconds spent performing 0 L2C puts;
    0 nanoseconds spent performing 0 L2C hits;
    0 nanoseconds spent performing 0 L2C misses;
    0 nanoseconds spent executing 0 flushes (flushing a total of 0 entities and 0 collections);
    0 nanoseconds spent executing 0 partial-flushes (flushing a total of 0 entities and 0 collections)
}
2025-08-06 17:54:40.167  INFO 3856983 --- [  restartedMain] i.StatisticalLoggingSessionEventListener : Session Metrics {
    0 nanoseconds spent acquiring 0 JDBC connections;
    0 nanoseconds spent releasing 0 JDBC connections;
    0 nanoseconds spent preparing 0 JDBC statements;
    0 nanoseconds spent executing 0 JDBC statements;
    0 nanoseconds spent executing 0 JDBC batches;
    0 nanoseconds spent performing 0 L2C puts;
    0 nanoseconds spent performing 0 L2C hits;
    0 nanoseconds spent performing 0 L2C misses;
    0 nanoseconds spent executing 0 flushes (flushing a total of 0 entities and 0 collections);
    0 nanoseconds spent executing 0 partial-flushes (flushing a total of 0 entities and 0 collections)
}
2025-08-06 17:54:40.168  INFO 3856983 --- [  restartedMain] i.StatisticalLoggingSessionEventListener : Session Metrics {
    0 nanoseconds spent acquiring 0 JDBC connections;
    0 nanoseconds spent releasing 0 JDBC connections;
    0 nanoseconds spent preparing 0 JDBC statements;
    0 nanoseconds spent executing 0 JDBC statements;
    0 nanoseconds spent executing 0 JDBC batches;
    0 nanoseconds spent performing 0 L2C puts;
    0 nanoseconds spent performing 0 L2C hits;
    0 nanoseconds spent performing 0 L2C misses;
    0 nanoseconds spent executing 0 flushes (flushing a total of 0 entities and 0 collections);
    0 nanoseconds spent executing 0 partial-flushes (flushing a total of 0 entities and 0 collections)
}
2025-08-06 17:54:40.169  INFO 3856983 --- [  restartedMain] i.StatisticalLoggingSessionEventListener : Session Metrics {
    0 nanoseconds spent acquiring 0 JDBC connections;
    0 nanoseconds spent releasing 0 JDBC connections;
    0 nanoseconds spent preparing 0 JDBC statements;
    0 nanoseconds spent executing 0 JDBC statements;
    0 nanoseconds spent executing 0 JDBC batches;
    0 nanoseconds spent performing 0 L2C puts;
    0 nanoseconds spent performing 0 L2C hits;
    0 nanoseconds spent performing 0 L2C misses;
    0 nanoseconds spent executing 0 flushes (flushing a total of 0 entities and 0 collections);
    0 nanoseconds spent executing 0 partial-flushes (flushing a total of 0 entities and 0 collections)
}
2025-08-06 17:54:40.169  INFO 3856983 --- [  restartedMain] i.StatisticalLoggingSessionEventListener : Session Metrics {
    0 nanoseconds spent acquiring 0 JDBC connections;
    0 nanoseconds spent releasing 0 JDBC connections;
    0 nanoseconds spent preparing 0 JDBC statements;
    0 nanoseconds spent executing 0 JDBC statements;
    0 nanoseconds spent executing 0 JDBC batches;
    0 nanoseconds spent performing 0 L2C puts;
    0 nanoseconds spent performing 0 L2C hits;
    0 nanoseconds spent performing 0 L2C misses;
    0 nanoseconds spent executing 0 flushes (flushing a total of 0 entities and 0 collections);
    0 nanoseconds spent executing 0 partial-flushes (flushing a total of 0 entities and 0 collections)
}
2025-08-06 17:54:40.169  INFO 3856983 --- [  restartedMain] i.StatisticalLoggingSessionEventListener : Session Metrics {
    0 nanoseconds spent acquiring 0 JDBC connections;
    0 nanoseconds spent releasing 0 JDBC connections;
    0 nanoseconds spent preparing 0 JDBC statements;
    0 nanoseconds spent executing 0 JDBC statements;
    0 nanoseconds spent executing 0 JDBC batches;
    0 nanoseconds spent performing 0 L2C puts;
    0 nanoseconds spent performing 0 L2C hits;
    0 nanoseconds spent performing 0 L2C misses;
    0 nanoseconds spent executing 0 flushes (flushing a total of 0 entities and 0 collections);
    0 nanoseconds spent executing 0 partial-flushes (flushing a total of 0 entities and 0 collections)
}
2025-08-06 17:54:40.169  INFO 3856983 --- [  restartedMain] i.StatisticalLoggingSessionEventListener : Session Metrics {
    0 nanoseconds spent acquiring 0 JDBC connections;
    0 nanoseconds spent releasing 0 JDBC connections;
    0 nanoseconds spent preparing 0 JDBC statements;
    0 nanoseconds spent executing 0 JDBC statements;
    0 nanoseconds spent executing 0 JDBC batches;
    0 nanoseconds spent performing 0 L2C puts;
    0 nanoseconds spent performing 0 L2C hits;
    0 nanoseconds spent performing 0 L2C misses;
    0 nanoseconds spent executing 0 flushes (flushing a total of 0 entities and 0 collections);
    0 nanoseconds spent executing 0 partial-flushes (flushing a total of 0 entities and 0 collections)
}
2025-08-06 17:54:40.236  INFO 3856983 --- [  restartedMain] i.StatisticalLoggingSessionEventListener : Session Metrics {
    0 nanoseconds spent acquiring 0 JDBC connections;
    0 nanoseconds spent releasing 0 JDBC connections;
    0 nanoseconds spent preparing 0 JDBC statements;
    0 nanoseconds spent executing 0 JDBC statements;
    0 nanoseconds spent executing 0 JDBC batches;
    0 nanoseconds spent performing 0 L2C puts;
    0 nanoseconds spent performing 0 L2C hits;
    0 nanoseconds spent performing 0 L2C misses;
    0 nanoseconds spent executing 0 flushes (flushing a total of 0 entities and 0 collections);
    0 nanoseconds spent executing 0 partial-flushes (flushing a total of 0 entities and 0 collections)
}
2025-08-06 17:54:40.243  INFO 3856983 --- [  restartedMain] i.StatisticalLoggingSessionEventListener : Session Metrics {
    0 nanoseconds spent acquiring 0 JDBC connections;
    0 nanoseconds spent releasing 0 JDBC connections;
    0 nanoseconds spent preparing 0 JDBC statements;
    0 nanoseconds spent executing 0 JDBC statements;
    0 nanoseconds spent executing 0 JDBC batches;
    0 nanoseconds spent performing 0 L2C puts;
    0 nanoseconds spent performing 0 L2C hits;
    0 nanoseconds spent performing 0 L2C misses;
    0 nanoseconds spent executing 0 flushes (flushing a total of 0 entities and 0 collections);
    0 nanoseconds spent executing 0 partial-flushes (flushing a total of 0 entities and 0 collections)
}
2025-08-06 17:54:40.295  INFO 3856983 --- [  restartedMain] c.k.s.i.KispgWebhookServiceImpl          : KISPG Webhook Service initialized. Active profile: dev. IP Whitelist enabled: false. Allowed IPs: ANY (DEV MODE)
2025-08-06 17:54:40.314  INFO 3856983 --- [  restartedMain] i.StatisticalLoggingSessionEventListener : Session Metrics {
    0 nanoseconds spent acquiring 0 JDBC connections;
    0 nanoseconds spent releasing 0 JDBC connections;
    0 nanoseconds spent preparing 0 JDBC statements;
    0 nanoseconds spent executing 0 JDBC statements;
    0 nanoseconds spent executing 0 JDBC batches;
    0 nanoseconds spent performing 0 L2C puts;
    0 nanoseconds spent performing 0 L2C hits;
    0 nanoseconds spent performing 0 L2C misses;
    0 nanoseconds spent executing 0 flushes (flushing a total of 0 entities and 0 collections);
    0 nanoseconds spent executing 0 partial-flushes (flushing a total of 0 entities and 0 collections)
}
2025-08-06 17:54:40.316  INFO 3856983 --- [  restartedMain] i.StatisticalLoggingSessionEventListener : Session Metrics {
    0 nanoseconds spent acquiring 0 JDBC connections;
    0 nanoseconds spent releasing 0 JDBC connections;
    0 nanoseconds spent preparing 0 JDBC statements;
    0 nanoseconds spent executing 0 JDBC statements;
    0 nanoseconds spent executing 0 JDBC batches;
    0 nanoseconds spent performing 0 L2C puts;
    0 nanoseconds spent performing 0 L2C hits;
    0 nanoseconds spent performing 0 L2C misses;
    0 nanoseconds spent executing 0 flushes (flushing a total of 0 entities and 0 collections);
    0 nanoseconds spent executing 0 partial-flushes (flushing a total of 0 entities and 0 collections)
}
2025-08-06 17:54:40.324  INFO 3856983 --- [  restartedMain] i.StatisticalLoggingSessionEventListener : Session Metrics {
    0 nanoseconds spent acquiring 0 JDBC connections;
    0 nanoseconds spent releasing 0 JDBC connections;
    0 nanoseconds spent preparing 0 JDBC statements;
    0 nanoseconds spent executing 0 JDBC statements;
    0 nanoseconds spent executing 0 JDBC batches;
    0 nanoseconds spent performing 0 L2C puts;
    0 nanoseconds spent performing 0 L2C hits;
    0 nanoseconds spent performing 0 L2C misses;
    0 nanoseconds spent executing 0 flushes (flushing a total of 0 entities and 0 collections);
    0 nanoseconds spent executing 0 partial-flushes (flushing a total of 0 entities and 0 collections)
}
2025-08-06 17:54:40.325  INFO 3856983 --- [  restartedMain] i.StatisticalLoggingSessionEventListener : Session Metrics {
    0 nanoseconds spent acquiring 0 JDBC connections;
    0 nanoseconds spent releasing 0 JDBC connections;
    0 nanoseconds spent preparing 0 JDBC statements;
    0 nanoseconds spent executing 0 JDBC statements;
    0 nanoseconds spent executing 0 JDBC batches;
    0 nanoseconds spent performing 0 L2C puts;
    0 nanoseconds spent performing 0 L2C hits;
    0 nanoseconds spent performing 0 L2C misses;
    0 nanoseconds spent executing 0 flushes (flushing a total of 0 entities and 0 collections);
    0 nanoseconds spent executing 0 partial-flushes (flushing a total of 0 entities and 0 collections)
}
2025-08-06 17:54:40.396  INFO 3856983 --- [  restartedMain] c.n.c.NiceController                     : NICE Success Redirect URL initialized to: http://110.10.189.63,http://110.10.189.63:3000,http://127.0.0.1:3000,http://110.10.189.63:8080/auth/nice/callback
2025-08-06 17:54:40.396  INFO 3856983 --- [  restartedMain] c.n.c.NiceController                     : NICE Fail Redirect URL initialized to: http://110.10.189.63,http://110.10.189.63:3000,http://127.0.0.1:3000,http://110.10.189.63:8080/auth/nice/callback
2025-08-06 17:54:40.423  INFO 3856983 --- [  restartedMain] i.StatisticalLoggingSessionEventListener : Session Metrics {
    0 nanoseconds spent acquiring 0 JDBC connections;
    0 nanoseconds spent releasing 0 JDBC connections;
    0 nanoseconds spent preparing 0 JDBC statements;
    0 nanoseconds spent executing 0 JDBC statements;
    0 nanoseconds spent executing 0 JDBC batches;
    0 nanoseconds spent performing 0 L2C puts;
    0 nanoseconds spent performing 0 L2C hits;
    0 nanoseconds spent performing 0 L2C misses;
    0 nanoseconds spent executing 0 flushes (flushing a total of 0 entities and 0 collections);
    0 nanoseconds spent executing 0 partial-flushes (flushing a total of 0 entities and 0 collections)
}
2025-08-06 17:54:40.425  INFO 3856983 --- [  restartedMain] i.StatisticalLoggingSessionEventListener : Session Metrics {
    0 nanoseconds spent acquiring 0 JDBC connections;
    0 nanoseconds spent releasing 0 JDBC connections;
    0 nanoseconds spent preparing 0 JDBC statements;
    0 nanoseconds spent executing 0 JDBC statements;
    0 nanoseconds spent executing 0 JDBC batches;
    0 nanoseconds spent performing 0 L2C puts;
    0 nanoseconds spent performing 0 L2C hits;
    0 nanoseconds spent performing 0 L2C misses;
    0 nanoseconds spent executing 0 flushes (flushing a total of 0 entities and 0 collections);
    0 nanoseconds spent executing 0 partial-flushes (flushing a total of 0 entities and 0 collections)
}
2025-08-06 17:54:40.437  INFO 3856983 --- [  restartedMain] i.StatisticalLoggingSessionEventListener : Session Metrics {
    0 nanoseconds spent acquiring 0 JDBC connections;
    0 nanoseconds spent releasing 0 JDBC connections;
    0 nanoseconds spent preparing 0 JDBC statements;
    0 nanoseconds spent executing 0 JDBC statements;
    0 nanoseconds spent executing 0 JDBC batches;
    0 nanoseconds spent performing 0 L2C puts;
    0 nanoseconds spent performing 0 L2C hits;
    0 nanoseconds spent performing 0 L2C misses;
    0 nanoseconds spent executing 0 flushes (flushing a total of 0 entities and 0 collections);
    0 nanoseconds spent executing 0 partial-flushes (flushing a total of 0 entities and 0 collections)
}
2025-08-06 17:54:40.437  INFO 3856983 --- [  restartedMain] i.StatisticalLoggingSessionEventListener : Session Metrics {
    0 nanoseconds spent acquiring 0 JDBC connections;
    0 nanoseconds spent releasing 0 JDBC connections;
    0 nanoseconds spent preparing 0 JDBC statements;
    0 nanoseconds spent executing 0 JDBC statements;
    0 nanoseconds spent executing 0 JDBC batches;
    0 nanoseconds spent performing 0 L2C puts;
    0 nanoseconds spent performing 0 L2C hits;
    0 nanoseconds spent performing 0 L2C misses;
    0 nanoseconds spent executing 0 flushes (flushing a total of 0 entities and 0 collections);
    0 nanoseconds spent executing 0 partial-flushes (flushing a total of 0 entities and 0 collections)
}
2025-08-06 17:54:40.438  INFO 3856983 --- [  restartedMain] i.StatisticalLoggingSessionEventListener : Session Metrics {
    0 nanoseconds spent acquiring 0 JDBC connections;
    0 nanoseconds spent releasing 0 JDBC connections;
    0 nanoseconds spent preparing 0 JDBC statements;
    0 nanoseconds spent executing 0 JDBC statements;
    0 nanoseconds spent executing 0 JDBC batches;
    0 nanoseconds spent performing 0 L2C puts;
    0 nanoseconds spent performing 0 L2C hits;
    0 nanoseconds spent performing 0 L2C misses;
    0 nanoseconds spent executing 0 flushes (flushing a total of 0 entities and 0 collections);
    0 nanoseconds spent executing 0 partial-flushes (flushing a total of 0 entities and 0 collections)
}
2025-08-06 17:54:40.438  INFO 3856983 --- [  restartedMain] i.StatisticalLoggingSessionEventListener : Session Metrics {
    0 nanoseconds spent acquiring 0 JDBC connections;
    0 nanoseconds spent releasing 0 JDBC connections;
    0 nanoseconds spent preparing 0 JDBC statements;
    0 nanoseconds spent executing 0 JDBC statements;
    0 nanoseconds spent executing 0 JDBC batches;
    0 nanoseconds spent performing 0 L2C puts;
    0 nanoseconds spent performing 0 L2C hits;
    0 nanoseconds spent performing 0 L2C misses;
    0 nanoseconds spent executing 0 flushes (flushing a total of 0 entities and 0 collections);
    0 nanoseconds spent executing 0 partial-flushes (flushing a total of 0 entities and 0 collections)
}
2025-08-06 17:54:40.438  INFO 3856983 --- [  restartedMain] i.StatisticalLoggingSessionEventListener : Session Metrics {
    0 nanoseconds spent acquiring 0 JDBC connections;
    0 nanoseconds spent releasing 0 JDBC connections;
    0 nanoseconds spent preparing 0 JDBC statements;
    0 nanoseconds spent executing 0 JDBC statements;
    0 nanoseconds spent executing 0 JDBC batches;
    0 nanoseconds spent performing 0 L2C puts;
    0 nanoseconds spent performing 0 L2C hits;
    0 nanoseconds spent performing 0 L2C misses;
    0 nanoseconds spent executing 0 flushes (flushing a total of 0 entities and 0 collections);
    0 nanoseconds spent executing 0 partial-flushes (flushing a total of 0 entities and 0 collections)
}
2025-08-06 17:54:40.439  INFO 3856983 --- [  restartedMain] i.StatisticalLoggingSessionEventListener : Session Metrics {
    0 nanoseconds spent acquiring 0 JDBC connections;
    0 nanoseconds spent releasing 0 JDBC connections;
    0 nanoseconds spent preparing 0 JDBC statements;
    0 nanoseconds spent executing 0 JDBC statements;
    0 nanoseconds spent executing 0 JDBC batches;
    0 nanoseconds spent performing 0 L2C puts;
    0 nanoseconds spent performing 0 L2C hits;
    0 nanoseconds spent performing 0 L2C misses;
    0 nanoseconds spent executing 0 flushes (flushing a total of 0 entities and 0 collections);
    0 nanoseconds spent executing 0 partial-flushes (flushing a total of 0 entities and 0 collections)
}
2025-08-06 17:54:40.439  INFO 3856983 --- [  restartedMain] i.StatisticalLoggingSessionEventListener : Session Metrics {
    0 nanoseconds spent acquiring 0 JDBC connections;
    0 nanoseconds spent releasing 0 JDBC connections;
    0 nanoseconds spent preparing 0 JDBC statements;
    0 nanoseconds spent executing 0 JDBC statements;
    0 nanoseconds spent executing 0 JDBC batches;
    0 nanoseconds spent performing 0 L2C puts;
    0 nanoseconds spent performing 0 L2C hits;
    0 nanoseconds spent performing 0 L2C misses;
    0 nanoseconds spent executing 0 flushes (flushing a total of 0 entities and 0 collections);
    0 nanoseconds spent executing 0 partial-flushes (flushing a total of 0 entities and 0 collections)
}
2025-08-06 17:54:40.440  INFO 3856983 --- [  restartedMain] i.StatisticalLoggingSessionEventListener : Session Metrics {
    0 nanoseconds spent acquiring 0 JDBC connections;
    0 nanoseconds spent releasing 0 JDBC connections;
    0 nanoseconds spent preparing 0 JDBC statements;
    0 nanoseconds spent executing 0 JDBC statements;
    0 nanoseconds spent executing 0 JDBC batches;
    0 nanoseconds spent performing 0 L2C puts;
    0 nanoseconds spent performing 0 L2C hits;
    0 nanoseconds spent performing 0 L2C misses;
    0 nanoseconds spent executing 0 flushes (flushing a total of 0 entities and 0 collections);
    0 nanoseconds spent executing 0 partial-flushes (flushing a total of 0 entities and 0 collections)
}
2025-08-06 17:54:40.441  INFO 3856983 --- [  restartedMain] i.StatisticalLoggingSessionEventListener : Session Metrics {
    0 nanoseconds spent acquiring 0 JDBC connections;
    0 nanoseconds spent releasing 0 JDBC connections;
    0 nanoseconds spent preparing 0 JDBC statements;
    0 nanoseconds spent executing 0 JDBC statements;
    0 nanoseconds spent executing 0 JDBC batches;
    0 nanoseconds spent performing 0 L2C puts;
    0 nanoseconds spent performing 0 L2C hits;
    0 nanoseconds spent performing 0 L2C misses;
    0 nanoseconds spent executing 0 flushes (flushing a total of 0 entities and 0 collections);
    0 nanoseconds spent executing 0 partial-flushes (flushing a total of 0 entities and 0 collections)
}
2025-08-06 17:54:40.442  INFO 3856983 --- [  restartedMain] i.StatisticalLoggingSessionEventListener : Session Metrics {
    0 nanoseconds spent acquiring 0 JDBC connections;
    0 nanoseconds spent releasing 0 JDBC connections;
    0 nanoseconds spent preparing 0 JDBC statements;
    0 nanoseconds spent executing 0 JDBC statements;
    0 nanoseconds spent executing 0 JDBC batches;
    0 nanoseconds spent performing 0 L2C puts;
    0 nanoseconds spent performing 0 L2C hits;
    0 nanoseconds spent performing 0 L2C misses;
    0 nanoseconds spent executing 0 flushes (flushing a total of 0 entities and 0 collections);
    0 nanoseconds spent executing 0 partial-flushes (flushing a total of 0 entities and 0 collections)
}
2025-08-06 17:54:40.442  INFO 3856983 --- [  restartedMain] i.StatisticalLoggingSessionEventListener : Session Metrics {
    0 nanoseconds spent acquiring 0 JDBC connections;
    0 nanoseconds spent releasing 0 JDBC connections;
    0 nanoseconds spent preparing 0 JDBC statements;
    0 nanoseconds spent executing 0 JDBC statements;
    0 nanoseconds spent executing 0 JDBC batches;
    0 nanoseconds spent performing 0 L2C puts;
    0 nanoseconds spent performing 0 L2C hits;
    0 nanoseconds spent performing 0 L2C misses;
    0 nanoseconds spent executing 0 flushes (flushing a total of 0 entities and 0 collections);
    0 nanoseconds spent executing 0 partial-flushes (flushing a total of 0 entities and 0 collections)
}
2025-08-06 17:54:40.442  INFO 3856983 --- [  restartedMain] i.StatisticalLoggingSessionEventListener : Session Metrics {
    0 nanoseconds spent acquiring 0 JDBC connections;
    0 nanoseconds spent releasing 0 JDBC connections;
    0 nanoseconds spent preparing 0 JDBC statements;
    0 nanoseconds spent executing 0 JDBC statements;
    0 nanoseconds spent executing 0 JDBC batches;
    0 nanoseconds spent performing 0 L2C puts;
    0 nanoseconds spent performing 0 L2C hits;
    0 nanoseconds spent performing 0 L2C misses;
    0 nanoseconds spent executing 0 flushes (flushing a total of 0 entities and 0 collections);
    0 nanoseconds spent executing 0 partial-flushes (flushing a total of 0 entities and 0 collections)
}
2025-08-06 17:54:40.443  INFO 3856983 --- [  restartedMain] i.StatisticalLoggingSessionEventListener : Session Metrics {
    0 nanoseconds spent acquiring 0 JDBC connections;
    0 nanoseconds spent releasing 0 JDBC connections;
    0 nanoseconds spent preparing 0 JDBC statements;
    0 nanoseconds spent executing 0 JDBC statements;
    0 nanoseconds spent executing 0 JDBC batches;
    0 nanoseconds spent performing 0 L2C puts;
    0 nanoseconds spent performing 0 L2C hits;
    0 nanoseconds spent performing 0 L2C misses;
    0 nanoseconds spent executing 0 flushes (flushing a total of 0 entities and 0 collections);
    0 nanoseconds spent executing 0 partial-flushes (flushing a total of 0 entities and 0 collections)
}
2025-08-06 17:54:40.443  INFO 3856983 --- [  restartedMain] i.StatisticalLoggingSessionEventListener : Session Metrics {
    0 nanoseconds spent acquiring 0 JDBC connections;
    0 nanoseconds spent releasing 0 JDBC connections;
    0 nanoseconds spent preparing 0 JDBC statements;
    0 nanoseconds spent executing 0 JDBC statements;
    0 nanoseconds spent executing 0 JDBC batches;
    0 nanoseconds spent performing 0 L2C puts;
    0 nanoseconds spent performing 0 L2C hits;
    0 nanoseconds spent performing 0 L2C misses;
    0 nanoseconds spent executing 0 flushes (flushing a total of 0 entities and 0 collections);
    0 nanoseconds spent executing 0 partial-flushes (flushing a total of 0 entities and 0 collections)
}
2025-08-06 17:54:40.443  INFO 3856983 --- [  restartedMain] i.StatisticalLoggingSessionEventListener : Session Metrics {
    0 nanoseconds spent acquiring 0 JDBC connections;
    0 nanoseconds spent releasing 0 JDBC connections;
    0 nanoseconds spent preparing 0 JDBC statements;
    0 nanoseconds spent executing 0 JDBC statements;
    0 nanoseconds spent executing 0 JDBC batches;
    0 nanoseconds spent performing 0 L2C puts;
    0 nanoseconds spent performing 0 L2C hits;
    0 nanoseconds spent performing 0 L2C misses;
    0 nanoseconds spent executing 0 flushes (flushing a total of 0 entities and 0 collections);
    0 nanoseconds spent executing 0 partial-flushes (flushing a total of 0 entities and 0 collections)
}
2025-08-06 17:54:40.443  INFO 3856983 --- [  restartedMain] i.StatisticalLoggingSessionEventListener : Session Metrics {
    0 nanoseconds spent acquiring 0 JDBC connections;
    0 nanoseconds spent releasing 0 JDBC connections;
    0 nanoseconds spent preparing 0 JDBC statements;
    0 nanoseconds spent executing 0 JDBC statements;
    0 nanoseconds spent executing 0 JDBC batches;
    0 nanoseconds spent performing 0 L2C puts;
    0 nanoseconds spent performing 0 L2C hits;
    0 nanoseconds spent performing 0 L2C misses;
    0 nanoseconds spent executing 0 flushes (flushing a total of 0 entities and 0 collections);
    0 nanoseconds spent executing 0 partial-flushes (flushing a total of 0 entities and 0 collections)
}
2025-08-06 17:54:40.505  INFO 3856983 --- [  restartedMain] i.StatisticalLoggingSessionEventListener : Session Metrics {
    0 nanoseconds spent acquiring 0 JDBC connections;
    0 nanoseconds spent releasing 0 JDBC connections;
    0 nanoseconds spent preparing 0 JDBC statements;
    0 nanoseconds spent executing 0 JDBC statements;
    0 nanoseconds spent executing 0 JDBC batches;
    0 nanoseconds spent performing 0 L2C puts;
    0 nanoseconds spent performing 0 L2C hits;
    0 nanoseconds spent performing 0 L2C misses;
    0 nanoseconds spent executing 0 flushes (flushing a total of 0 entities and 0 collections);
    0 nanoseconds spent executing 0 partial-flushes (flushing a total of 0 entities and 0 collections)
}
2025-08-06 17:54:40.506  INFO 3856983 --- [  restartedMain] i.StatisticalLoggingSessionEventListener : Session Metrics {
    0 nanoseconds spent acquiring 0 JDBC connections;
    0 nanoseconds spent releasing 0 JDBC connections;
    0 nanoseconds spent preparing 0 JDBC statements;
    0 nanoseconds spent executing 0 JDBC statements;
    0 nanoseconds spent executing 0 JDBC batches;
    0 nanoseconds spent performing 0 L2C puts;
    0 nanoseconds spent performing 0 L2C hits;
    0 nanoseconds spent performing 0 L2C misses;
    0 nanoseconds spent executing 0 flushes (flushing a total of 0 entities and 0 collections);
    0 nanoseconds spent executing 0 partial-flushes (flushing a total of 0 entities and 0 collections)
}
2025-08-06 17:54:40.523  INFO 3856983 --- [  restartedMain] i.StatisticalLoggingSessionEventListener : Session Metrics {
    0 nanoseconds spent acquiring 0 JDBC connections;
    0 nanoseconds spent releasing 0 JDBC connections;
    0 nanoseconds spent preparing 0 JDBC statements;
    0 nanoseconds spent executing 0 JDBC statements;
    0 nanoseconds spent executing 0 JDBC batches;
    0 nanoseconds spent performing 0 L2C puts;
    0 nanoseconds spent performing 0 L2C hits;
    0 nanoseconds spent performing 0 L2C misses;
    0 nanoseconds spent executing 0 flushes (flushing a total of 0 entities and 0 collections);
    0 nanoseconds spent executing 0 partial-flushes (flushing a total of 0 entities and 0 collections)
}
2025-08-06 17:54:40.523  INFO 3856983 --- [  restartedMain] i.StatisticalLoggingSessionEventListener : Session Metrics {
    0 nanoseconds spent acquiring 0 JDBC connections;
    0 nanoseconds spent releasing 0 JDBC connections;
    0 nanoseconds spent preparing 0 JDBC statements;
    0 nanoseconds spent executing 0 JDBC statements;
    0 nanoseconds spent executing 0 JDBC batches;
    0 nanoseconds spent performing 0 L2C puts;
    0 nanoseconds spent performing 0 L2C hits;
    0 nanoseconds spent performing 0 L2C misses;
    0 nanoseconds spent executing 0 flushes (flushing a total of 0 entities and 0 collections);
    0 nanoseconds spent executing 0 partial-flushes (flushing a total of 0 entities and 0 collections)
}
2025-08-06 17:54:40.524  INFO 3856983 --- [  restartedMain] i.StatisticalLoggingSessionEventListener : Session Metrics {
    0 nanoseconds spent acquiring 0 JDBC connections;
    0 nanoseconds spent releasing 0 JDBC connections;
    0 nanoseconds spent preparing 0 JDBC statements;
    0 nanoseconds spent executing 0 JDBC statements;
    0 nanoseconds spent executing 0 JDBC batches;
    0 nanoseconds spent performing 0 L2C puts;
    0 nanoseconds spent performing 0 L2C hits;
    0 nanoseconds spent performing 0 L2C misses;
    0 nanoseconds spent executing 0 flushes (flushing a total of 0 entities and 0 collections);
    0 nanoseconds spent executing 0 partial-flushes (flushing a total of 0 entities and 0 collections)
}
2025-08-06 17:54:40.530  INFO 3856983 --- [  restartedMain] i.StatisticalLoggingSessionEventListener : Session Metrics {
    0 nanoseconds spent acquiring 0 JDBC connections;
    0 nanoseconds spent releasing 0 JDBC connections;
    0 nanoseconds spent preparing 0 JDBC statements;
    0 nanoseconds spent executing 0 JDBC statements;
    0 nanoseconds spent executing 0 JDBC batches;
    0 nanoseconds spent performing 0 L2C puts;
    0 nanoseconds spent performing 0 L2C hits;
    0 nanoseconds spent performing 0 L2C misses;
    0 nanoseconds spent executing 0 flushes (flushing a total of 0 entities and 0 collections);
    0 nanoseconds spent executing 0 partial-flushes (flushing a total of 0 entities and 0 collections)
}
2025-08-06 17:54:40.531  INFO 3856983 --- [  restartedMain] i.StatisticalLoggingSessionEventListener : Session Metrics {
    0 nanoseconds spent acquiring 0 JDBC connections;
    0 nanoseconds spent releasing 0 JDBC connections;
    0 nanoseconds spent preparing 0 JDBC statements;
    0 nanoseconds spent executing 0 JDBC statements;
    0 nanoseconds spent executing 0 JDBC batches;
    0 nanoseconds spent performing 0 L2C puts;
    0 nanoseconds spent performing 0 L2C hits;
    0 nanoseconds spent performing 0 L2C misses;
    0 nanoseconds spent executing 0 flushes (flushing a total of 0 entities and 0 collections);
    0 nanoseconds spent executing 0 partial-flushes (flushing a total of 0 entities and 0 collections)
}
2025-08-06 17:54:40.531  INFO 3856983 --- [  restartedMain] i.StatisticalLoggingSessionEventListener : Session Metrics {
    0 nanoseconds spent acquiring 0 JDBC connections;
    0 nanoseconds spent releasing 0 JDBC connections;
    0 nanoseconds spent preparing 0 JDBC statements;
    0 nanoseconds spent executing 0 JDBC statements;
    0 nanoseconds spent executing 0 JDBC batches;
    0 nanoseconds spent performing 0 L2C puts;
    0 nanoseconds spent performing 0 L2C hits;
    0 nanoseconds spent performing 0 L2C misses;
    0 nanoseconds spent executing 0 flushes (flushing a total of 0 entities and 0 collections);
    0 nanoseconds spent executing 0 partial-flushes (flushing a total of 0 entities and 0 collections)
}
2025-08-06 17:54:40.531  INFO 3856983 --- [  restartedMain] i.StatisticalLoggingSessionEventListener : Session Metrics {
    0 nanoseconds spent acquiring 0 JDBC connections;
    0 nanoseconds spent releasing 0 JDBC connections;
    0 nanoseconds spent preparing 0 JDBC statements;
    0 nanoseconds spent executing 0 JDBC statements;
    0 nanoseconds spent executing 0 JDBC batches;
    0 nanoseconds spent performing 0 L2C puts;
    0 nanoseconds spent performing 0 L2C hits;
    0 nanoseconds spent performing 0 L2C misses;
    0 nanoseconds spent executing 0 flushes (flushing a total of 0 entities and 0 collections);
    0 nanoseconds spent executing 0 partial-flushes (flushing a total of 0 entities and 0 collections)
}
2025-08-06 17:54:40.532  INFO 3856983 --- [  restartedMain] i.StatisticalLoggingSessionEventListener : Session Metrics {
    0 nanoseconds spent acquiring 0 JDBC connections;
    0 nanoseconds spent releasing 0 JDBC connections;
    0 nanoseconds spent preparing 0 JDBC statements;
    0 nanoseconds spent executing 0 JDBC statements;
    0 nanoseconds spent executing 0 JDBC batches;
    0 nanoseconds spent performing 0 L2C puts;
    0 nanoseconds spent performing 0 L2C hits;
    0 nanoseconds spent performing 0 L2C misses;
    0 nanoseconds spent executing 0 flushes (flushing a total of 0 entities and 0 collections);
    0 nanoseconds spent executing 0 partial-flushes (flushing a total of 0 entities and 0 collections)
}
2025-08-06 17:54:40.532  INFO 3856983 --- [  restartedMain] i.StatisticalLoggingSessionEventListener : Session Metrics {
    0 nanoseconds spent acquiring 0 JDBC connections;
    0 nanoseconds spent releasing 0 JDBC connections;
    0 nanoseconds spent preparing 0 JDBC statements;
    0 nanoseconds spent executing 0 JDBC statements;
    0 nanoseconds spent executing 0 JDBC batches;
    0 nanoseconds spent performing 0 L2C puts;
    0 nanoseconds spent performing 0 L2C hits;
    0 nanoseconds spent performing 0 L2C misses;
    0 nanoseconds spent executing 0 flushes (flushing a total of 0 entities and 0 collections);
    0 nanoseconds spent executing 0 partial-flushes (flushing a total of 0 entities and 0 collections)
}
2025-08-06 17:54:40.533  INFO 3856983 --- [  restartedMain] i.StatisticalLoggingSessionEventListener : Session Metrics {
    0 nanoseconds spent acquiring 0 JDBC connections;
    0 nanoseconds spent releasing 0 JDBC connections;
    0 nanoseconds spent preparing 0 JDBC statements;
    0 nanoseconds spent executing 0 JDBC statements;
    0 nanoseconds spent executing 0 JDBC batches;
    0 nanoseconds spent performing 0 L2C puts;
    0 nanoseconds spent performing 0 L2C hits;
    0 nanoseconds spent performing 0 L2C misses;
    0 nanoseconds spent executing 0 flushes (flushing a total of 0 entities and 0 collections);
    0 nanoseconds spent executing 0 partial-flushes (flushing a total of 0 entities and 0 collections)
}
2025-08-06 17:54:40.533  INFO 3856983 --- [  restartedMain] i.StatisticalLoggingSessionEventListener : Session Metrics {
    0 nanoseconds spent acquiring 0 JDBC connections;
    0 nanoseconds spent releasing 0 JDBC connections;
    0 nanoseconds spent preparing 0 JDBC statements;
    0 nanoseconds spent executing 0 JDBC statements;
    0 nanoseconds spent executing 0 JDBC batches;
    0 nanoseconds spent performing 0 L2C puts;
    0 nanoseconds spent performing 0 L2C hits;
    0 nanoseconds spent performing 0 L2C misses;
    0 nanoseconds spent executing 0 flushes (flushing a total of 0 entities and 0 collections);
    0 nanoseconds spent executing 0 partial-flushes (flushing a total of 0 entities and 0 collections)
}
2025-08-06 17:54:40.533  INFO 3856983 --- [  restartedMain] i.StatisticalLoggingSessionEventListener : Session Metrics {
    0 nanoseconds spent acquiring 0 JDBC connections;
    0 nanoseconds spent releasing 0 JDBC connections;
    0 nanoseconds spent preparing 0 JDBC statements;
    0 nanoseconds spent executing 0 JDBC statements;
    0 nanoseconds spent executing 0 JDBC batches;
    0 nanoseconds spent performing 0 L2C puts;
    0 nanoseconds spent performing 0 L2C hits;
    0 nanoseconds spent performing 0 L2C misses;
    0 nanoseconds spent executing 0 flushes (flushing a total of 0 entities and 0 collections);
    0 nanoseconds spent executing 0 partial-flushes (flushing a total of 0 entities and 0 collections)
}
2025-08-06 17:54:40.534  INFO 3856983 --- [  restartedMain] i.StatisticalLoggingSessionEventListener : Session Metrics {
    0 nanoseconds spent acquiring 0 JDBC connections;
    0 nanoseconds spent releasing 0 JDBC connections;
    0 nanoseconds spent preparing 0 JDBC statements;
    0 nanoseconds spent executing 0 JDBC statements;
    0 nanoseconds spent executing 0 JDBC batches;
    0 nanoseconds spent performing 0 L2C puts;
    0 nanoseconds spent performing 0 L2C hits;
    0 nanoseconds spent performing 0 L2C misses;
    0 nanoseconds spent executing 0 flushes (flushing a total of 0 entities and 0 collections);
    0 nanoseconds spent executing 0 partial-flushes (flushing a total of 0 entities and 0 collections)
}
2025-08-06 17:54:40.534  INFO 3856983 --- [  restartedMain] i.StatisticalLoggingSessionEventListener : Session Metrics {
    0 nanoseconds spent acquiring 0 JDBC connections;
    0 nanoseconds spent releasing 0 JDBC connections;
    0 nanoseconds spent preparing 0 JDBC statements;
    0 nanoseconds spent executing 0 JDBC statements;
    0 nanoseconds spent executing 0 JDBC batches;
    0 nanoseconds spent performing 0 L2C puts;
    0 nanoseconds spent performing 0 L2C hits;
    0 nanoseconds spent performing 0 L2C misses;
    0 nanoseconds spent executing 0 flushes (flushing a total of 0 entities and 0 collections);
    0 nanoseconds spent executing 0 partial-flushes (flushing a total of 0 entities and 0 collections)
}
2025-08-06 17:54:40.534  INFO 3856983 --- [  restartedMain] i.StatisticalLoggingSessionEventListener : Session Metrics {
    0 nanoseconds spent acquiring 0 JDBC connections;
    0 nanoseconds spent releasing 0 JDBC connections;
    0 nanoseconds spent preparing 0 JDBC statements;
    0 nanoseconds spent executing 0 JDBC statements;
    0 nanoseconds spent executing 0 JDBC batches;
    0 nanoseconds spent performing 0 L2C puts;
    0 nanoseconds spent performing 0 L2C hits;
    0 nanoseconds spent performing 0 L2C misses;
    0 nanoseconds spent executing 0 flushes (flushing a total of 0 entities and 0 collections);
    0 nanoseconds spent executing 0 partial-flushes (flushing a total of 0 entities and 0 collections)
}
2025-08-06 17:54:40.535  INFO 3856983 --- [  restartedMain] i.StatisticalLoggingSessionEventListener : Session Metrics {
    0 nanoseconds spent acquiring 0 JDBC connections;
    0 nanoseconds spent releasing 0 JDBC connections;
    0 nanoseconds spent preparing 0 JDBC statements;
    0 nanoseconds spent executing 0 JDBC statements;
    0 nanoseconds spent executing 0 JDBC batches;
    0 nanoseconds spent performing 0 L2C puts;
    0 nanoseconds spent performing 0 L2C hits;
    0 nanoseconds spent performing 0 L2C misses;
    0 nanoseconds spent executing 0 flushes (flushing a total of 0 entities and 0 collections);
    0 nanoseconds spent executing 0 partial-flushes (flushing a total of 0 entities and 0 collections)
}
2025-08-06 17:54:40.535  INFO 3856983 --- [  restartedMain] i.StatisticalLoggingSessionEventListener : Session Metrics {
    0 nanoseconds spent acquiring 0 JDBC connections;
    0 nanoseconds spent releasing 0 JDBC connections;
    0 nanoseconds spent preparing 0 JDBC statements;
    0 nanoseconds spent executing 0 JDBC statements;
    0 nanoseconds spent executing 0 JDBC batches;
    0 nanoseconds spent performing 0 L2C puts;
    0 nanoseconds spent performing 0 L2C hits;
    0 nanoseconds spent performing 0 L2C misses;
    0 nanoseconds spent executing 0 flushes (flushing a total of 0 entities and 0 collections);
    0 nanoseconds spent executing 0 partial-flushes (flushing a total of 0 entities and 0 collections)
}
2025-08-06 17:54:40.535  INFO 3856983 --- [  restartedMain] i.StatisticalLoggingSessionEventListener : Session Metrics {
    0 nanoseconds spent acquiring 0 JDBC connections;
    0 nanoseconds spent releasing 0 JDBC connections;
    0 nanoseconds spent preparing 0 JDBC statements;
    0 nanoseconds spent executing 0 JDBC statements;
    0 nanoseconds spent executing 0 JDBC batches;
    0 nanoseconds spent performing 0 L2C puts;
    0 nanoseconds spent performing 0 L2C hits;
    0 nanoseconds spent performing 0 L2C misses;
    0 nanoseconds spent executing 0 flushes (flushing a total of 0 entities and 0 collections);
    0 nanoseconds spent executing 0 partial-flushes (flushing a total of 0 entities and 0 collections)
}
2025-08-06 17:54:40.537  INFO 3856983 --- [  restartedMain] i.StatisticalLoggingSessionEventListener : Session Metrics {
    0 nanoseconds spent acquiring 0 JDBC connections;
    0 nanoseconds spent releasing 0 JDBC connections;
    0 nanoseconds spent preparing 0 JDBC statements;
    0 nanoseconds spent executing 0 JDBC statements;
    0 nanoseconds spent executing 0 JDBC batches;
    0 nanoseconds spent performing 0 L2C puts;
    0 nanoseconds spent performing 0 L2C hits;
    0 nanoseconds spent performing 0 L2C misses;
    0 nanoseconds spent executing 0 flushes (flushing a total of 0 entities and 0 collections);
    0 nanoseconds spent executing 0 partial-flushes (flushing a total of 0 entities and 0 collections)
}
2025-08-06 17:54:40.538  INFO 3856983 --- [  restartedMain] i.StatisticalLoggingSessionEventListener : Session Metrics {
    0 nanoseconds spent acquiring 0 JDBC connections;
    0 nanoseconds spent releasing 0 JDBC connections;
    0 nanoseconds spent preparing 0 JDBC statements;
    0 nanoseconds spent executing 0 JDBC statements;
    0 nanoseconds spent executing 0 JDBC batches;
    0 nanoseconds spent performing 0 L2C puts;
    0 nanoseconds spent performing 0 L2C hits;
    0 nanoseconds spent performing 0 L2C misses;
    0 nanoseconds spent executing 0 flushes (flushing a total of 0 entities and 0 collections);
    0 nanoseconds spent executing 0 partial-flushes (flushing a total of 0 entities and 0 collections)
}
2025-08-06 17:54:40.599  INFO 3856983 --- [  restartedMain] i.StatisticalLoggingSessionEventListener : Session Metrics {
    0 nanoseconds spent acquiring 0 JDBC connections;
    0 nanoseconds spent releasing 0 JDBC connections;
    0 nanoseconds spent preparing 0 JDBC statements;
    0 nanoseconds spent executing 0 JDBC statements;
    0 nanoseconds spent executing 0 JDBC batches;
    0 nanoseconds spent performing 0 L2C puts;
    0 nanoseconds spent performing 0 L2C hits;
    0 nanoseconds spent performing 0 L2C misses;
    0 nanoseconds spent executing 0 flushes (flushing a total of 0 entities and 0 collections);
    0 nanoseconds spent executing 0 partial-flushes (flushing a total of 0 entities and 0 collections)
}
2025-08-06 17:54:40.602  INFO 3856983 --- [  restartedMain] i.StatisticalLoggingSessionEventListener : Session Metrics {
    0 nanoseconds spent acquiring 0 JDBC connections;
    0 nanoseconds spent releasing 0 JDBC connections;
    0 nanoseconds spent preparing 0 JDBC statements;
    0 nanoseconds spent executing 0 JDBC statements;
    0 nanoseconds spent executing 0 JDBC batches;
    0 nanoseconds spent performing 0 L2C puts;
    0 nanoseconds spent performing 0 L2C hits;
    0 nanoseconds spent performing 0 L2C misses;
    0 nanoseconds spent executing 0 flushes (flushing a total of 0 entities and 0 collections);
    0 nanoseconds spent executing 0 partial-flushes (flushing a total of 0 entities and 0 collections)
}
2025-08-06 17:54:40.613  INFO 3856983 --- [  restartedMain] i.StatisticalLoggingSessionEventListener : Session Metrics {
    0 nanoseconds spent acquiring 0 JDBC connections;
    0 nanoseconds spent releasing 0 JDBC connections;
    0 nanoseconds spent preparing 0 JDBC statements;
    0 nanoseconds spent executing 0 JDBC statements;
    0 nanoseconds spent executing 0 JDBC batches;
    0 nanoseconds spent performing 0 L2C puts;
    0 nanoseconds spent performing 0 L2C hits;
    0 nanoseconds spent performing 0 L2C misses;
    0 nanoseconds spent executing 0 flushes (flushing a total of 0 entities and 0 collections);
    0 nanoseconds spent executing 0 partial-flushes (flushing a total of 0 entities and 0 collections)
}
2025-08-06 17:54:40.613  INFO 3856983 --- [  restartedMain] i.StatisticalLoggingSessionEventListener : Session Metrics {
    0 nanoseconds spent acquiring 0 JDBC connections;
    0 nanoseconds spent releasing 0 JDBC connections;
    0 nanoseconds spent preparing 0 JDBC statements;
    0 nanoseconds spent executing 0 JDBC statements;
    0 nanoseconds spent executing 0 JDBC batches;
    0 nanoseconds spent performing 0 L2C puts;
    0 nanoseconds spent performing 0 L2C hits;
    0 nanoseconds spent performing 0 L2C misses;
    0 nanoseconds spent executing 0 flushes (flushing a total of 0 entities and 0 collections);
    0 nanoseconds spent executing 0 partial-flushes (flushing a total of 0 entities and 0 collections)
}
2025-08-06 17:54:40.613  INFO 3856983 --- [  restartedMain] i.StatisticalLoggingSessionEventListener : Session Metrics {
    0 nanoseconds spent acquiring 0 JDBC connections;
    0 nanoseconds spent releasing 0 JDBC connections;
    0 nanoseconds spent preparing 0 JDBC statements;
    0 nanoseconds spent executing 0 JDBC statements;
    0 nanoseconds spent executing 0 JDBC batches;
    0 nanoseconds spent performing 0 L2C puts;
    0 nanoseconds spent performing 0 L2C hits;
    0 nanoseconds spent performing 0 L2C misses;
    0 nanoseconds spent executing 0 flushes (flushing a total of 0 entities and 0 collections);
    0 nanoseconds spent executing 0 partial-flushes (flushing a total of 0 entities and 0 collections)
}
2025-08-06 17:54:40.613  INFO 3856983 --- [  restartedMain] i.StatisticalLoggingSessionEventListener : Session Metrics {
    0 nanoseconds spent acquiring 0 JDBC connections;
    0 nanoseconds spent releasing 0 JDBC connections;
    0 nanoseconds spent preparing 0 JDBC statements;
    0 nanoseconds spent executing 0 JDBC statements;
    0 nanoseconds spent executing 0 JDBC batches;
    0 nanoseconds spent performing 0 L2C puts;
    0 nanoseconds spent performing 0 L2C hits;
    0 nanoseconds spent performing 0 L2C misses;
    0 nanoseconds spent executing 0 flushes (flushing a total of 0 entities and 0 collections);
    0 nanoseconds spent executing 0 partial-flushes (flushing a total of 0 entities and 0 collections)
}
2025-08-06 17:54:40.614  INFO 3856983 --- [  restartedMain] i.StatisticalLoggingSessionEventListener : Session Metrics {
    0 nanoseconds spent acquiring 0 JDBC connections;
    0 nanoseconds spent releasing 0 JDBC connections;
    0 nanoseconds spent preparing 0 JDBC statements;
    0 nanoseconds spent executing 0 JDBC statements;
    0 nanoseconds spent executing 0 JDBC batches;
    0 nanoseconds spent performing 0 L2C puts;
    0 nanoseconds spent performing 0 L2C hits;
    0 nanoseconds spent performing 0 L2C misses;
    0 nanoseconds spent executing 0 flushes (flushing a total of 0 entities and 0 collections);
    0 nanoseconds spent executing 0 partial-flushes (flushing a total of 0 entities and 0 collections)
}
2025-08-06 17:54:40.614  INFO 3856983 --- [  restartedMain] i.StatisticalLoggingSessionEventListener : Session Metrics {
    0 nanoseconds spent acquiring 0 JDBC connections;
    0 nanoseconds spent releasing 0 JDBC connections;
    0 nanoseconds spent preparing 0 JDBC statements;
    0 nanoseconds spent executing 0 JDBC statements;
    0 nanoseconds spent executing 0 JDBC batches;
    0 nanoseconds spent performing 0 L2C puts;
    0 nanoseconds spent performing 0 L2C hits;
    0 nanoseconds spent performing 0 L2C misses;
    0 nanoseconds spent executing 0 flushes (flushing a total of 0 entities and 0 collections);
    0 nanoseconds spent executing 0 partial-flushes (flushing a total of 0 entities and 0 collections)
}
2025-08-06 17:54:40.615  INFO 3856983 --- [  restartedMain] i.StatisticalLoggingSessionEventListener : Session Metrics {
    0 nanoseconds spent acquiring 0 JDBC connections;
    0 nanoseconds spent releasing 0 JDBC connections;
    0 nanoseconds spent preparing 0 JDBC statements;
    0 nanoseconds spent executing 0 JDBC statements;
    0 nanoseconds spent executing 0 JDBC batches;
    0 nanoseconds spent performing 0 L2C puts;
    0 nanoseconds spent performing 0 L2C hits;
    0 nanoseconds spent performing 0 L2C misses;
    0 nanoseconds spent executing 0 flushes (flushing a total of 0 entities and 0 collections);
    0 nanoseconds spent executing 0 partial-flushes (flushing a total of 0 entities and 0 collections)
}
2025-08-06 17:54:40.615  INFO 3856983 --- [  restartedMain] i.StatisticalLoggingSessionEventListener : Session Metrics {
    0 nanoseconds spent acquiring 0 JDBC connections;
    0 nanoseconds spent releasing 0 JDBC connections;
    0 nanoseconds spent preparing 0 JDBC statements;
    0 nanoseconds spent executing 0 JDBC statements;
    0 nanoseconds spent executing 0 JDBC batches;
    0 nanoseconds spent performing 0 L2C puts;
    0 nanoseconds spent performing 0 L2C hits;
    0 nanoseconds spent performing 0 L2C misses;
    0 nanoseconds spent executing 0 flushes (flushing a total of 0 entities and 0 collections);
    0 nanoseconds spent executing 0 partial-flushes (flushing a total of 0 entities and 0 collections)
}
2025-08-06 17:54:40.615  INFO 3856983 --- [  restartedMain] i.StatisticalLoggingSessionEventListener : Session Metrics {
    0 nanoseconds spent acquiring 0 JDBC connections;
    0 nanoseconds spent releasing 0 JDBC connections;
    0 nanoseconds spent preparing 0 JDBC statements;
    0 nanoseconds spent executing 0 JDBC statements;
    0 nanoseconds spent executing 0 JDBC batches;
    0 nanoseconds spent performing 0 L2C puts;
    0 nanoseconds spent performing 0 L2C hits;
    0 nanoseconds spent performing 0 L2C misses;
    0 nanoseconds spent executing 0 flushes (flushing a total of 0 entities and 0 collections);
    0 nanoseconds spent executing 0 partial-flushes (flushing a total of 0 entities and 0 collections)
}
2025-08-06 17:54:40.615  INFO 3856983 --- [  restartedMain] i.StatisticalLoggingSessionEventListener : Session Metrics {
    0 nanoseconds spent acquiring 0 JDBC connections;
    0 nanoseconds spent releasing 0 JDBC connections;
    0 nanoseconds spent preparing 0 JDBC statements;
    0 nanoseconds spent executing 0 JDBC statements;
    0 nanoseconds spent executing 0 JDBC batches;
    0 nanoseconds spent performing 0 L2C puts;
    0 nanoseconds spent performing 0 L2C hits;
    0 nanoseconds spent performing 0 L2C misses;
    0 nanoseconds spent executing 0 flushes (flushing a total of 0 entities and 0 collections);
    0 nanoseconds spent executing 0 partial-flushes (flushing a total of 0 entities and 0 collections)
}
2025-08-06 17:54:40.616  INFO 3856983 --- [  restartedMain] i.StatisticalLoggingSessionEventListener : Session Metrics {
    0 nanoseconds spent acquiring 0 JDBC connections;
    0 nanoseconds spent releasing 0 JDBC connections;
    0 nanoseconds spent preparing 0 JDBC statements;
    0 nanoseconds spent executing 0 JDBC statements;
    0 nanoseconds spent executing 0 JDBC batches;
    0 nanoseconds spent performing 0 L2C puts;
    0 nanoseconds spent performing 0 L2C hits;
    0 nanoseconds spent performing 0 L2C misses;
    0 nanoseconds spent executing 0 flushes (flushing a total of 0 entities and 0 collections);
    0 nanoseconds spent executing 0 partial-flushes (flushing a total of 0 entities and 0 collections)
}
2025-08-06 17:54:40.616  INFO 3856983 --- [  restartedMain] i.StatisticalLoggingSessionEventListener : Session Metrics {
    0 nanoseconds spent acquiring 0 JDBC connections;
    0 nanoseconds spent releasing 0 JDBC connections;
    0 nanoseconds spent preparing 0 JDBC statements;
    0 nanoseconds spent executing 0 JDBC statements;
    0 nanoseconds spent executing 0 JDBC batches;
    0 nanoseconds spent performing 0 L2C puts;
    0 nanoseconds spent performing 0 L2C hits;
    0 nanoseconds spent performing 0 L2C misses;
    0 nanoseconds spent executing 0 flushes (flushing a total of 0 entities and 0 collections);
    0 nanoseconds spent executing 0 partial-flushes (flushing a total of 0 entities and 0 collections)
}
2025-08-06 17:54:40.659  INFO 3856983 --- [  restartedMain] i.StatisticalLoggingSessionEventListener : Session Metrics {
    0 nanoseconds spent acquiring 0 JDBC connections;
    0 nanoseconds spent releasing 0 JDBC connections;
    0 nanoseconds spent preparing 0 JDBC statements;
    0 nanoseconds spent executing 0 JDBC statements;
    0 nanoseconds spent executing 0 JDBC batches;
    0 nanoseconds spent performing 0 L2C puts;
    0 nanoseconds spent performing 0 L2C hits;
    0 nanoseconds spent performing 0 L2C misses;
    0 nanoseconds spent executing 0 flushes (flushing a total of 0 entities and 0 collections);
    0 nanoseconds spent executing 0 partial-flushes (flushing a total of 0 entities and 0 collections)
}
2025-08-06 17:54:40.661  INFO 3856983 --- [  restartedMain] i.StatisticalLoggingSessionEventListener : Session Metrics {
    0 nanoseconds spent acquiring 0 JDBC connections;
    0 nanoseconds spent releasing 0 JDBC connections;
    0 nanoseconds spent preparing 0 JDBC statements;
    0 nanoseconds spent executing 0 JDBC statements;
    0 nanoseconds spent executing 0 JDBC batches;
    0 nanoseconds spent performing 0 L2C puts;
    0 nanoseconds spent performing 0 L2C hits;
    0 nanoseconds spent performing 0 L2C misses;
    0 nanoseconds spent executing 0 flushes (flushing a total of 0 entities and 0 collections);
    0 nanoseconds spent executing 0 partial-flushes (flushing a total of 0 entities and 0 collections)
}
2025-08-06 17:54:40.671  INFO 3856983 --- [  restartedMain] i.StatisticalLoggingSessionEventListener : Session Metrics {
    0 nanoseconds spent acquiring 0 JDBC connections;
    0 nanoseconds spent releasing 0 JDBC connections;
    0 nanoseconds spent preparing 0 JDBC statements;
    0 nanoseconds spent executing 0 JDBC statements;
    0 nanoseconds spent executing 0 JDBC batches;
    0 nanoseconds spent performing 0 L2C puts;
    0 nanoseconds spent performing 0 L2C hits;
    0 nanoseconds spent performing 0 L2C misses;
    0 nanoseconds spent executing 0 flushes (flushing a total of 0 entities and 0 collections);
    0 nanoseconds spent executing 0 partial-flushes (flushing a total of 0 entities and 0 collections)
}
2025-08-06 17:54:40.671  INFO 3856983 --- [  restartedMain] i.StatisticalLoggingSessionEventListener : Session Metrics {
    0 nanoseconds spent acquiring 0 JDBC connections;
    0 nanoseconds spent releasing 0 JDBC connections;
    0 nanoseconds spent preparing 0 JDBC statements;
    0 nanoseconds spent executing 0 JDBC statements;
    0 nanoseconds spent executing 0 JDBC batches;
    0 nanoseconds spent performing 0 L2C puts;
    0 nanoseconds spent performing 0 L2C hits;
    0 nanoseconds spent performing 0 L2C misses;
    0 nanoseconds spent executing 0 flushes (flushing a total of 0 entities and 0 collections);
    0 nanoseconds spent executing 0 partial-flushes (flushing a total of 0 entities and 0 collections)
}
2025-08-06 17:54:40.672  INFO 3856983 --- [  restartedMain] i.StatisticalLoggingSessionEventListener : Session Metrics {
    0 nanoseconds spent acquiring 0 JDBC connections;
    0 nanoseconds spent releasing 0 JDBC connections;
    0 nanoseconds spent preparing 0 JDBC statements;
    0 nanoseconds spent executing 0 JDBC statements;
    0 nanoseconds spent executing 0 JDBC batches;
    0 nanoseconds spent performing 0 L2C puts;
    0 nanoseconds spent performing 0 L2C hits;
    0 nanoseconds spent performing 0 L2C misses;
    0 nanoseconds spent executing 0 flushes (flushing a total of 0 entities and 0 collections);
    0 nanoseconds spent executing 0 partial-flushes (flushing a total of 0 entities and 0 collections)
}
2025-08-06 17:54:40.672  INFO 3856983 --- [  restartedMain] i.StatisticalLoggingSessionEventListener : Session Metrics {
    0 nanoseconds spent acquiring 0 JDBC connections;
    0 nanoseconds spent releasing 0 JDBC connections;
    0 nanoseconds spent preparing 0 JDBC statements;
    0 nanoseconds spent executing 0 JDBC statements;
    0 nanoseconds spent executing 0 JDBC batches;
    0 nanoseconds spent performing 0 L2C puts;
    0 nanoseconds spent performing 0 L2C hits;
    0 nanoseconds spent performing 0 L2C misses;
    0 nanoseconds spent executing 0 flushes (flushing a total of 0 entities and 0 collections);
    0 nanoseconds spent executing 0 partial-flushes (flushing a total of 0 entities and 0 collections)
}
2025-08-06 17:54:40.673  INFO 3856983 --- [  restartedMain] i.StatisticalLoggingSessionEventListener : Session Metrics {
    0 nanoseconds spent acquiring 0 JDBC connections;
    0 nanoseconds spent releasing 0 JDBC connections;
    0 nanoseconds spent preparing 0 JDBC statements;
    0 nanoseconds spent executing 0 JDBC statements;
    0 nanoseconds spent executing 0 JDBC batches;
    0 nanoseconds spent performing 0 L2C puts;
    0 nanoseconds spent performing 0 L2C hits;
    0 nanoseconds spent performing 0 L2C misses;
    0 nanoseconds spent executing 0 flushes (flushing a total of 0 entities and 0 collections);
    0 nanoseconds spent executing 0 partial-flushes (flushing a total of 0 entities and 0 collections)
}
2025-08-06 17:54:40.673  INFO 3856983 --- [  restartedMain] i.StatisticalLoggingSessionEventListener : Session Metrics {
    0 nanoseconds spent acquiring 0 JDBC connections;
    0 nanoseconds spent releasing 0 JDBC connections;
    0 nanoseconds spent preparing 0 JDBC statements;
    0 nanoseconds spent executing 0 JDBC statements;
    0 nanoseconds spent executing 0 JDBC batches;
    0 nanoseconds spent performing 0 L2C puts;
    0 nanoseconds spent performing 0 L2C hits;
    0 nanoseconds spent performing 0 L2C misses;
    0 nanoseconds spent executing 0 flushes (flushing a total of 0 entities and 0 collections);
    0 nanoseconds spent executing 0 partial-flushes (flushing a total of 0 entities and 0 collections)
}
2025-08-06 17:54:40.674  INFO 3856983 --- [  restartedMain] i.StatisticalLoggingSessionEventListener : Session Metrics {
    0 nanoseconds spent acquiring 0 JDBC connections;
    0 nanoseconds spent releasing 0 JDBC connections;
    0 nanoseconds spent preparing 0 JDBC statements;
    0 nanoseconds spent executing 0 JDBC statements;
    0 nanoseconds spent executing 0 JDBC batches;
    0 nanoseconds spent performing 0 L2C puts;
    0 nanoseconds spent performing 0 L2C hits;
    0 nanoseconds spent performing 0 L2C misses;
    0 nanoseconds spent executing 0 flushes (flushing a total of 0 entities and 0 collections);
    0 nanoseconds spent executing 0 partial-flushes (flushing a total of 0 entities and 0 collections)
}
2025-08-06 17:54:40.674  INFO 3856983 --- [  restartedMain] i.StatisticalLoggingSessionEventListener : Session Metrics {
    0 nanoseconds spent acquiring 0 JDBC connections;
    0 nanoseconds spent releasing 0 JDBC connections;
    0 nanoseconds spent preparing 0 JDBC statements;
    0 nanoseconds spent executing 0 JDBC statements;
    0 nanoseconds spent executing 0 JDBC batches;
    0 nanoseconds spent performing 0 L2C puts;
    0 nanoseconds spent performing 0 L2C hits;
    0 nanoseconds spent performing 0 L2C misses;
    0 nanoseconds spent executing 0 flushes (flushing a total of 0 entities and 0 collections);
    0 nanoseconds spent executing 0 partial-flushes (flushing a total of 0 entities and 0 collections)
}
2025-08-06 17:54:40.913  INFO 3856983 --- [  restartedMain] i.StatisticalLoggingSessionEventListener : Session Metrics {
    0 nanoseconds spent acquiring 0 JDBC connections;
    0 nanoseconds spent releasing 0 JDBC connections;
    0 nanoseconds spent preparing 0 JDBC statements;
    0 nanoseconds spent executing 0 JDBC statements;
    0 nanoseconds spent executing 0 JDBC batches;
    0 nanoseconds spent performing 0 L2C puts;
    0 nanoseconds spent performing 0 L2C hits;
    0 nanoseconds spent performing 0 L2C misses;
    0 nanoseconds spent executing 0 flushes (flushing a total of 0 entities and 0 collections);
    0 nanoseconds spent executing 0 partial-flushes (flushing a total of 0 entities and 0 collections)
}
2025-08-06 17:54:40.914  INFO 3856983 --- [  restartedMain] i.StatisticalLoggingSessionEventListener : Session Metrics {
    0 nanoseconds spent acquiring 0 JDBC connections;
    0 nanoseconds spent releasing 0 JDBC connections;
    0 nanoseconds spent preparing 0 JDBC statements;
    0 nanoseconds spent executing 0 JDBC statements;
    0 nanoseconds spent executing 0 JDBC batches;
    0 nanoseconds spent performing 0 L2C puts;
    0 nanoseconds spent performing 0 L2C hits;
    0 nanoseconds spent performing 0 L2C misses;
    0 nanoseconds spent executing 0 flushes (flushing a total of 0 entities and 0 collections);
    0 nanoseconds spent executing 0 partial-flushes (flushing a total of 0 entities and 0 collections)
}
2025-08-06 17:54:40.922  INFO 3856983 --- [  restartedMain] i.StatisticalLoggingSessionEventListener : Session Metrics {
    0 nanoseconds spent acquiring 0 JDBC connections;
    0 nanoseconds spent releasing 0 JDBC connections;
    0 nanoseconds spent preparing 0 JDBC statements;
    0 nanoseconds spent executing 0 JDBC statements;
    0 nanoseconds spent executing 0 JDBC batches;
    0 nanoseconds spent performing 0 L2C puts;
    0 nanoseconds spent performing 0 L2C hits;
    0 nanoseconds spent performing 0 L2C misses;
    0 nanoseconds spent executing 0 flushes (flushing a total of 0 entities and 0 collections);
    0 nanoseconds spent executing 0 partial-flushes (flushing a total of 0 entities and 0 collections)
}
2025-08-06 17:54:40.922  INFO 3856983 --- [  restartedMain] i.StatisticalLoggingSessionEventListener : Session Metrics {
    0 nanoseconds spent acquiring 0 JDBC connections;
    0 nanoseconds spent releasing 0 JDBC connections;
    0 nanoseconds spent preparing 0 JDBC statements;
    0 nanoseconds spent executing 0 JDBC statements;
    0 nanoseconds spent executing 0 JDBC batches;
    0 nanoseconds spent performing 0 L2C puts;
    0 nanoseconds spent performing 0 L2C hits;
    0 nanoseconds spent performing 0 L2C misses;
    0 nanoseconds spent executing 0 flushes (flushing a total of 0 entities and 0 collections);
    0 nanoseconds spent executing 0 partial-flushes (flushing a total of 0 entities and 0 collections)
}
2025-08-06 17:54:40.937  INFO 3856983 --- [  restartedMain] i.StatisticalLoggingSessionEventListener : Session Metrics {
    0 nanoseconds spent acquiring 0 JDBC connections;
    0 nanoseconds spent releasing 0 JDBC connections;
    0 nanoseconds spent preparing 0 JDBC statements;
    0 nanoseconds spent executing 0 JDBC statements;
    0 nanoseconds spent executing 0 JDBC batches;
    0 nanoseconds spent performing 0 L2C puts;
    0 nanoseconds spent performing 0 L2C hits;
    0 nanoseconds spent performing 0 L2C misses;
    0 nanoseconds spent executing 0 flushes (flushing a total of 0 entities and 0 collections);
    0 nanoseconds spent executing 0 partial-flushes (flushing a total of 0 entities and 0 collections)
}
2025-08-06 17:54:40.939  INFO 3856983 --- [  restartedMain] i.StatisticalLoggingSessionEventListener : Session Metrics {
    0 nanoseconds spent acquiring 0 JDBC connections;
    0 nanoseconds spent releasing 0 JDBC connections;
    0 nanoseconds spent preparing 0 JDBC statements;
    0 nanoseconds spent executing 0 JDBC statements;
    0 nanoseconds spent executing 0 JDBC batches;
    0 nanoseconds spent performing 0 L2C puts;
    0 nanoseconds spent performing 0 L2C hits;
    0 nanoseconds spent performing 0 L2C misses;
    0 nanoseconds spent executing 0 flushes (flushing a total of 0 entities and 0 collections);
    0 nanoseconds spent executing 0 partial-flushes (flushing a total of 0 entities and 0 collections)
}
2025-08-06 17:54:40.947  INFO 3856983 --- [  restartedMain] i.StatisticalLoggingSessionEventListener : Session Metrics {
    0 nanoseconds spent acquiring 0 JDBC connections;
    0 nanoseconds spent releasing 0 JDBC connections;
    0 nanoseconds spent preparing 0 JDBC statements;
    0 nanoseconds spent executing 0 JDBC statements;
    0 nanoseconds spent executing 0 JDBC batches;
    0 nanoseconds spent performing 0 L2C puts;
    0 nanoseconds spent performing 0 L2C hits;
    0 nanoseconds spent performing 0 L2C misses;
    0 nanoseconds spent executing 0 flushes (flushing a total of 0 entities and 0 collections);
    0 nanoseconds spent executing 0 partial-flushes (flushing a total of 0 entities and 0 collections)
}
2025-08-06 17:54:40.947  INFO 3856983 --- [  restartedMain] i.StatisticalLoggingSessionEventListener : Session Metrics {
    0 nanoseconds spent acquiring 0 JDBC connections;
    0 nanoseconds spent releasing 0 JDBC connections;
    0 nanoseconds spent preparing 0 JDBC statements;
    0 nanoseconds spent executing 0 JDBC statements;
    0 nanoseconds spent executing 0 JDBC batches;
    0 nanoseconds spent performing 0 L2C puts;
    0 nanoseconds spent performing 0 L2C hits;
    0 nanoseconds spent performing 0 L2C misses;
    0 nanoseconds spent executing 0 flushes (flushing a total of 0 entities and 0 collections);
    0 nanoseconds spent executing 0 partial-flushes (flushing a total of 0 entities and 0 collections)
}
2025-08-06 17:54:40.961  INFO 3856983 --- [  restartedMain] i.StatisticalLoggingSessionEventListener : Session Metrics {
    0 nanoseconds spent acquiring 0 JDBC connections;
    0 nanoseconds spent releasing 0 JDBC connections;
    0 nanoseconds spent preparing 0 JDBC statements;
    0 nanoseconds spent executing 0 JDBC statements;
    0 nanoseconds spent executing 0 JDBC batches;
    0 nanoseconds spent performing 0 L2C puts;
    0 nanoseconds spent performing 0 L2C hits;
    0 nanoseconds spent performing 0 L2C misses;
    0 nanoseconds spent executing 0 flushes (flushing a total of 0 entities and 0 collections);
    0 nanoseconds spent executing 0 partial-flushes (flushing a total of 0 entities and 0 collections)
}
2025-08-06 17:54:40.961  INFO 3856983 --- [  restartedMain] i.StatisticalLoggingSessionEventListener : Session Metrics {
    0 nanoseconds spent acquiring 0 JDBC connections;
    0 nanoseconds spent releasing 0 JDBC connections;
    0 nanoseconds spent preparing 0 JDBC statements;
    0 nanoseconds spent executing 0 JDBC statements;
    0 nanoseconds spent executing 0 JDBC batches;
    0 nanoseconds spent performing 0 L2C puts;
    0 nanoseconds spent performing 0 L2C hits;
    0 nanoseconds spent performing 0 L2C misses;
    0 nanoseconds spent executing 0 flushes (flushing a total of 0 entities and 0 collections);
    0 nanoseconds spent executing 0 partial-flushes (flushing a total of 0 entities and 0 collections)
}
2025-08-06 17:54:40.981  INFO 3856983 --- [  restartedMain] i.StatisticalLoggingSessionEventListener : Session Metrics {
    0 nanoseconds spent acquiring 0 JDBC connections;
    0 nanoseconds spent releasing 0 JDBC connections;
    0 nanoseconds spent preparing 0 JDBC statements;
    0 nanoseconds spent executing 0 JDBC statements;
    0 nanoseconds spent executing 0 JDBC batches;
    0 nanoseconds spent performing 0 L2C puts;
    0 nanoseconds spent performing 0 L2C hits;
    0 nanoseconds spent performing 0 L2C misses;
    0 nanoseconds spent executing 0 flushes (flushing a total of 0 entities and 0 collections);
    0 nanoseconds spent executing 0 partial-flushes (flushing a total of 0 entities and 0 collections)
}
2025-08-06 17:54:40.981  INFO 3856983 --- [  restartedMain] i.StatisticalLoggingSessionEventListener : Session Metrics {
    0 nanoseconds spent acquiring 0 JDBC connections;
    0 nanoseconds spent releasing 0 JDBC connections;
    0 nanoseconds spent preparing 0 JDBC statements;
    0 nanoseconds spent executing 0 JDBC statements;
    0 nanoseconds spent executing 0 JDBC batches;
    0 nanoseconds spent performing 0 L2C puts;
    0 nanoseconds spent performing 0 L2C hits;
    0 nanoseconds spent performing 0 L2C misses;
    0 nanoseconds spent executing 0 flushes (flushing a total of 0 entities and 0 collections);
    0 nanoseconds spent executing 0 partial-flushes (flushing a total of 0 entities and 0 collections)
}
2025-08-06 17:54:40.982  INFO 3856983 --- [  restartedMain] i.StatisticalLoggingSessionEventListener : Session Metrics {
    0 nanoseconds spent acquiring 0 JDBC connections;
    0 nanoseconds spent releasing 0 JDBC connections;
    0 nanoseconds spent preparing 0 JDBC statements;
    0 nanoseconds spent executing 0 JDBC statements;
    0 nanoseconds spent executing 0 JDBC batches;
    0 nanoseconds spent performing 0 L2C puts;
    0 nanoseconds spent performing 0 L2C hits;
    0 nanoseconds spent performing 0 L2C misses;
    0 nanoseconds spent executing 0 flushes (flushing a total of 0 entities and 0 collections);
    0 nanoseconds spent executing 0 partial-flushes (flushing a total of 0 entities and 0 collections)
}
2025-08-06 17:54:40.982  INFO 3856983 --- [  restartedMain] i.StatisticalLoggingSessionEventListener : Session Metrics {
    0 nanoseconds spent acquiring 0 JDBC connections;
    0 nanoseconds spent releasing 0 JDBC connections;
    0 nanoseconds spent preparing 0 JDBC statements;
    0 nanoseconds spent executing 0 JDBC statements;
    0 nanoseconds spent executing 0 JDBC batches;
    0 nanoseconds spent performing 0 L2C puts;
    0 nanoseconds spent performing 0 L2C hits;
    0 nanoseconds spent performing 0 L2C misses;
    0 nanoseconds spent executing 0 flushes (flushing a total of 0 entities and 0 collections);
    0 nanoseconds spent executing 0 partial-flushes (flushing a total of 0 entities and 0 collections)
}
2025-08-06 17:54:40.983  INFO 3856983 --- [  restartedMain] i.StatisticalLoggingSessionEventListener : Session Metrics {
    0 nanoseconds spent acquiring 0 JDBC connections;
    0 nanoseconds spent releasing 0 JDBC connections;
    0 nanoseconds spent preparing 0 JDBC statements;
    0 nanoseconds spent executing 0 JDBC statements;
    0 nanoseconds spent executing 0 JDBC batches;
    0 nanoseconds spent performing 0 L2C puts;
    0 nanoseconds spent performing 0 L2C hits;
    0 nanoseconds spent performing 0 L2C misses;
    0 nanoseconds spent executing 0 flushes (flushing a total of 0 entities and 0 collections);
    0 nanoseconds spent executing 0 partial-flushes (flushing a total of 0 entities and 0 collections)
}
2025-08-06 17:54:40.983  INFO 3856983 --- [  restartedMain] i.StatisticalLoggingSessionEventListener : Session Metrics {
    0 nanoseconds spent acquiring 0 JDBC connections;
    0 nanoseconds spent releasing 0 JDBC connections;
    0 nanoseconds spent preparing 0 JDBC statements;
    0 nanoseconds spent executing 0 JDBC statements;
    0 nanoseconds spent executing 0 JDBC batches;
    0 nanoseconds spent performing 0 L2C puts;
    0 nanoseconds spent performing 0 L2C hits;
    0 nanoseconds spent performing 0 L2C misses;
    0 nanoseconds spent executing 0 flushes (flushing a total of 0 entities and 0 collections);
    0 nanoseconds spent executing 0 partial-flushes (flushing a total of 0 entities and 0 collections)
}
2025-08-06 17:54:40.983  INFO 3856983 --- [  restartedMain] i.StatisticalLoggingSessionEventListener : Session Metrics {
    0 nanoseconds spent acquiring 0 JDBC connections;
    0 nanoseconds spent releasing 0 JDBC connections;
    0 nanoseconds spent preparing 0 JDBC statements;
    0 nanoseconds spent executing 0 JDBC statements;
    0 nanoseconds spent executing 0 JDBC batches;
    0 nanoseconds spent performing 0 L2C puts;
    0 nanoseconds spent performing 0 L2C hits;
    0 nanoseconds spent performing 0 L2C misses;
    0 nanoseconds spent executing 0 flushes (flushing a total of 0 entities and 0 collections);
    0 nanoseconds spent executing 0 partial-flushes (flushing a total of 0 entities and 0 collections)
}
2025-08-06 17:54:40.984  INFO 3856983 --- [  restartedMain] i.StatisticalLoggingSessionEventListener : Session Metrics {
    0 nanoseconds spent acquiring 0 JDBC connections;
    0 nanoseconds spent releasing 0 JDBC connections;
    0 nanoseconds spent preparing 0 JDBC statements;
    0 nanoseconds spent executing 0 JDBC statements;
    0 nanoseconds spent executing 0 JDBC batches;
    0 nanoseconds spent performing 0 L2C puts;
    0 nanoseconds spent performing 0 L2C hits;
    0 nanoseconds spent performing 0 L2C misses;
    0 nanoseconds spent executing 0 flushes (flushing a total of 0 entities and 0 collections);
    0 nanoseconds spent executing 0 partial-flushes (flushing a total of 0 entities and 0 collections)
}
2025-08-06 17:54:40.984  INFO 3856983 --- [  restartedMain] i.StatisticalLoggingSessionEventListener : Session Metrics {
    0 nanoseconds spent acquiring 0 JDBC connections;
    0 nanoseconds spent releasing 0 JDBC connections;
    0 nanoseconds spent preparing 0 JDBC statements;
    0 nanoseconds spent executing 0 JDBC statements;
    0 nanoseconds spent executing 0 JDBC batches;
    0 nanoseconds spent performing 0 L2C puts;
    0 nanoseconds spent performing 0 L2C hits;
    0 nanoseconds spent performing 0 L2C misses;
    0 nanoseconds spent executing 0 flushes (flushing a total of 0 entities and 0 collections);
    0 nanoseconds spent executing 0 partial-flushes (flushing a total of 0 entities and 0 collections)
}
2025-08-06 17:54:40.984  INFO 3856983 --- [  restartedMain] i.StatisticalLoggingSessionEventListener : Session Metrics {
    0 nanoseconds spent acquiring 0 JDBC connections;
    0 nanoseconds spent releasing 0 JDBC connections;
    0 nanoseconds spent preparing 0 JDBC statements;
    0 nanoseconds spent executing 0 JDBC statements;
    0 nanoseconds spent executing 0 JDBC batches;
    0 nanoseconds spent performing 0 L2C puts;
    0 nanoseconds spent performing 0 L2C hits;
    0 nanoseconds spent performing 0 L2C misses;
    0 nanoseconds spent executing 0 flushes (flushing a total of 0 entities and 0 collections);
    0 nanoseconds spent executing 0 partial-flushes (flushing a total of 0 entities and 0 collections)
}
2025-08-06 17:54:40.985  INFO 3856983 --- [  restartedMain] i.StatisticalLoggingSessionEventListener : Session Metrics {
    0 nanoseconds spent acquiring 0 JDBC connections;
    0 nanoseconds spent releasing 0 JDBC connections;
    0 nanoseconds spent preparing 0 JDBC statements;
    0 nanoseconds spent executing 0 JDBC statements;
    0 nanoseconds spent executing 0 JDBC batches;
    0 nanoseconds spent performing 0 L2C puts;
    0 nanoseconds spent performing 0 L2C hits;
    0 nanoseconds spent performing 0 L2C misses;
    0 nanoseconds spent executing 0 flushes (flushing a total of 0 entities and 0 collections);
    0 nanoseconds spent executing 0 partial-flushes (flushing a total of 0 entities and 0 collections)
}
2025-08-06 17:54:40.985  INFO 3856983 --- [  restartedMain] i.StatisticalLoggingSessionEventListener : Session Metrics {
    0 nanoseconds spent acquiring 0 JDBC connections;
    0 nanoseconds spent releasing 0 JDBC connections;
    0 nanoseconds spent preparing 0 JDBC statements;
    0 nanoseconds spent executing 0 JDBC statements;
    0 nanoseconds spent executing 0 JDBC batches;
    0 nanoseconds spent performing 0 L2C puts;
    0 nanoseconds spent performing 0 L2C hits;
    0 nanoseconds spent performing 0 L2C misses;
    0 nanoseconds spent executing 0 flushes (flushing a total of 0 entities and 0 collections);
    0 nanoseconds spent executing 0 partial-flushes (flushing a total of 0 entities and 0 collections)
}
2025-08-06 17:54:40.999  INFO 3856983 --- [  restartedMain] i.StatisticalLoggingSessionEventListener : Session Metrics {
    0 nanoseconds spent acquiring 0 JDBC connections;
    0 nanoseconds spent releasing 0 JDBC connections;
    0 nanoseconds spent preparing 0 JDBC statements;
    0 nanoseconds spent executing 0 JDBC statements;
    0 nanoseconds spent executing 0 JDBC batches;
    0 nanoseconds spent performing 0 L2C puts;
    0 nanoseconds spent performing 0 L2C hits;
    0 nanoseconds spent performing 0 L2C misses;
    0 nanoseconds spent executing 0 flushes (flushing a total of 0 entities and 0 collections);
    0 nanoseconds spent executing 0 partial-flushes (flushing a total of 0 entities and 0 collections)
}
2025-08-06 17:54:41.001  INFO 3856983 --- [  restartedMain] i.StatisticalLoggingSessionEventListener : Session Metrics {
    0 nanoseconds spent acquiring 0 JDBC connections;
    0 nanoseconds spent releasing 0 JDBC connections;
    0 nanoseconds spent preparing 0 JDBC statements;
    0 nanoseconds spent executing 0 JDBC statements;
    0 nanoseconds spent executing 0 JDBC batches;
    0 nanoseconds spent performing 0 L2C puts;
    0 nanoseconds spent performing 0 L2C hits;
    0 nanoseconds spent performing 0 L2C misses;
    0 nanoseconds spent executing 0 flushes (flushing a total of 0 entities and 0 collections);
    0 nanoseconds spent executing 0 partial-flushes (flushing a total of 0 entities and 0 collections)
}
2025-08-06 17:54:41.010  INFO 3856983 --- [  restartedMain] i.StatisticalLoggingSessionEventListener : Session Metrics {
    0 nanoseconds spent acquiring 0 JDBC connections;
    0 nanoseconds spent releasing 0 JDBC connections;
    0 nanoseconds spent preparing 0 JDBC statements;
    0 nanoseconds spent executing 0 JDBC statements;
    0 nanoseconds spent executing 0 JDBC batches;
    0 nanoseconds spent performing 0 L2C puts;
    0 nanoseconds spent performing 0 L2C hits;
    0 nanoseconds spent performing 0 L2C misses;
    0 nanoseconds spent executing 0 flushes (flushing a total of 0 entities and 0 collections);
    0 nanoseconds spent executing 0 partial-flushes (flushing a total of 0 entities and 0 collections)
}
2025-08-06 17:54:41.011  INFO 3856983 --- [  restartedMain] i.StatisticalLoggingSessionEventListener : Session Metrics {
    0 nanoseconds spent acquiring 0 JDBC connections;
    0 nanoseconds spent releasing 0 JDBC connections;
    0 nanoseconds spent preparing 0 JDBC statements;
    0 nanoseconds spent executing 0 JDBC statements;
    0 nanoseconds spent executing 0 JDBC batches;
    0 nanoseconds spent performing 0 L2C puts;
    0 nanoseconds spent performing 0 L2C hits;
    0 nanoseconds spent performing 0 L2C misses;
    0 nanoseconds spent executing 0 flushes (flushing a total of 0 entities and 0 collections);
    0 nanoseconds spent executing 0 partial-flushes (flushing a total of 0 entities and 0 collections)
}
2025-08-06 17:54:41.011  INFO 3856983 --- [  restartedMain] i.StatisticalLoggingSessionEventListener : Session Metrics {
    0 nanoseconds spent acquiring 0 JDBC connections;
    0 nanoseconds spent releasing 0 JDBC connections;
    0 nanoseconds spent preparing 0 JDBC statements;
    0 nanoseconds spent executing 0 JDBC statements;
    0 nanoseconds spent executing 0 JDBC batches;
    0 nanoseconds spent performing 0 L2C puts;
    0 nanoseconds spent performing 0 L2C hits;
    0 nanoseconds spent performing 0 L2C misses;
    0 nanoseconds spent executing 0 flushes (flushing a total of 0 entities and 0 collections);
    0 nanoseconds spent executing 0 partial-flushes (flushing a total of 0 entities and 0 collections)
}
2025-08-06 17:54:41.011  INFO 3856983 --- [  restartedMain] i.StatisticalLoggingSessionEventListener : Session Metrics {
    0 nanoseconds spent acquiring 0 JDBC connections;
    0 nanoseconds spent releasing 0 JDBC connections;
    0 nanoseconds spent preparing 0 JDBC statements;
    0 nanoseconds spent executing 0 JDBC statements;
    0 nanoseconds spent executing 0 JDBC batches;
    0 nanoseconds spent performing 0 L2C puts;
    0 nanoseconds spent performing 0 L2C hits;
    0 nanoseconds spent performing 0 L2C misses;
    0 nanoseconds spent executing 0 flushes (flushing a total of 0 entities and 0 collections);
    0 nanoseconds spent executing 0 partial-flushes (flushing a total of 0 entities and 0 collections)
}
2025-08-06 17:54:41.026  INFO 3856983 --- [  restartedMain] i.StatisticalLoggingSessionEventListener : Session Metrics {
    0 nanoseconds spent acquiring 0 JDBC connections;
    0 nanoseconds spent releasing 0 JDBC connections;
    0 nanoseconds spent preparing 0 JDBC statements;
    0 nanoseconds spent executing 0 JDBC statements;
    0 nanoseconds spent executing 0 JDBC batches;
    0 nanoseconds spent performing 0 L2C puts;
    0 nanoseconds spent performing 0 L2C hits;
    0 nanoseconds spent performing 0 L2C misses;
    0 nanoseconds spent executing 0 flushes (flushing a total of 0 entities and 0 collections);
    0 nanoseconds spent executing 0 partial-flushes (flushing a total of 0 entities and 0 collections)
}
2025-08-06 17:54:41.026  INFO 3856983 --- [  restartedMain] i.StatisticalLoggingSessionEventListener : Session Metrics {
    0 nanoseconds spent acquiring 0 JDBC connections;
    0 nanoseconds spent releasing 0 JDBC connections;
    0 nanoseconds spent preparing 0 JDBC statements;
    0 nanoseconds spent executing 0 JDBC statements;
    0 nanoseconds spent executing 0 JDBC batches;
    0 nanoseconds spent performing 0 L2C puts;
    0 nanoseconds spent performing 0 L2C hits;
    0 nanoseconds spent performing 0 L2C misses;
    0 nanoseconds spent executing 0 flushes (flushing a total of 0 entities and 0 collections);
    0 nanoseconds spent executing 0 partial-flushes (flushing a total of 0 entities and 0 collections)
}
2025-08-06 17:54:41.046  INFO 3856983 --- [  restartedMain] i.StatisticalLoggingSessionEventListener : Session Metrics {
    0 nanoseconds spent acquiring 0 JDBC connections;
    0 nanoseconds spent releasing 0 JDBC connections;
    0 nanoseconds spent preparing 0 JDBC statements;
    0 nanoseconds spent executing 0 JDBC statements;
    0 nanoseconds spent executing 0 JDBC batches;
    0 nanoseconds spent performing 0 L2C puts;
    0 nanoseconds spent performing 0 L2C hits;
    0 nanoseconds spent performing 0 L2C misses;
    0 nanoseconds spent executing 0 flushes (flushing a total of 0 entities and 0 collections);
    0 nanoseconds spent executing 0 partial-flushes (flushing a total of 0 entities and 0 collections)
}
2025-08-06 17:54:41.048  INFO 3856983 --- [  restartedMain] i.StatisticalLoggingSessionEventListener : Session Metrics {
    0 nanoseconds spent acquiring 0 JDBC connections;
    0 nanoseconds spent releasing 0 JDBC connections;
    0 nanoseconds spent preparing 0 JDBC statements;
    0 nanoseconds spent executing 0 JDBC statements;
    0 nanoseconds spent executing 0 JDBC batches;
    0 nanoseconds spent performing 0 L2C puts;
    0 nanoseconds spent performing 0 L2C hits;
    0 nanoseconds spent performing 0 L2C misses;
    0 nanoseconds spent executing 0 flushes (flushing a total of 0 entities and 0 collections);
    0 nanoseconds spent executing 0 partial-flushes (flushing a total of 0 entities and 0 collections)
}
2025-08-06 17:54:41.057  INFO 3856983 --- [  restartedMain] i.StatisticalLoggingSessionEventListener : Session Metrics {
    0 nanoseconds spent acquiring 0 JDBC connections;
    0 nanoseconds spent releasing 0 JDBC connections;
    0 nanoseconds spent preparing 0 JDBC statements;
    0 nanoseconds spent executing 0 JDBC statements;
    0 nanoseconds spent executing 0 JDBC batches;
    0 nanoseconds spent performing 0 L2C puts;
    0 nanoseconds spent performing 0 L2C hits;
    0 nanoseconds spent performing 0 L2C misses;
    0 nanoseconds spent executing 0 flushes (flushing a total of 0 entities and 0 collections);
    0 nanoseconds spent executing 0 partial-flushes (flushing a total of 0 entities and 0 collections)
}
2025-08-06 17:54:41.058  INFO 3856983 --- [  restartedMain] i.StatisticalLoggingSessionEventListener : Session Metrics {
    0 nanoseconds spent acquiring 0 JDBC connections;
    0 nanoseconds spent releasing 0 JDBC connections;
    0 nanoseconds spent preparing 0 JDBC statements;
    0 nanoseconds spent executing 0 JDBC statements;
    0 nanoseconds spent executing 0 JDBC batches;
    0 nanoseconds spent performing 0 L2C puts;
    0 nanoseconds spent performing 0 L2C hits;
    0 nanoseconds spent performing 0 L2C misses;
    0 nanoseconds spent executing 0 flushes (flushing a total of 0 entities and 0 collections);
    0 nanoseconds spent executing 0 partial-flushes (flushing a total of 0 entities and 0 collections)
}
2025-08-06 17:54:41.058  INFO 3856983 --- [  restartedMain] i.StatisticalLoggingSessionEventListener : Session Metrics {
    0 nanoseconds spent acquiring 0 JDBC connections;
    0 nanoseconds spent releasing 0 JDBC connections;
    0 nanoseconds spent preparing 0 JDBC statements;
    0 nanoseconds spent executing 0 JDBC statements;
    0 nanoseconds spent executing 0 JDBC batches;
    0 nanoseconds spent performing 0 L2C puts;
    0 nanoseconds spent performing 0 L2C hits;
    0 nanoseconds spent performing 0 L2C misses;
    0 nanoseconds spent executing 0 flushes (flushing a total of 0 entities and 0 collections);
    0 nanoseconds spent executing 0 partial-flushes (flushing a total of 0 entities and 0 collections)
}
2025-08-06 17:54:41.058  INFO 3856983 --- [  restartedMain] i.StatisticalLoggingSessionEventListener : Session Metrics {
    0 nanoseconds spent acquiring 0 JDBC connections;
    0 nanoseconds spent releasing 0 JDBC connections;
    0 nanoseconds spent preparing 0 JDBC statements;
    0 nanoseconds spent executing 0 JDBC statements;
    0 nanoseconds spent executing 0 JDBC batches;
    0 nanoseconds spent performing 0 L2C puts;
    0 nanoseconds spent performing 0 L2C hits;
    0 nanoseconds spent performing 0 L2C misses;
    0 nanoseconds spent executing 0 flushes (flushing a total of 0 entities and 0 collections);
    0 nanoseconds spent executing 0 partial-flushes (flushing a total of 0 entities and 0 collections)
}
2025-08-06 17:54:41.073  INFO 3856983 --- [  restartedMain] o.s.v.c.DefaultValidatorFactory          : Loading validation configurations from [class path resource [egovframework/validator/validator-rules-let.xml]]
2025-08-06 17:54:41.228  INFO 3856983 --- [  restartedMain] o.s.s.w.DefaultSecurityFilterChain       : Will secure any request with [org.springframework.security.web.session.DisableEncodeUrlFilter@14bd28ad, org.springframework.security.web.context.request.async.WebAsyncManagerIntegrationFilter@eb0f224, org.springframework.security.web.context.SecurityContextPersistenceFilter@7efdcdbc, org.springframework.security.web.header.HeaderWriterFilter@5f65628e, org.springframework.web.filter.CorsFilter@50b8c7fd, org.springframework.security.web.authentication.logout.LogoutFilter@678d6f65, egov.com.jwt.JwtRequestFilter@5f3e93d2, org.springframework.security.web.savedrequest.RequestCacheAwareFilter@18c67c9a, org.springframework.security.web.servletapi.SecurityContextHolderAwareRequestFilter@2eeba849, org.springframework.security.web.authentication.AnonymousAuthenticationFilter@b869b2, org.springframework.security.web.session.SessionManagementFilter@41bbb9f8, org.springframework.security.web.access.ExceptionTranslationFilter@73ecc47e, org.springframework.security.web.access.intercept.AuthorizationFilter@76050a6d]
2025-08-06 17:54:41.438  WARN 3856983 --- [  restartedMain] JpaBaseConfiguration$JpaWebConfiguration : spring.jpa.open-in-view is enabled by default. Therefore, database queries may be performed during view rendering. Explicitly configure spring.jpa.open-in-view to disable this warning
2025-08-06 17:54:41.607  INFO 3856983 --- [  restartedMain] o.s.b.a.w.s.WelcomePageHandlerMapping    : Adding welcome page: class path resource [static/index.html]
2025-08-06 17:54:42.077  INFO 3856983 --- [  restartedMain] o.s.b.d.a.OptionalLiveReloadServer       : LiveReload server is running on port 35729
2025-08-06 17:54:42.086  INFO 3856983 --- [  restartedMain] o.s.b.a.e.w.EndpointLinksResolver        : Exposing 1 endpoint(s) beneath base path '/actuator'
Aug 06, 2025 5:54:42 PM org.apache.coyote.AbstractProtocol start
INFO: Starting ProtocolHandler ["http-nio-8080"]
2025-08-06 17:54:42.142  INFO 3856983 --- [  restartedMain] o.s.b.w.e.t.TomcatWebServer              : Tomcat started on port(s): 8080 (http) with context path ''
2025-08-06 17:54:42.158  INFO 3856983 --- [  restartedMain] c.CmsApplication                         : Started CmsApplication in 8.016 seconds (JVM running for 8.415)
2025-08-06 17:54:42.162  INFO 3856983 --- [  restartedMain] e.EgovBootApplication                    : ##### Custom Debug (via @Value): dev-profile-loaded = false #####
2025-08-06 17:54:42.162  INFO 3856983 --- [  restartedMain] e.EgovBootApplication                    : ##### Active Profiles (via Environment): dev #####
2025-08-06 17:54:42.162  INFO 3856983 --- [  restartedMain] e.EgovBootApplication                    : ##### spring.session.store-type (via Environment): null #####
Aug 06, 2025 5:54:44 PM org.apache.catalina.core.ApplicationContext log
INFO: Initializing Spring DispatcherServlet 'dispatcherServlet'
2025-08-06 17:54:44.588  INFO 3856983 --- [nio-8080-exec-1] o.s.w.s.DispatcherServlet                : Initializing Servlet 'dispatcherServlet'
2025-08-06 17:54:44.590  INFO 3856983 --- [nio-8080-exec-1] o.s.w.s.DispatcherServlet                : Completed initialization in 2 ms
2025-08-06 17:54:44.598  INFO 3856983 --- [nio-8080-exec-1] e.c.j.JwtRequestFilter                   : [JwtRequestFilter] Skipping filter for permitAll path: /api/v1/cms/menu/public (matches() returned true)
2025-08-06 17:54:44.600  INFO 3856983 --- [nio-8080-exec-1] e.c.j.JwtRequestFilter                   : [JwtRequestFilter] Skipping filter for permitAll path: /api/v1/cms/menu/public (matches() returned true)
Hibernate: 
    select
        menu0_.id as id1_21_,
        menu0_.created_at as created_2_21_,
        menu0_.created_by as created14_21_,
        menu0_.created_ip as created_3_21_,
        menu0_.display_position as display_4_21_,
        menu0_.name as name5_21_,
        menu0_.parent_id as parent_i6_21_,
        menu0_.sort_order as sort_ord7_21_,
        menu0_.target_id as target_i8_21_,
        menu0_.type as type9_21_,
        menu0_.updated_at as updated10_21_,
        menu0_.updated_by as updated15_21_,
        menu0_.updated_ip as updated11_21_,
        menu0_.url as url12_21_,
        menu0_.visible as visible13_21_ 
    from
        menu menu0_
2025-08-06 17:54:44.683  INFO 3856983 --- [nio-8080-exec-3] e.c.j.JwtRequestFilter                   : [JwtRequestFilter] Skipping filter for permitAll path: /api/v1/auth/login (matches() returned true)
2025-08-06 17:54:44.683  INFO 3856983 --- [nio-8080-exec-3] e.c.j.JwtRequestFilter                   : [JwtRequestFilter] Skipping filter for permitAll path: /api/v1/auth/login (matches() returned true)
Hibernate: 
    select
        user0_.uuid as uuid1_30_,
        user0_.address as address2_30_,
        user0_.avatar_url as avatar_u3_30_,
        user0_.birth_date as birth_da4_30_,
        user0_.car_no as car_no5_30_,
        user0_.created_at as created_6_30_,
        user0_.created_by as created29_30_,
        user0_.created_ip as created_7_30_,
        user0_.di as di8_30_,
        user0_.email as email9_30_,
        user0_.gender as gender10_30_,
        user0_.group_id as group_i11_30_,
        user0_.is_temporary as is_temp12_30_,
        user0_.memo as memo13_30_,
        user0_.memo_updated_at as memo_up14_30_,
        user0_.memo_updated_by as memo_up15_30_,
        user0_.name as name16_30_,
        user0_.organization_id as organiz17_30_,
        user0_.password as passwor18_30_,
        user0_.phone as phone19_30_,
        user0_.provider as provide20_30_,
        user0_.reset_token as reset_t21_30_,
        user0_.reset_token_expiry as reset_t22_30_,
        user0_.role as role23_30_,
        user0_.status as status24_30_,
        user0_.temp_pw_flag as temp_pw25_30_,
        user0_.updated_at as updated26_30_,
        user0_.updated_by as updated30_30_,
        user0_.updated_ip as updated27_30_,
        user0_.username as usernam28_30_ 
    from
        user user0_ 
    where
        user0_.username=?
2025-08-06 17:54:44.728  WARN 3856983 --- [nio-8080-exec-1] c.c.a.LoggingAspect                      : User not found with username: anonymousUser during activity logging.
Hibernate: 
    select
        user0_.uuid as uuid1_30_0_,
        user0_.address as address2_30_0_,
        user0_.avatar_url as avatar_u3_30_0_,
        user0_.birth_date as birth_da4_30_0_,
        user0_.car_no as car_no5_30_0_,
        user0_.created_at as created_6_30_0_,
        user0_.created_by as created29_30_0_,
        user0_.created_ip as created_7_30_0_,
        user0_.di as di8_30_0_,
        user0_.email as email9_30_0_,
        user0_.gender as gender10_30_0_,
        user0_.group_id as group_i11_30_0_,
        user0_.is_temporary as is_temp12_30_0_,
        user0_.memo as memo13_30_0_,
        user0_.memo_updated_at as memo_up14_30_0_,
        user0_.memo_updated_by as memo_up15_30_0_,
        user0_.name as name16_30_0_,
        user0_.organization_id as organiz17_30_0_,
        user0_.password as passwor18_30_0_,
        user0_.phone as phone19_30_0_,
        user0_.provider as provide20_30_0_,
        user0_.reset_token as reset_t21_30_0_,
        user0_.reset_token_expiry as reset_t22_30_0_,
        user0_.role as role23_30_0_,
        user0_.status as status24_30_0_,
        user0_.temp_pw_flag as temp_pw25_30_0_,
        user0_.updated_at as updated26_30_0_,
        user0_.updated_by as updated30_30_0_,
        user0_.updated_ip as updated27_30_0_,
        user0_.username as usernam28_30_0_ 
    from
        user user0_ 
    where
        user0_.uuid=?
2025-08-06 17:54:44.757  WARN 3856983 --- [nio-8080-exec-1] c.u.s.i.UserActivityLogServiceImpl       : 활동 로그 기록 실패: organizationId를 확인할 수 없습니다. userUuid: anonymousUser
2025-08-06 17:54:44.806  INFO 3856983 --- [nio-8080-exec-1] i.StatisticalLoggingSessionEventListener : Session Metrics {
    10388861 nanoseconds spent acquiring 1 JDBC connections;
    0 nanoseconds spent releasing 0 JDBC connections;
    4126099 nanoseconds spent preparing 3 JDBC statements;
    34398539 nanoseconds spent executing 3 JDBC statements;
    0 nanoseconds spent executing 0 JDBC batches;
    0 nanoseconds spent performing 0 L2C puts;
    0 nanoseconds spent performing 0 L2C hits;
    0 nanoseconds spent performing 0 L2C misses;
    8348497 nanoseconds spent executing 1 flushes (flushing a total of 13 entities and 26 collections);
    10522 nanoseconds spent executing 1 partial-flushes (flushing a total of 0 entities and 0 collections)
}
Hibernate: 
    select
        user0_.uuid as uuid1_30_,
        user0_.address as address2_30_,
        user0_.avatar_url as avatar_u3_30_,
        user0_.birth_date as birth_da4_30_,
        user0_.car_no as car_no5_30_,
        user0_.created_at as created_6_30_,
        user0_.created_by as created29_30_,
        user0_.created_ip as created_7_30_,
        user0_.di as di8_30_,
        user0_.email as email9_30_,
        user0_.gender as gender10_30_,
        user0_.group_id as group_i11_30_,
        user0_.is_temporary as is_temp12_30_,
        user0_.memo as memo13_30_,
        user0_.memo_updated_at as memo_up14_30_,
        user0_.memo_updated_by as memo_up15_30_,
        user0_.name as name16_30_,
        user0_.organization_id as organiz17_30_,
        user0_.password as passwor18_30_,
        user0_.phone as phone19_30_,
        user0_.provider as provide20_30_,
        user0_.reset_token as reset_t21_30_,
        user0_.reset_token_expiry as reset_t22_30_,
        user0_.role as role23_30_,
        user0_.status as status24_30_,
        user0_.temp_pw_flag as temp_pw25_30_,
        user0_.updated_at as updated26_30_,
        user0_.updated_by as updated30_30_,
        user0_.updated_ip as updated27_30_,
        user0_.username as usernam28_30_ 
    from
        user user0_ 
    where
        user0_.username=?
2025-08-06 17:54:44.844  INFO 3856983 --- [nio-8080-exec-3] c.a.s.i.CustomUserDetailsServiceImpl     : User object loaded from DB for username: admin. Gender directly from user.getGender(): null
2025-08-06 17:54:44.844  WARN 3856983 --- [nio-8080-exec-3] c.a.s.i.CustomUserDetailsServiceImpl     : Gender is null or empty for user: admin AFTER loading from DB. This is likely the root cause.
Hibernate: 
    select
        user0_.uuid as uuid1_30_,
        user0_.address as address2_30_,
        user0_.avatar_url as avatar_u3_30_,
        user0_.birth_date as birth_da4_30_,
        user0_.car_no as car_no5_30_,
        user0_.created_at as created_6_30_,
        user0_.created_by as created29_30_,
        user0_.created_ip as created_7_30_,
        user0_.di as di8_30_,
        user0_.email as email9_30_,
        user0_.gender as gender10_30_,
        user0_.group_id as group_i11_30_,
        user0_.is_temporary as is_temp12_30_,
        user0_.memo as memo13_30_,
        user0_.memo_updated_at as memo_up14_30_,
        user0_.memo_updated_by as memo_up15_30_,
        user0_.name as name16_30_,
        user0_.organization_id as organiz17_30_,
        user0_.password as passwor18_30_,
        user0_.phone as phone19_30_,
        user0_.provider as provide20_30_,
        user0_.reset_token as reset_t21_30_,
        user0_.reset_token_expiry as reset_t22_30_,
        user0_.role as role23_30_,
        user0_.status as status24_30_,
        user0_.temp_pw_flag as temp_pw25_30_,
        user0_.updated_at as updated26_30_,
        user0_.updated_by as updated30_30_,
        user0_.updated_ip as updated27_30_,
        user0_.username as usernam28_30_ 
    from
        user user0_ 
    where
        user0_.username=?
Hibernate: 
    update
        user 
    set
        address=?,
        avatar_url=?,
        birth_date=?,
        car_no=?,
        created_at=?,
        created_by=?,
        created_ip=?,
        di=?,
        email=?,
        gender=?,
        group_id=?,
        is_temporary=?,
        memo=?,
        memo_updated_at=?,
        memo_updated_by=?,
        name=?,
        organization_id=?,
        password=?,
        phone=?,
        provider=?,
        reset_token=?,
        reset_token_expiry=?,
        role=?,
        status=?,
        temp_pw_flag=?,
        updated_at=?,
        updated_by=?,
        updated_ip=?,
        username=? 
    where
        uuid=?
2025-08-06 17:54:45.063  WARN 3856983 --- [nio-8080-exec-3] c.u.s.i.UserActivityLogServiceImpl       : 활동 로그 기록 실패: organizationId를 확인할 수 없습니다. userUuid: 00008ee4-3c4f-48b3-a30f-f686fdddb51c
2025-08-06 17:54:45.078  INFO 3856983 --- [nio-8080-exec-3] i.StatisticalLoggingSessionEventListener : Session Metrics {
    31693 nanoseconds spent acquiring 1 JDBC connections;
    0 nanoseconds spent releasing 0 JDBC connections;
    181093 nanoseconds spent preparing 3 JDBC statements;
    20905647 nanoseconds spent executing 2 JDBC statements;
    10771593 nanoseconds spent executing 1 JDBC batches;
    0 nanoseconds spent performing 0 L2C puts;
    0 nanoseconds spent performing 0 L2C hits;
    0 nanoseconds spent performing 0 L2C misses;
    29950045 nanoseconds spent executing 2 flushes (flushing a total of 2 entities and 2 collections);
    2770 nanoseconds spent executing 1 partial-flushes (flushing a total of 0 entities and 0 collections)
}
2025-08-06 17:54:45.188  INFO 3856983 --- [nio-8080-exec-4] e.c.j.JwtRequestFilter                   : [JwtRequestFilter] Skipping filter for permitAll path: /api/v1/cms/menu/public (matches() returned true)
2025-08-06 17:54:45.188  INFO 3856983 --- [nio-8080-exec-4] e.c.j.JwtRequestFilter                   : [JwtRequestFilter] Skipping filter for permitAll path: /api/v1/cms/menu/public (matches() returned true)
Hibernate: 
    select
        menu0_.id as id1_21_,
        menu0_.created_at as created_2_21_,
        menu0_.created_by as created14_21_,
        menu0_.created_ip as created_3_21_,
        menu0_.display_position as display_4_21_,
        menu0_.name as name5_21_,
        menu0_.parent_id as parent_i6_21_,
        menu0_.sort_order as sort_ord7_21_,
        menu0_.target_id as target_i8_21_,
        menu0_.type as type9_21_,
        menu0_.updated_at as updated10_21_,
        menu0_.updated_by as updated15_21_,
        menu0_.updated_ip as updated11_21_,
        menu0_.url as url12_21_,
        menu0_.visible as visible13_21_ 
    from
        menu menu0_
Hibernate: 
    select
        user0_.uuid as uuid1_30_,
        user0_.address as address2_30_,
        user0_.avatar_url as avatar_u3_30_,
        user0_.birth_date as birth_da4_30_,
        user0_.car_no as car_no5_30_,
        user0_.created_at as created_6_30_,
        user0_.created_by as created29_30_,
        user0_.created_ip as created_7_30_,
        user0_.di as di8_30_,
        user0_.email as email9_30_,
        user0_.gender as gender10_30_,
        user0_.group_id as group_i11_30_,
        user0_.is_temporary as is_temp12_30_,
        user0_.memo as memo13_30_,
        user0_.memo_updated_at as memo_up14_30_,
        user0_.memo_updated_by as memo_up15_30_,
        user0_.name as name16_30_,
        user0_.organization_id as organiz17_30_,
        user0_.password as passwor18_30_,
        user0_.phone as phone19_30_,
        user0_.provider as provide20_30_,
        user0_.reset_token as reset_t21_30_,
        user0_.reset_token_expiry as reset_t22_30_,
        user0_.role as role23_30_,
        user0_.status as status24_30_,
        user0_.temp_pw_flag as temp_pw25_30_,
        user0_.updated_at as updated26_30_,
        user0_.updated_by as updated30_30_,
        user0_.updated_ip as updated27_30_,
        user0_.username as usernam28_30_ 
    from
        user user0_ 
    where
        user0_.username=?
2025-08-06 17:54:45.246  WARN 3856983 --- [nio-8080-exec-4] c.c.a.LoggingAspect                      : User not found with username: anonymousUser during activity logging.
Hibernate: 
    select
        user0_.uuid as uuid1_30_0_,
        user0_.address as address2_30_0_,
        user0_.avatar_url as avatar_u3_30_0_,
        user0_.birth_date as birth_da4_30_0_,
        user0_.car_no as car_no5_30_0_,
        user0_.created_at as created_6_30_0_,
        user0_.created_by as created29_30_0_,
        user0_.created_ip as created_7_30_0_,
        user0_.di as di8_30_0_,
        user0_.email as email9_30_0_,
        user0_.gender as gender10_30_0_,
        user0_.group_id as group_i11_30_0_,
        user0_.is_temporary as is_temp12_30_0_,
        user0_.memo as memo13_30_0_,
        user0_.memo_updated_at as memo_up14_30_0_,
        user0_.memo_updated_by as memo_up15_30_0_,
        user0_.name as name16_30_0_,
        user0_.organization_id as organiz17_30_0_,
        user0_.password as passwor18_30_0_,
        user0_.phone as phone19_30_0_,
        user0_.provider as provide20_30_0_,
        user0_.reset_token as reset_t21_30_0_,
        user0_.reset_token_expiry as reset_t22_30_0_,
        user0_.role as role23_30_0_,
        user0_.status as status24_30_0_,
        user0_.temp_pw_flag as temp_pw25_30_0_,
        user0_.updated_at as updated26_30_0_,
        user0_.updated_by as updated30_30_0_,
        user0_.updated_ip as updated27_30_0_,
        user0_.username as usernam28_30_0_ 
    from
        user user0_ 
    where
        user0_.uuid=?
2025-08-06 17:54:45.271  WARN 3856983 --- [nio-8080-exec-4] c.u.s.i.UserActivityLogServiceImpl       : 활동 로그 기록 실패: organizationId를 확인할 수 없습니다. userUuid: anonymousUser
2025-08-06 17:54:45.307  INFO 3856983 --- [nio-8080-exec-4] i.StatisticalLoggingSessionEventListener : Session Metrics {
    26070 nanoseconds spent acquiring 1 JDBC connections;
    0 nanoseconds spent releasing 0 JDBC connections;
    342393 nanoseconds spent preparing 3 JDBC statements;
    32191681 nanoseconds spent executing 3 JDBC statements;
    0 nanoseconds spent executing 0 JDBC batches;
    0 nanoseconds spent performing 0 L2C puts;
    0 nanoseconds spent performing 0 L2C hits;
    0 nanoseconds spent performing 0 L2C misses;
    3092745 nanoseconds spent executing 1 flushes (flushing a total of 13 entities and 26 collections);
    2063 nanoseconds spent executing 1 partial-flushes (flushing a total of 0 entities and 0 collections)
}
2025-08-06 17:54:45.321  INFO 3856983 --- [nio-8080-exec-5] e.c.j.JwtRequestFilter                   : [JwtRequestFilter] Skipping filter for permitAll path: /api/v1/cms/menu/public/79/page-details (matches() returned true)
2025-08-06 17:54:45.322  INFO 3856983 --- [nio-8080-exec-5] e.c.j.JwtRequestFilter                   : [JwtRequestFilter] Skipping filter for permitAll path: /api/v1/cms/menu/public/79/page-details (matches() returned true)
Hibernate: 
    select
        menu0_.id as id1_21_0_,
        menu0_.created_at as created_2_21_0_,
        menu0_.created_by as created14_21_0_,
        menu0_.created_ip as created_3_21_0_,
        menu0_.display_position as display_4_21_0_,
        menu0_.name as name5_21_0_,
        menu0_.parent_id as parent_i6_21_0_,
        menu0_.sort_order as sort_ord7_21_0_,
        menu0_.target_id as target_i8_21_0_,
        menu0_.type as type9_21_0_,
        menu0_.updated_at as updated10_21_0_,
        menu0_.updated_by as updated15_21_0_,
        menu0_.updated_ip as updated11_21_0_,
        menu0_.url as url12_21_0_,
        menu0_.visible as visible13_21_0_ 
    from
        menu menu0_ 
    where
        menu0_.id=?
2025-08-06 17:54:45.344  INFO 3856983 --- [nio-8080-exec-8] e.c.j.JwtRequestFilter                   : [JwtRequestFilter] Skipping filter for permitAll path: /api/v1/auth/verify (matches() returned true)
2025-08-06 17:54:45.344  INFO 3856983 --- [nio-8080-exec-8] e.c.j.JwtRequestFilter                   : [JwtRequestFilter] Skipping filter for permitAll path: /api/v1/auth/verify (matches() returned true)
Hibernate: 
    select
        bbsmasterd0_.bbs_id as bbs_id1_4_0_,
        bbsmasterd0_.admin_auth as admin_au2_4_0_,
        bbsmasterd0_.attachment_limit as attachme3_4_0_,
        bbsmasterd0_.attachment_size as attachme4_4_0_,
        bbsmasterd0_.attachment_yn as attachme5_4_0_,
        bbsmasterd0_.bbs_name as bbs_name6_4_0_,
        bbsmasterd0_.created_at as created_7_4_0_,
        bbsmasterd0_.created_by as created_8_4_0_,
        bbsmasterd0_.created_ip as created_9_4_0_,
        bbsmasterd0_.display_yn as display10_4_0_,
        bbsmasterd0_.notice_yn as notice_11_4_0_,
        bbsmasterd0_.publish_yn as publish12_4_0_,
        bbsmasterd0_.read_auth as read_au13_4_0_,
        bbsmasterd0_.skin_type as skin_ty14_4_0_,
        bbsmasterd0_.sort_order as sort_or15_4_0_,
        bbsmasterd0_.updated_at as updated16_4_0_,
        bbsmasterd0_.updated_by as updated17_4_0_,
        bbsmasterd0_.updated_ip as updated18_4_0_,
        bbsmasterd0_.write_auth as write_a19_4_0_ 
    from
        bbs_master bbsmasterd0_ 
    where
        bbsmasterd0_.bbs_id=?
2025-08-06 17:54:45.362  INFO 3856983 --- [nio-8080-exec-9] e.c.j.JwtRequestFilter                   : [JwtRequestFilter] NOT skipping filter for path: /api/v1/cms/menu (matches() returned false)
2025-08-06 17:54:45.362  INFO 3856983 --- [nio-8080-exec-9] e.c.j.JwtRequestFilter                   : [JwtRequestFilter] ACTUALLY FILTERING URI: /api/v1/cms/menu (shouldNotFilter must have returned false)
2025-08-06 17:54:45.382  INFO 3856983 --- [nio-8080-exec-8] c.a.p.JwtTokenProvider                   : [JwtTokenProvider] Original role string from token: 'ROLE_ADMIN'
2025-08-06 17:54:45.382  INFO 3856983 --- [nio-8080-exec-8] c.a.p.JwtTokenProvider                   : [JwtTokenProvider] Processed role string for Enum.valueOf(): 'ADMIN'
2025-08-06 17:54:45.382  INFO 3856983 --- [nio-8080-exec-9] c.a.p.JwtTokenProvider                   : [JwtTokenProvider] Original role string from token: 'ROLE_ADMIN'
2025-08-06 17:54:45.382  INFO 3856983 --- [nio-8080-exec-9] c.a.p.JwtTokenProvider                   : [JwtTokenProvider] Processed role string for Enum.valueOf(): 'ADMIN'
2025-08-06 17:54:45.383  INFO 3856983 --- [nio-8080-exec-9] e.c.j.JwtRequestFilter                   : [JwtRequestFilter] NOT skipping filter for path: /api/v1/cms/menu (matches() returned false)
Hibernate: 
    select
        user0_.uuid as uuid1_30_,
        user0_.address as address2_30_,
        user0_.avatar_url as avatar_u3_30_,
        user0_.birth_date as birth_da4_30_,
        user0_.car_no as car_no5_30_,
        user0_.created_at as created_6_30_,
        user0_.created_by as created29_30_,
        user0_.created_ip as created_7_30_,
        user0_.di as di8_30_,
        user0_.email as email9_30_,
        user0_.gender as gender10_30_,
        user0_.group_id as group_i11_30_,
        user0_.is_temporary as is_temp12_30_,
        user0_.memo as memo13_30_,
        user0_.memo_updated_at as memo_up14_30_,
        user0_.memo_updated_by as memo_up15_30_,
        user0_.name as name16_30_,
        user0_.organization_id as organiz17_30_,
        user0_.password as passwor18_30_,
        user0_.phone as phone19_30_,
        user0_.provider as provide20_30_,
        user0_.reset_token as reset_t21_30_,
        user0_.reset_token_expiry as reset_t22_30_,
        user0_.role as role23_30_,
        user0_.status as status24_30_,
        user0_.temp_pw_flag as temp_pw25_30_,
        user0_.updated_at as updated26_30_,
        user0_.updated_by as updated30_30_,
        user0_.updated_ip as updated27_30_,
        user0_.username as usernam28_30_ 
    from
        user user0_ 
    where
        user0_.username=?
Hibernate: 
    select
        user0_.uuid as uuid1_30_,
        user0_.address as address2_30_,
        user0_.avatar_url as avatar_u3_30_,
        user0_.birth_date as birth_da4_30_,
        user0_.car_no as car_no5_30_,
        user0_.created_at as created_6_30_,
        user0_.created_by as created29_30_,
        user0_.created_ip as created_7_30_,
        user0_.di as di8_30_,
        user0_.email as email9_30_,
        user0_.gender as gender10_30_,
        user0_.group_id as group_i11_30_,
        user0_.is_temporary as is_temp12_30_,
        user0_.memo as memo13_30_,
        user0_.memo_updated_at as memo_up14_30_,
        user0_.memo_updated_by as memo_up15_30_,
        user0_.name as name16_30_,
        user0_.organization_id as organiz17_30_,
        user0_.password as passwor18_30_,
        user0_.phone as phone19_30_,
        user0_.provider as provide20_30_,
        user0_.reset_token as reset_t21_30_,
        user0_.reset_token_expiry as reset_t22_30_,
        user0_.role as role23_30_,
        user0_.status as status24_30_,
        user0_.temp_pw_flag as temp_pw25_30_,
        user0_.updated_at as updated26_30_,
        user0_.updated_by as updated30_30_,
        user0_.updated_ip as updated27_30_,
        user0_.username as usernam28_30_ 
    from
        user user0_ 
    where
        user0_.username=?
2025-08-06 17:54:45.402  WARN 3856983 --- [nio-8080-exec-8] c.c.a.LoggingAspect                      : User not found with username: anonymousUser during activity logging.
2025-08-06 17:54:45.403  WARN 3856983 --- [nio-8080-exec-5] c.c.a.LoggingAspect                      : User not found with username: anonymousUser during activity logging.
Hibernate: 
    select
        user0_.uuid as uuid1_30_0_,
        user0_.address as address2_30_0_,
        user0_.avatar_url as avatar_u3_30_0_,
        user0_.birth_date as birth_da4_30_0_,
        user0_.car_no as car_no5_30_0_,
        user0_.created_at as created_6_30_0_,
        user0_.created_by as created29_30_0_,
        user0_.created_ip as created_7_30_0_,
        user0_.di as di8_30_0_,
        user0_.email as email9_30_0_,
        user0_.gender as gender10_30_0_,
        user0_.group_id as group_i11_30_0_,
        user0_.is_temporary as is_temp12_30_0_,
        user0_.memo as memo13_30_0_,
        user0_.memo_updated_at as memo_up14_30_0_,
        user0_.memo_updated_by as memo_up15_30_0_,
        user0_.name as name16_30_0_,
        user0_.organization_id as organiz17_30_0_,
        user0_.password as passwor18_30_0_,
        user0_.phone as phone19_30_0_,
        user0_.provider as provide20_30_0_,
        user0_.reset_token as reset_t21_30_0_,
        user0_.reset_token_expiry as reset_t22_30_0_,
        user0_.role as role23_30_0_,
        user0_.status as status24_30_0_,
        user0_.temp_pw_flag as temp_pw25_30_0_,
        user0_.updated_at as updated26_30_0_,
        user0_.updated_by as updated30_30_0_,
        user0_.updated_ip as updated27_30_0_,
        user0_.username as usernam28_30_0_ 
    from
        user user0_ 
    where
        user0_.uuid=?
Hibernate: 
    select
        user0_.uuid as uuid1_30_0_,
        user0_.address as address2_30_0_,
        user0_.avatar_url as avatar_u3_30_0_,
        user0_.birth_date as birth_da4_30_0_,
        user0_.car_no as car_no5_30_0_,
        user0_.created_at as created_6_30_0_,
        user0_.created_by as created29_30_0_,
        user0_.created_ip as created_7_30_0_,
        user0_.di as di8_30_0_,
        user0_.email as email9_30_0_,
        user0_.gender as gender10_30_0_,
        user0_.group_id as group_i11_30_0_,
        user0_.is_temporary as is_temp12_30_0_,
        user0_.memo as memo13_30_0_,
        user0_.memo_updated_at as memo_up14_30_0_,
        user0_.memo_updated_by as memo_up15_30_0_,
        user0_.name as name16_30_0_,
        user0_.organization_id as organiz17_30_0_,
        user0_.password as passwor18_30_0_,
        user0_.phone as phone19_30_0_,
        user0_.provider as provide20_30_0_,
        user0_.reset_token as reset_t21_30_0_,
        user0_.reset_token_expiry as reset_t22_30_0_,
        user0_.role as role23_30_0_,
        user0_.status as status24_30_0_,
        user0_.temp_pw_flag as temp_pw25_30_0_,
        user0_.updated_at as updated26_30_0_,
        user0_.updated_by as updated30_30_0_,
        user0_.updated_ip as updated27_30_0_,
        user0_.username as usernam28_30_0_ 
    from
        user user0_ 
    where
        user0_.uuid=?
2025-08-06 17:54:45.421  WARN 3856983 --- [nio-8080-exec-8] c.u.s.i.UserActivityLogServiceImpl       : 활동 로그 기록 실패: organizationId를 확인할 수 없습니다. userUuid: anonymousUser
2025-08-06 17:54:45.425  WARN 3856983 --- [nio-8080-exec-5] c.u.s.i.UserActivityLogServiceImpl       : 활동 로그 기록 실패: organizationId를 확인할 수 없습니다. userUuid: anonymousUser
Hibernate: 
    select
        menu0_.id as id1_21_,
        menu0_.created_at as created_2_21_,
        menu0_.created_by as created14_21_,
        menu0_.created_ip as created_3_21_,
        menu0_.display_position as display_4_21_,
        menu0_.name as name5_21_,
        menu0_.parent_id as parent_i6_21_,
        menu0_.sort_order as sort_ord7_21_,
        menu0_.target_id as target_i8_21_,
        menu0_.type as type9_21_,
        menu0_.updated_at as updated10_21_,
        menu0_.updated_by as updated15_21_,
        menu0_.updated_ip as updated11_21_,
        menu0_.url as url12_21_,
        menu0_.visible as visible13_21_ 
    from
        menu menu0_
2025-08-06 17:54:45.443  INFO 3856983 --- [nio-8080-exec-8] i.StatisticalLoggingSessionEventListener : Session Metrics {
    8387278 nanoseconds spent acquiring 1 JDBC connections;
    0 nanoseconds spent releasing 0 JDBC connections;
    8592562 nanoseconds spent preparing 2 JDBC statements;
    18383171 nanoseconds spent executing 2 JDBC statements;
    0 nanoseconds spent executing 0 JDBC batches;
    0 nanoseconds spent performing 0 L2C puts;
    0 nanoseconds spent performing 0 L2C hits;
    0 nanoseconds spent performing 0 L2C misses;
    0 nanoseconds spent executing 0 flushes (flushing a total of 0 entities and 0 collections);
    0 nanoseconds spent executing 0 partial-flushes (flushing a total of 0 entities and 0 collections)
}
2025-08-06 17:54:45.450  INFO 3856983 --- [nio-8080-exec-5] i.StatisticalLoggingSessionEventListener : Session Metrics {
    63073 nanoseconds spent acquiring 1 JDBC connections;
    0 nanoseconds spent releasing 0 JDBC connections;
    406610 nanoseconds spent preparing 4 JDBC statements;
    41711847 nanoseconds spent executing 4 JDBC statements;
    0 nanoseconds spent executing 0 JDBC batches;
    0 nanoseconds spent performing 0 L2C puts;
    0 nanoseconds spent performing 0 L2C hits;
    0 nanoseconds spent performing 0 L2C misses;
    538601 nanoseconds spent executing 1 flushes (flushing a total of 2 entities and 2 collections);
    0 nanoseconds spent executing 0 partial-flushes (flushing a total of 0 entities and 0 collections)
}
2025-08-06 17:54:45.464  INFO 3856983 --- [io-8080-exec-10] e.c.j.JwtRequestFilter                   : [JwtRequestFilter] Skipping filter for permitAll path: /api/v1/cms/bbs/article (matches() returned true)
2025-08-06 17:54:45.465  INFO 3856983 --- [io-8080-exec-10] e.c.j.JwtRequestFilter                   : [JwtRequestFilter] Skipping filter for permitAll path: /api/v1/cms/bbs/article (matches() returned true)
Hibernate: 
    select
        bbsarticle0_.ntt_id as ntt_id1_0_,
        bbsarticle0_.bbs_id as bbs_id23_0_,
        bbsarticle0_.content as content2_0_,
        bbsarticle0_.created_at as created_3_0_,
        bbsarticle0_.created_by as created_4_0_,
        bbsarticle0_.created_ip as created_5_0_,
        bbsarticle0_.display_writer as display_6_0_,
        bbsarticle0_.external_link as external7_0_,
        bbsarticle0_.has_image_in_content as has_imag8_0_,
        bbsarticle0_.hits as hits9_0_,
        bbsarticle0_.menu_id as menu_id24_0_,
        bbsarticle0_.notice_end_dt as notice_10_0_,
        bbsarticle0_.notice_start_dt as notice_11_0_,
        bbsarticle0_.notice_state as notice_12_0_,
        bbsarticle0_.parent_ntt_id as parent_25_0_,
        bbsarticle0_.posted_at as posted_13_0_,
        bbsarticle0_.publish_end_dt as publish14_0_,
        bbsarticle0_.publish_start_dt as publish15_0_,
        bbsarticle0_.publish_state as publish16_0_,
        bbsarticle0_.thread_depth as thread_17_0_,
        bbsarticle0_.title as title18_0_,
        bbsarticle0_.updated_at as updated19_0_,
        bbsarticle0_.updated_by as updated20_0_,
        bbsarticle0_.updated_ip as updated21_0_,
        bbsarticle0_.writer as writer22_0_ 
    from
        bbs_article bbsarticle0_ 
    where
        bbsarticle0_.bbs_id=? 
        and bbsarticle0_.menu_id=? 
        and (
            bbsarticle0_.publish_state in (
                'Y' , 'P'
            )
        ) 
    order by
        bbsarticle0_.notice_state DESC,
        bbsarticle0_.posted_at DESC,
        bbsarticle0_.created_at desc limit ?
Hibernate: 
    select
        children0_.parent_id as parent_i6_21_0_,
        children0_.id as id1_21_0_,
        children0_.id as id1_21_1_,
        children0_.created_at as created_2_21_1_,
        children0_.created_by as created14_21_1_,
        children0_.created_ip as created_3_21_1_,
        children0_.display_position as display_4_21_1_,
        children0_.name as name5_21_1_,
        children0_.parent_id as parent_i6_21_1_,
        children0_.sort_order as sort_ord7_21_1_,
        children0_.target_id as target_i8_21_1_,
        children0_.type as type9_21_1_,
        children0_.updated_at as updated10_21_1_,
        children0_.updated_by as updated15_21_1_,
        children0_.updated_ip as updated11_21_1_,
        children0_.url as url12_21_1_,
        children0_.visible as visible13_21_1_ 
    from
        menu children0_ 
    where
        children0_.parent_id=?
Hibernate: 
    select
        count(bbsarticle0_.ntt_id) as col_0_0_ 
    from
        bbs_article bbsarticle0_ 
    where
        bbsarticle0_.bbs_id=? 
        and bbsarticle0_.menu_id=? 
        and (
            bbsarticle0_.publish_state in (
                'Y' , 'P'
            )
        )
Hibernate: 
    select
        count(bbsarticle0_.ntt_id) as col_0_0_ 
    from
        bbs_article bbsarticle0_ 
    where
        bbsarticle0_.bbs_id=? 
        and bbsarticle0_.menu_id=? 
        and bbsarticle0_.notice_state<>? 
        and (
            bbsarticle0_.publish_state in (
                'Y' , 'P'
            )
        )
Hibernate: 
    select
        children0_.parent_id as parent_i6_21_0_,
        children0_.id as id1_21_0_,
        children0_.id as id1_21_1_,
        children0_.created_at as created_2_21_1_,
        children0_.created_by as created14_21_1_,
        children0_.created_ip as created_3_21_1_,
        children0_.display_position as display_4_21_1_,
        children0_.name as name5_21_1_,
        children0_.parent_id as parent_i6_21_1_,
        children0_.sort_order as sort_ord7_21_1_,
        children0_.target_id as target_i8_21_1_,
        children0_.type as type9_21_1_,
        children0_.updated_at as updated10_21_1_,
        children0_.updated_by as updated15_21_1_,
        children0_.updated_ip as updated11_21_1_,
        children0_.url as url12_21_1_,
        children0_.visible as visible13_21_1_ 
    from
        menu children0_ 
    where
        children0_.parent_id=?
Hibernate: 
    select
        children0_.parent_id as parent_i6_21_0_,
        children0_.id as id1_21_0_,
        children0_.id as id1_21_1_,
        children0_.created_at as created_2_21_1_,
        children0_.created_by as created14_21_1_,
        children0_.created_ip as created_3_21_1_,
        children0_.display_position as display_4_21_1_,
        children0_.name as name5_21_1_,
        children0_.parent_id as parent_i6_21_1_,
        children0_.sort_order as sort_ord7_21_1_,
        children0_.target_id as target_i8_21_1_,
        children0_.type as type9_21_1_,
        children0_.updated_at as updated10_21_1_,
        children0_.updated_by as updated15_21_1_,
        children0_.updated_ip as updated11_21_1_,
        children0_.url as url12_21_1_,
        children0_.visible as visible13_21_1_ 
    from
        menu children0_ 
    where
        children0_.parent_id=?
Hibernate: 
    select
        cmsfile0_.file_id as file_id1_12_,
        cmsfile0_.created_by as created_3_12_,
        cmsfile0_.created_date as created19_12_,
        cmsfile0_.created_ip as created_4_12_,
        cmsfile0_.ext as ext5_12_,
        cmsfile0_.file_order as file_ord6_12_,
        cmsfile0_.menu as menu20_12_,
        cmsfile0_.menu_id as menu_id21_12_,
        cmsfile0_.mime_type as mime_typ7_12_,
        cmsfile0_.origin_name as origin_10_12_,
        cmsfile0_.public_yn as public_11_12_,
        cmsfile0_.saved_name as saved_n12_12_,
        cmsfile0_.size as size13_12_,
        cmsfile0_.updated_by as updated16_12_,
        cmsfile0_.updated_date as updated22_12_,
        cmsfile0_.updated_ip as updated17_12_,
        cmsfile0_.version as version18_12_ 
    from
        file cmsfile0_ 
    where
        cmsfile0_.menu=? 
        and cmsfile0_.menu_id=? 
    order by
        cmsfile0_.file_order ASC
Hibernate: 
    select
        children0_.parent_id as parent_i6_21_0_,
        children0_.id as id1_21_0_,
        children0_.id as id1_21_1_,
        children0_.created_at as created_2_21_1_,
        children0_.created_by as created14_21_1_,
        children0_.created_ip as created_3_21_1_,
        children0_.display_position as display_4_21_1_,
        children0_.name as name5_21_1_,
        children0_.parent_id as parent_i6_21_1_,
        children0_.sort_order as sort_ord7_21_1_,
        children0_.target_id as target_i8_21_1_,
        children0_.type as type9_21_1_,
        children0_.updated_at as updated10_21_1_,
        children0_.updated_by as updated15_21_1_,
        children0_.updated_ip as updated11_21_1_,
        children0_.url as url12_21_1_,
        children0_.visible as visible13_21_1_ 
    from
        menu children0_ 
    where
        children0_.parent_id=?
Hibernate: 
    select
        categories0_.ntt_id as ntt_id2_1_0_,
        categories0_.category_id as category1_1_0_,
        categories0_.category_id as category1_1_1_,
        categories0_.ntt_id as ntt_id2_1_1_ 
    from
        bbs_article_category categories0_ 
    where
        categories0_.ntt_id=?
Hibernate: 
    select
        children0_.parent_id as parent_i6_21_0_,
        children0_.id as id1_21_0_,
        children0_.id as id1_21_1_,
        children0_.created_at as created_2_21_1_,
        children0_.created_by as created14_21_1_,
        children0_.created_ip as created_3_21_1_,
        children0_.display_position as display_4_21_1_,
        children0_.name as name5_21_1_,
        children0_.parent_id as parent_i6_21_1_,
        children0_.sort_order as sort_ord7_21_1_,
        children0_.target_id as target_i8_21_1_,
        children0_.type as type9_21_1_,
        children0_.updated_at as updated10_21_1_,
        children0_.updated_by as updated15_21_1_,
        children0_.updated_ip as updated11_21_1_,
        children0_.url as url12_21_1_,
        children0_.visible as visible13_21_1_ 
    from
        menu children0_ 
    where
        children0_.parent_id=?
Hibernate: 
    select
        bbscategor0_.category_id as category1_2_0_,
        bbscategor0_.bbs_id as bbs_id12_2_0_,
        bbscategor0_.code as code2_2_0_,
        bbscategor0_.created_at as created_3_2_0_,
        bbscategor0_.created_by as created_4_2_0_,
        bbscategor0_.created_ip as created_5_2_0_,
        bbscategor0_.display_yn as display_6_2_0_,
        bbscategor0_.name as name7_2_0_,
        bbscategor0_.sort_order as sort_ord8_2_0_,
        bbscategor0_.updated_at as updated_9_2_0_,
        bbscategor0_.updated_by as updated10_2_0_,
        bbscategor0_.updated_ip as updated11_2_0_ 
    from
        bbs_category bbscategor0_ 
    where
        bbscategor0_.category_id=?
Hibernate: 
    select
        children0_.parent_id as parent_i6_21_0_,
        children0_.id as id1_21_0_,
        children0_.id as id1_21_1_,
        children0_.created_at as created_2_21_1_,
        children0_.created_by as created14_21_1_,
        children0_.created_ip as created_3_21_1_,
        children0_.display_position as display_4_21_1_,
        children0_.name as name5_21_1_,
        children0_.parent_id as parent_i6_21_1_,
        children0_.sort_order as sort_ord7_21_1_,
        children0_.target_id as target_i8_21_1_,
        children0_.type as type9_21_1_,
        children0_.updated_at as updated10_21_1_,
        children0_.updated_by as updated15_21_1_,
        children0_.updated_ip as updated11_21_1_,
        children0_.url as url12_21_1_,
        children0_.visible as visible13_21_1_ 
    from
        menu children0_ 
    where
        children0_.parent_id=?
Hibernate: 
    select
        bbsmasterd0_.bbs_id as bbs_id1_4_0_,
        bbsmasterd0_.admin_auth as admin_au2_4_0_,
        bbsmasterd0_.attachment_limit as attachme3_4_0_,
        bbsmasterd0_.attachment_size as attachme4_4_0_,
        bbsmasterd0_.attachment_yn as attachme5_4_0_,
        bbsmasterd0_.bbs_name as bbs_name6_4_0_,
        bbsmasterd0_.created_at as created_7_4_0_,
        bbsmasterd0_.created_by as created_8_4_0_,
        bbsmasterd0_.created_ip as created_9_4_0_,
        bbsmasterd0_.display_yn as display10_4_0_,
        bbsmasterd0_.notice_yn as notice_11_4_0_,
        bbsmasterd0_.publish_yn as publish12_4_0_,
        bbsmasterd0_.read_auth as read_au13_4_0_,
        bbsmasterd0_.skin_type as skin_ty14_4_0_,
        bbsmasterd0_.sort_order as sort_or15_4_0_,
        bbsmasterd0_.updated_at as updated16_4_0_,
        bbsmasterd0_.updated_by as updated17_4_0_,
        bbsmasterd0_.updated_ip as updated18_4_0_,
        bbsmasterd0_.write_auth as write_a19_4_0_ 
    from
        bbs_master bbsmasterd0_ 
    where
        bbsmasterd0_.bbs_id=?
Hibernate: 
    select
        children0_.parent_id as parent_i6_21_0_,
        children0_.id as id1_21_0_,
        children0_.id as id1_21_1_,
        children0_.created_at as created_2_21_1_,
        children0_.created_by as created14_21_1_,
        children0_.created_ip as created_3_21_1_,
        children0_.display_position as display_4_21_1_,
        children0_.name as name5_21_1_,
        children0_.parent_id as parent_i6_21_1_,
        children0_.sort_order as sort_ord7_21_1_,
        children0_.target_id as target_i8_21_1_,
        children0_.type as type9_21_1_,
        children0_.updated_at as updated10_21_1_,
        children0_.updated_by as updated15_21_1_,
        children0_.updated_ip as updated11_21_1_,
        children0_.url as url12_21_1_,
        children0_.visible as visible13_21_1_ 
    from
        menu children0_ 
    where
        children0_.parent_id=?
Hibernate: 
    select
        cmsfile0_.file_id as file_id1_12_,
        cmsfile0_.created_by as created_3_12_,
        cmsfile0_.created_date as created19_12_,
        cmsfile0_.created_ip as created_4_12_,
        cmsfile0_.ext as ext5_12_,
        cmsfile0_.file_order as file_ord6_12_,
        cmsfile0_.menu as menu20_12_,
        cmsfile0_.menu_id as menu_id21_12_,
        cmsfile0_.mime_type as mime_typ7_12_,
        cmsfile0_.origin_name as origin_10_12_,
        cmsfile0_.public_yn as public_11_12_,
        cmsfile0_.saved_name as saved_n12_12_,
        cmsfile0_.size as size13_12_,
        cmsfile0_.updated_by as updated16_12_,
        cmsfile0_.updated_date as updated22_12_,
        cmsfile0_.updated_ip as updated17_12_,
        cmsfile0_.version as version18_12_ 
    from
        file cmsfile0_ 
    where
        cmsfile0_.menu=? 
        and cmsfile0_.menu_id=? 
    order by
        cmsfile0_.file_order ASC
Hibernate: 
    select
        categories0_.ntt_id as ntt_id2_1_0_,
        categories0_.category_id as category1_1_0_,
        categories0_.category_id as category1_1_1_,
        categories0_.ntt_id as ntt_id2_1_1_ 
    from
        bbs_article_category categories0_ 
    where
        categories0_.ntt_id=?
Hibernate: 
    select
        children0_.parent_id as parent_i6_21_0_,
        children0_.id as id1_21_0_,
        children0_.id as id1_21_1_,
        children0_.created_at as created_2_21_1_,
        children0_.created_by as created14_21_1_,
        children0_.created_ip as created_3_21_1_,
        children0_.display_position as display_4_21_1_,
        children0_.name as name5_21_1_,
        children0_.parent_id as parent_i6_21_1_,
        children0_.sort_order as sort_ord7_21_1_,
        children0_.target_id as target_i8_21_1_,
        children0_.type as type9_21_1_,
        children0_.updated_at as updated10_21_1_,
        children0_.updated_by as updated15_21_1_,
        children0_.updated_ip as updated11_21_1_,
        children0_.url as url12_21_1_,
        children0_.visible as visible13_21_1_ 
    from
        menu children0_ 
    where
        children0_.parent_id=?
Hibernate: 
    select
        children0_.parent_id as parent_i6_21_0_,
        children0_.id as id1_21_0_,
        children0_.id as id1_21_1_,
        children0_.created_at as created_2_21_1_,
        children0_.created_by as created14_21_1_,
        children0_.created_ip as created_3_21_1_,
        children0_.display_position as display_4_21_1_,
        children0_.name as name5_21_1_,
        children0_.parent_id as parent_i6_21_1_,
        children0_.sort_order as sort_ord7_21_1_,
        children0_.target_id as target_i8_21_1_,
        children0_.type as type9_21_1_,
        children0_.updated_at as updated10_21_1_,
        children0_.updated_by as updated15_21_1_,
        children0_.updated_ip as updated11_21_1_,
        children0_.url as url12_21_1_,
        children0_.visible as visible13_21_1_ 
    from
        menu children0_ 
    where
        children0_.parent_id=?
Hibernate: 
    select
        cmsfile0_.file_id as file_id1_12_,
        cmsfile0_.created_by as created_3_12_,
        cmsfile0_.created_date as created19_12_,
        cmsfile0_.created_ip as created_4_12_,
        cmsfile0_.ext as ext5_12_,
        cmsfile0_.file_order as file_ord6_12_,
        cmsfile0_.menu as menu20_12_,
        cmsfile0_.menu_id as menu_id21_12_,
        cmsfile0_.mime_type as mime_typ7_12_,
        cmsfile0_.origin_name as origin_10_12_,
        cmsfile0_.public_yn as public_11_12_,
        cmsfile0_.saved_name as saved_n12_12_,
        cmsfile0_.size as size13_12_,
        cmsfile0_.updated_by as updated16_12_,
        cmsfile0_.updated_date as updated22_12_,
        cmsfile0_.updated_ip as updated17_12_,
        cmsfile0_.version as version18_12_ 
    from
        file cmsfile0_ 
    where
        cmsfile0_.menu=? 
        and cmsfile0_.menu_id=? 
    order by
        cmsfile0_.file_order ASC
Hibernate: 
    select
        categories0_.ntt_id as ntt_id2_1_0_,
        categories0_.category_id as category1_1_0_,
        categories0_.category_id as category1_1_1_,
        categories0_.ntt_id as ntt_id2_1_1_ 
    from
        bbs_article_category categories0_ 
    where
        categories0_.ntt_id=?
Hibernate: 
    select
        children0_.parent_id as parent_i6_21_0_,
        children0_.id as id1_21_0_,
        children0_.id as id1_21_1_,
        children0_.created_at as created_2_21_1_,
        children0_.created_by as created14_21_1_,
        children0_.created_ip as created_3_21_1_,
        children0_.display_position as display_4_21_1_,
        children0_.name as name5_21_1_,
        children0_.parent_id as parent_i6_21_1_,
        children0_.sort_order as sort_ord7_21_1_,
        children0_.target_id as target_i8_21_1_,
        children0_.type as type9_21_1_,
        children0_.updated_at as updated10_21_1_,
        children0_.updated_by as updated15_21_1_,
        children0_.updated_ip as updated11_21_1_,
        children0_.url as url12_21_1_,
        children0_.visible as visible13_21_1_ 
    from
        menu children0_ 
    where
        children0_.parent_id=?
Hibernate: 
    select
        children0_.parent_id as parent_i6_21_0_,
        children0_.id as id1_21_0_,
        children0_.id as id1_21_1_,
        children0_.created_at as created_2_21_1_,
        children0_.created_by as created14_21_1_,
        children0_.created_ip as created_3_21_1_,
        children0_.display_position as display_4_21_1_,
        children0_.name as name5_21_1_,
        children0_.parent_id as parent_i6_21_1_,
        children0_.sort_order as sort_ord7_21_1_,
        children0_.target_id as target_i8_21_1_,
        children0_.type as type9_21_1_,
        children0_.updated_at as updated10_21_1_,
        children0_.updated_by as updated15_21_1_,
        children0_.updated_ip as updated11_21_1_,
        children0_.url as url12_21_1_,
        children0_.visible as visible13_21_1_ 
    from
        menu children0_ 
    where
        children0_.parent_id=?
Hibernate: 
    select
        children0_.parent_id as parent_i6_21_0_,
        children0_.id as id1_21_0_,
        children0_.id as id1_21_1_,
        children0_.created_at as created_2_21_1_,
        children0_.created_by as created14_21_1_,
        children0_.created_ip as created_3_21_1_,
        children0_.display_position as display_4_21_1_,
        children0_.name as name5_21_1_,
        children0_.parent_id as parent_i6_21_1_,
        children0_.sort_order as sort_ord7_21_1_,
        children0_.target_id as target_i8_21_1_,
        children0_.type as type9_21_1_,
        children0_.updated_at as updated10_21_1_,
        children0_.updated_by as updated15_21_1_,
        children0_.updated_ip as updated11_21_1_,
        children0_.url as url12_21_1_,
        children0_.visible as visible13_21_1_ 
    from
        menu children0_ 
    where
        children0_.parent_id=?
Hibernate: 
    SELECT
        COUNT(*) 
    FROM
        bbs_article a 
    WHERE
        a.bbs_id = ? 
        AND a.menu_id = ? 
        AND a.notice_state <> 'Y' 
        AND a.publish_state IN (
            'Y', 'P'
        ) 
        AND a.posted_at >= (
            SELECT
                posted_at 
            FROM
                bbs_article 
            WHERE
                ntt_id = ?
        )
Hibernate: 
    select
        children0_.parent_id as parent_i6_21_0_,
        children0_.id as id1_21_0_,
        children0_.id as id1_21_1_,
        children0_.created_at as created_2_21_1_,
        children0_.created_by as created14_21_1_,
        children0_.created_ip as created_3_21_1_,
        children0_.display_position as display_4_21_1_,
        children0_.name as name5_21_1_,
        children0_.parent_id as parent_i6_21_1_,
        children0_.sort_order as sort_ord7_21_1_,
        children0_.target_id as target_i8_21_1_,
        children0_.type as type9_21_1_,
        children0_.updated_at as updated10_21_1_,
        children0_.updated_by as updated15_21_1_,
        children0_.updated_ip as updated11_21_1_,
        children0_.url as url12_21_1_,
        children0_.visible as visible13_21_1_ 
    from
        menu children0_ 
    where
        children0_.parent_id=?
Hibernate: 
    select
        cmsfile0_.file_id as file_id1_12_,
        cmsfile0_.created_by as created_3_12_,
        cmsfile0_.created_date as created19_12_,
        cmsfile0_.created_ip as created_4_12_,
        cmsfile0_.ext as ext5_12_,
        cmsfile0_.file_order as file_ord6_12_,
        cmsfile0_.menu as menu20_12_,
        cmsfile0_.menu_id as menu_id21_12_,
        cmsfile0_.mime_type as mime_typ7_12_,
        cmsfile0_.origin_name as origin_10_12_,
        cmsfile0_.public_yn as public_11_12_,
        cmsfile0_.saved_name as saved_n12_12_,
        cmsfile0_.size as size13_12_,
        cmsfile0_.updated_by as updated16_12_,
        cmsfile0_.updated_date as updated22_12_,
        cmsfile0_.updated_ip as updated17_12_,
        cmsfile0_.version as version18_12_ 
    from
        file cmsfile0_ 
    where
        cmsfile0_.menu=? 
        and cmsfile0_.menu_id=? 
    order by
        cmsfile0_.file_order ASC
Hibernate: 
    select
        categories0_.ntt_id as ntt_id2_1_0_,
        categories0_.category_id as category1_1_0_,
        categories0_.category_id as category1_1_1_,
        categories0_.ntt_id as ntt_id2_1_1_ 
    from
        bbs_article_category categories0_ 
    where
        categories0_.ntt_id=?
Hibernate: 
    SELECT
        COUNT(*) 
    FROM
        bbs_article a 
    WHERE
        a.bbs_id = ? 
        AND a.menu_id = ? 
        AND a.notice_state <> 'Y' 
        AND a.publish_state IN (
            'Y', 'P'
        ) 
        AND a.posted_at >= (
            SELECT
                posted_at 
            FROM
                bbs_article 
            WHERE
                ntt_id = ?
        )
Hibernate: 
    select
        user0_.uuid as uuid1_30_0_,
        user0_.address as address2_30_0_,
        user0_.avatar_url as avatar_u3_30_0_,
        user0_.birth_date as birth_da4_30_0_,
        user0_.car_no as car_no5_30_0_,
        user0_.created_at as created_6_30_0_,
        user0_.created_by as created29_30_0_,
        user0_.created_ip as created_7_30_0_,
        user0_.di as di8_30_0_,
        user0_.email as email9_30_0_,
        user0_.gender as gender10_30_0_,
        user0_.group_id as group_i11_30_0_,
        user0_.is_temporary as is_temp12_30_0_,
        user0_.memo as memo13_30_0_,
        user0_.memo_updated_at as memo_up14_30_0_,
        user0_.memo_updated_by as memo_up15_30_0_,
        user0_.name as name16_30_0_,
        user0_.organization_id as organiz17_30_0_,
        user0_.password as passwor18_30_0_,
        user0_.phone as phone19_30_0_,
        user0_.provider as provide20_30_0_,
        user0_.reset_token as reset_t21_30_0_,
        user0_.reset_token_expiry as reset_t22_30_0_,
        user0_.role as role23_30_0_,
        user0_.status as status24_30_0_,
        user0_.temp_pw_flag as temp_pw25_30_0_,
        user0_.updated_at as updated26_30_0_,
        user0_.updated_by as updated30_30_0_,
        user0_.updated_ip as updated27_30_0_,
        user0_.username as usernam28_30_0_ 
    from
        user user0_ 
    where
        user0_.uuid=?
Hibernate: 
    select
        cmsfile0_.file_id as file_id1_12_,
        cmsfile0_.created_by as created_3_12_,
        cmsfile0_.created_date as created19_12_,
        cmsfile0_.created_ip as created_4_12_,
        cmsfile0_.ext as ext5_12_,
        cmsfile0_.file_order as file_ord6_12_,
        cmsfile0_.menu as menu20_12_,
        cmsfile0_.menu_id as menu_id21_12_,
        cmsfile0_.mime_type as mime_typ7_12_,
        cmsfile0_.origin_name as origin_10_12_,
        cmsfile0_.public_yn as public_11_12_,
        cmsfile0_.saved_name as saved_n12_12_,
        cmsfile0_.size as size13_12_,
        cmsfile0_.updated_by as updated16_12_,
        cmsfile0_.updated_date as updated22_12_,
        cmsfile0_.updated_ip as updated17_12_,
        cmsfile0_.version as version18_12_ 
    from
        file cmsfile0_ 
    where
        cmsfile0_.menu=? 
        and cmsfile0_.menu_id=? 
    order by
        cmsfile0_.file_order ASC
2025-08-06 17:54:45.760  WARN 3856983 --- [nio-8080-exec-9] c.u.s.i.UserActivityLogServiceImpl       : 활동 로그 기록 실패: organizationId를 확인할 수 없습니다. userUuid: 00008ee4-3c4f-48b3-a30f-f686fdddb51c
Hibernate: 
    select
        categories0_.ntt_id as ntt_id2_1_0_,
        categories0_.category_id as category1_1_0_,
        categories0_.category_id as category1_1_1_,
        categories0_.ntt_id as ntt_id2_1_1_ 
    from
        bbs_article_category categories0_ 
    where
        categories0_.ntt_id=?
Hibernate: 
    SELECT
        COUNT(*) 
    FROM
        bbs_article a 
    WHERE
        a.bbs_id = ? 
        AND a.menu_id = ? 
        AND a.notice_state <> 'Y' 
        AND a.publish_state IN (
            'Y', 'P'
        ) 
        AND a.posted_at >= (
            SELECT
                posted_at 
            FROM
                bbs_article 
            WHERE
                ntt_id = ?
        )
Hibernate: 
    select
        cmsfile0_.file_id as file_id1_12_,
        cmsfile0_.created_by as created_3_12_,
        cmsfile0_.created_date as created19_12_,
        cmsfile0_.created_ip as created_4_12_,
        cmsfile0_.ext as ext5_12_,
        cmsfile0_.file_order as file_ord6_12_,
        cmsfile0_.menu as menu20_12_,
        cmsfile0_.menu_id as menu_id21_12_,
        cmsfile0_.mime_type as mime_typ7_12_,
        cmsfile0_.origin_name as origin_10_12_,
        cmsfile0_.public_yn as public_11_12_,
        cmsfile0_.saved_name as saved_n12_12_,
        cmsfile0_.size as size13_12_,
        cmsfile0_.updated_by as updated16_12_,
        cmsfile0_.updated_date as updated22_12_,
        cmsfile0_.updated_ip as updated17_12_,
        cmsfile0_.version as version18_12_ 
    from
        file cmsfile0_ 
    where
        cmsfile0_.menu=? 
        and cmsfile0_.menu_id=? 
    order by
        cmsfile0_.file_order ASC
2025-08-06 17:54:45.783  INFO 3856983 --- [nio-8080-exec-9] i.StatisticalLoggingSessionEventListener : Session Metrics {
    32981201 nanoseconds spent acquiring 1 JDBC connections;
    0 nanoseconds spent releasing 0 JDBC connections;
    1258536 nanoseconds spent preparing 15 JDBC statements;
    163733071 nanoseconds spent executing 15 JDBC statements;
    0 nanoseconds spent executing 0 JDBC batches;
    0 nanoseconds spent performing 0 L2C puts;
    0 nanoseconds spent performing 0 L2C hits;
    0 nanoseconds spent performing 0 L2C misses;
    973006 nanoseconds spent executing 1 flushes (flushing a total of 14 entities and 27 collections);
    6004 nanoseconds spent executing 1 partial-flushes (flushing a total of 0 entities and 0 collections)
}
Hibernate: 
    select
        categories0_.ntt_id as ntt_id2_1_0_,
        categories0_.category_id as category1_1_0_,
        categories0_.category_id as category1_1_1_,
        categories0_.ntt_id as ntt_id2_1_1_ 
    from
        bbs_article_category categories0_ 
    where
        categories0_.ntt_id=?
Hibernate: 
    SELECT
        COUNT(*) 
    FROM
        bbs_article a 
    WHERE
        a.bbs_id = ? 
        AND a.menu_id = ? 
        AND a.notice_state <> 'Y' 
        AND a.publish_state IN (
            'Y', 'P'
        ) 
        AND a.posted_at >= (
            SELECT
                posted_at 
            FROM
                bbs_article 
            WHERE
                ntt_id = ?
        )
Hibernate: 
    select
        cmsfile0_.file_id as file_id1_12_,
        cmsfile0_.created_by as created_3_12_,
        cmsfile0_.created_date as created19_12_,
        cmsfile0_.created_ip as created_4_12_,
        cmsfile0_.ext as ext5_12_,
        cmsfile0_.file_order as file_ord6_12_,
        cmsfile0_.menu as menu20_12_,
        cmsfile0_.menu_id as menu_id21_12_,
        cmsfile0_.mime_type as mime_typ7_12_,
        cmsfile0_.origin_name as origin_10_12_,
        cmsfile0_.public_yn as public_11_12_,
        cmsfile0_.saved_name as saved_n12_12_,
        cmsfile0_.size as size13_12_,
        cmsfile0_.updated_by as updated16_12_,
        cmsfile0_.updated_date as updated22_12_,
        cmsfile0_.updated_ip as updated17_12_,
        cmsfile0_.version as version18_12_ 
    from
        file cmsfile0_ 
    where
        cmsfile0_.menu=? 
        and cmsfile0_.menu_id=? 
    order by
        cmsfile0_.file_order ASC
Hibernate: 
    select
        categories0_.ntt_id as ntt_id2_1_0_,
        categories0_.category_id as category1_1_0_,
        categories0_.category_id as category1_1_1_,
        categories0_.ntt_id as ntt_id2_1_1_ 
    from
        bbs_article_category categories0_ 
    where
        categories0_.ntt_id=?
Hibernate: 
    SELECT
        COUNT(*) 
    FROM
        bbs_article a 
    WHERE
        a.bbs_id = ? 
        AND a.menu_id = ? 
        AND a.notice_state <> 'Y' 
        AND a.publish_state IN (
            'Y', 'P'
        ) 
        AND a.posted_at >= (
            SELECT
                posted_at 
            FROM
                bbs_article 
            WHERE
                ntt_id = ?
        )
Hibernate: 
    select
        cmsfile0_.file_id as file_id1_12_,
        cmsfile0_.created_by as created_3_12_,
        cmsfile0_.created_date as created19_12_,
        cmsfile0_.created_ip as created_4_12_,
        cmsfile0_.ext as ext5_12_,
        cmsfile0_.file_order as file_ord6_12_,
        cmsfile0_.menu as menu20_12_,
        cmsfile0_.menu_id as menu_id21_12_,
        cmsfile0_.mime_type as mime_typ7_12_,
        cmsfile0_.origin_name as origin_10_12_,
        cmsfile0_.public_yn as public_11_12_,
        cmsfile0_.saved_name as saved_n12_12_,
        cmsfile0_.size as size13_12_,
        cmsfile0_.updated_by as updated16_12_,
        cmsfile0_.updated_date as updated22_12_,
        cmsfile0_.updated_ip as updated17_12_,
        cmsfile0_.version as version18_12_ 
    from
        file cmsfile0_ 
    where
        cmsfile0_.menu=? 
        and cmsfile0_.menu_id=? 
    order by
        cmsfile0_.file_order ASC
Hibernate: 
    select
        categories0_.ntt_id as ntt_id2_1_0_,
        categories0_.category_id as category1_1_0_,
        categories0_.category_id as category1_1_1_,
        categories0_.ntt_id as ntt_id2_1_1_ 
    from
        bbs_article_category categories0_ 
    where
        categories0_.ntt_id=?
Hibernate: 
    SELECT
        COUNT(*) 
    FROM
        bbs_article a 
    WHERE
        a.bbs_id = ? 
        AND a.menu_id = ? 
        AND a.notice_state <> 'Y' 
        AND a.publish_state IN (
            'Y', 'P'
        ) 
        AND a.posted_at >= (
            SELECT
                posted_at 
            FROM
                bbs_article 
            WHERE
                ntt_id = ?
        )
Hibernate: 
    select
        cmsfile0_.file_id as file_id1_12_,
        cmsfile0_.created_by as created_3_12_,
        cmsfile0_.created_date as created19_12_,
        cmsfile0_.created_ip as created_4_12_,
        cmsfile0_.ext as ext5_12_,
        cmsfile0_.file_order as file_ord6_12_,
        cmsfile0_.menu as menu20_12_,
        cmsfile0_.menu_id as menu_id21_12_,
        cmsfile0_.mime_type as mime_typ7_12_,
        cmsfile0_.origin_name as origin_10_12_,
        cmsfile0_.public_yn as public_11_12_,
        cmsfile0_.saved_name as saved_n12_12_,
        cmsfile0_.size as size13_12_,
        cmsfile0_.updated_by as updated16_12_,
        cmsfile0_.updated_date as updated22_12_,
        cmsfile0_.updated_ip as updated17_12_,
        cmsfile0_.version as version18_12_ 
    from
        file cmsfile0_ 
    where
        cmsfile0_.menu=? 
        and cmsfile0_.menu_id=? 
    order by
        cmsfile0_.file_order ASC
Hibernate: 
    select
        categories0_.ntt_id as ntt_id2_1_0_,
        categories0_.category_id as category1_1_0_,
        categories0_.category_id as category1_1_1_,
        categories0_.ntt_id as ntt_id2_1_1_ 
    from
        bbs_article_category categories0_ 
    where
        categories0_.ntt_id=?
Hibernate: 
    SELECT
        COUNT(*) 
    FROM
        bbs_article a 
    WHERE
        a.bbs_id = ? 
        AND a.menu_id = ? 
        AND a.notice_state <> 'Y' 
        AND a.publish_state IN (
            'Y', 'P'
        ) 
        AND a.posted_at >= (
            SELECT
                posted_at 
            FROM
                bbs_article 
            WHERE
                ntt_id = ?
        )
Hibernate: 
    select
        cmsfile0_.file_id as file_id1_12_,
        cmsfile0_.created_by as created_3_12_,
        cmsfile0_.created_date as created19_12_,
        cmsfile0_.created_ip as created_4_12_,
        cmsfile0_.ext as ext5_12_,
        cmsfile0_.file_order as file_ord6_12_,
        cmsfile0_.menu as menu20_12_,
        cmsfile0_.menu_id as menu_id21_12_,
        cmsfile0_.mime_type as mime_typ7_12_,
        cmsfile0_.origin_name as origin_10_12_,
        cmsfile0_.public_yn as public_11_12_,
        cmsfile0_.saved_name as saved_n12_12_,
        cmsfile0_.size as size13_12_,
        cmsfile0_.updated_by as updated16_12_,
        cmsfile0_.updated_date as updated22_12_,
        cmsfile0_.updated_ip as updated17_12_,
        cmsfile0_.version as version18_12_ 
    from
        file cmsfile0_ 
    where
        cmsfile0_.menu=? 
        and cmsfile0_.menu_id=? 
    order by
        cmsfile0_.file_order ASC
Hibernate: 
    select
        categories0_.ntt_id as ntt_id2_1_0_,
        categories0_.category_id as category1_1_0_,
        categories0_.category_id as category1_1_1_,
        categories0_.ntt_id as ntt_id2_1_1_ 
    from
        bbs_article_category categories0_ 
    where
        categories0_.ntt_id=?
Hibernate: 
    SELECT
        COUNT(*) 
    FROM
        bbs_article a 
    WHERE
        a.bbs_id = ? 
        AND a.menu_id = ? 
        AND a.notice_state <> 'Y' 
        AND a.publish_state IN (
            'Y', 'P'
        ) 
        AND a.posted_at >= (
            SELECT
                posted_at 
            FROM
                bbs_article 
            WHERE
                ntt_id = ?
        )
Hibernate: 
    select
        user0_.uuid as uuid1_30_,
        user0_.address as address2_30_,
        user0_.avatar_url as avatar_u3_30_,
        user0_.birth_date as birth_da4_30_,
        user0_.car_no as car_no5_30_,
        user0_.created_at as created_6_30_,
        user0_.created_by as created29_30_,
        user0_.created_ip as created_7_30_,
        user0_.di as di8_30_,
        user0_.email as email9_30_,
        user0_.gender as gender10_30_,
        user0_.group_id as group_i11_30_,
        user0_.is_temporary as is_temp12_30_,
        user0_.memo as memo13_30_,
        user0_.memo_updated_at as memo_up14_30_,
        user0_.memo_updated_by as memo_up15_30_,
        user0_.name as name16_30_,
        user0_.organization_id as organiz17_30_,
        user0_.password as passwor18_30_,
        user0_.phone as phone19_30_,
        user0_.provider as provide20_30_,
        user0_.reset_token as reset_t21_30_,
        user0_.reset_token_expiry as reset_t22_30_,
        user0_.role as role23_30_,
        user0_.status as status24_30_,
        user0_.temp_pw_flag as temp_pw25_30_,
        user0_.updated_at as updated26_30_,
        user0_.updated_by as updated30_30_,
        user0_.updated_ip as updated27_30_,
        user0_.username as usernam28_30_ 
    from
        user user0_ 
    where
        user0_.username=?
2025-08-06 17:54:45.994  WARN 3856983 --- [io-8080-exec-10] c.c.a.LoggingAspect                      : User not found with username: anonymousUser during activity logging.
Hibernate: 
    select
        user0_.uuid as uuid1_30_0_,
        user0_.address as address2_30_0_,
        user0_.avatar_url as avatar_u3_30_0_,
        user0_.birth_date as birth_da4_30_0_,
        user0_.car_no as car_no5_30_0_,
        user0_.created_at as created_6_30_0_,
        user0_.created_by as created29_30_0_,
        user0_.created_ip as created_7_30_0_,
        user0_.di as di8_30_0_,
        user0_.email as email9_30_0_,
        user0_.gender as gender10_30_0_,
        user0_.group_id as group_i11_30_0_,
        user0_.is_temporary as is_temp12_30_0_,
        user0_.memo as memo13_30_0_,
        user0_.memo_updated_at as memo_up14_30_0_,
        user0_.memo_updated_by as memo_up15_30_0_,
        user0_.name as name16_30_0_,
        user0_.organization_id as organiz17_30_0_,
        user0_.password as passwor18_30_0_,
        user0_.phone as phone19_30_0_,
        user0_.provider as provide20_30_0_,
        user0_.reset_token as reset_t21_30_0_,
        user0_.reset_token_expiry as reset_t22_30_0_,
        user0_.role as role23_30_0_,
        user0_.status as status24_30_0_,
        user0_.temp_pw_flag as temp_pw25_30_0_,
        user0_.updated_at as updated26_30_0_,
        user0_.updated_by as updated30_30_0_,
        user0_.updated_ip as updated27_30_0_,
        user0_.username as usernam28_30_0_ 
    from
        user user0_ 
    where
        user0_.uuid=?
2025-08-06 17:54:46.016  INFO 3856983 --- [nio-8080-exec-2] e.c.j.JwtRequestFilter                   : [JwtRequestFilter] Skipping filter for permitAll path: /api/v1/auth/verify (matches() returned true)
2025-08-06 17:54:46.016  INFO 3856983 --- [nio-8080-exec-2] e.c.j.JwtRequestFilter                   : [JwtRequestFilter] Skipping filter for permitAll path: /api/v1/auth/verify (matches() returned true)
2025-08-06 17:54:46.018  WARN 3856983 --- [io-8080-exec-10] c.u.s.i.UserActivityLogServiceImpl       : 활동 로그 기록 실패: organizationId를 확인할 수 없습니다. userUuid: anonymousUser
2025-08-06 17:54:46.024  INFO 3856983 --- [nio-8080-exec-2] c.a.p.JwtTokenProvider                   : [JwtTokenProvider] Original role string from token: 'ROLE_ADMIN'
2025-08-06 17:54:46.024  INFO 3856983 --- [nio-8080-exec-2] c.a.p.JwtTokenProvider                   : [JwtTokenProvider] Processed role string for Enum.valueOf(): 'ADMIN'
Hibernate: 
    select
        user0_.uuid as uuid1_30_,
        user0_.address as address2_30_,
        user0_.avatar_url as avatar_u3_30_,
        user0_.birth_date as birth_da4_30_,
        user0_.car_no as car_no5_30_,
        user0_.created_at as created_6_30_,
        user0_.created_by as created29_30_,
        user0_.created_ip as created_7_30_,
        user0_.di as di8_30_,
        user0_.email as email9_30_,
        user0_.gender as gender10_30_,
        user0_.group_id as group_i11_30_,
        user0_.is_temporary as is_temp12_30_,
        user0_.memo as memo13_30_,
        user0_.memo_updated_at as memo_up14_30_,
        user0_.memo_updated_by as memo_up15_30_,
        user0_.name as name16_30_,
        user0_.organization_id as organiz17_30_,
        user0_.password as passwor18_30_,
        user0_.phone as phone19_30_,
        user0_.provider as provide20_30_,
        user0_.reset_token as reset_t21_30_,
        user0_.reset_token_expiry as reset_t22_30_,
        user0_.role as role23_30_,
        user0_.status as status24_30_,
        user0_.temp_pw_flag as temp_pw25_30_,
        user0_.updated_at as updated26_30_,
        user0_.updated_by as updated30_30_,
        user0_.updated_ip as updated27_30_,
        user0_.username as usernam28_30_ 
    from
        user user0_ 
    where
        user0_.username=?
2025-08-06 17:54:46.051  WARN 3856983 --- [nio-8080-exec-2] c.c.a.LoggingAspect                      : User not found with username: anonymousUser during activity logging.
Hibernate: 
    select
        user0_.uuid as uuid1_30_0_,
        user0_.address as address2_30_0_,
        user0_.avatar_url as avatar_u3_30_0_,
        user0_.birth_date as birth_da4_30_0_,
        user0_.car_no as car_no5_30_0_,
        user0_.created_at as created_6_30_0_,
        user0_.created_by as created29_30_0_,
        user0_.created_ip as created_7_30_0_,
        user0_.di as di8_30_0_,
        user0_.email as email9_30_0_,
        user0_.gender as gender10_30_0_,
        user0_.group_id as group_i11_30_0_,
        user0_.is_temporary as is_temp12_30_0_,
        user0_.memo as memo13_30_0_,
        user0_.memo_updated_at as memo_up14_30_0_,
        user0_.memo_updated_by as memo_up15_30_0_,
        user0_.name as name16_30_0_,
        user0_.organization_id as organiz17_30_0_,
        user0_.password as passwor18_30_0_,
        user0_.phone as phone19_30_0_,
        user0_.provider as provide20_30_0_,
        user0_.reset_token as reset_t21_30_0_,
        user0_.reset_token_expiry as reset_t22_30_0_,
        user0_.role as role23_30_0_,
        user0_.status as status24_30_0_,
        user0_.temp_pw_flag as temp_pw25_30_0_,
        user0_.updated_at as updated26_30_0_,
        user0_.updated_by as updated30_30_0_,
        user0_.updated_ip as updated27_30_0_,
        user0_.username as usernam28_30_0_ 
    from
        user user0_ 
    where
        user0_.uuid=?
2025-08-06 17:54:46.076  WARN 3856983 --- [nio-8080-exec-2] c.u.s.i.UserActivityLogServiceImpl       : 활동 로그 기록 실패: organizationId를 확인할 수 없습니다. userUuid: anonymousUser
2025-08-06 17:54:46.077  INFO 3856983 --- [io-8080-exec-10] i.StatisticalLoggingSessionEventListener : Session Metrics {
    67674 nanoseconds spent acquiring 1 JDBC connections;
    0 nanoseconds spent releasing 0 JDBC connections;
    2322259 nanoseconds spent preparing 35 JDBC statements;
    379191694 nanoseconds spent executing 35 JDBC statements;
    0 nanoseconds spent executing 0 JDBC batches;
    0 nanoseconds spent performing 0 L2C puts;
    0 nanoseconds spent performing 0 L2C hits;
    0 nanoseconds spent performing 0 L2C misses;
    7999279 nanoseconds spent executing 1 flushes (flushing a total of 14 entities and 10 collections);
    98876 nanoseconds spent executing 21 partial-flushes (flushing a total of 0 entities and 0 collections)
}
2025-08-06 17:54:46.098  INFO 3856983 --- [nio-8080-exec-2] i.StatisticalLoggingSessionEventListener : Session Metrics {
    13316659 nanoseconds spent acquiring 1 JDBC connections;
    0 nanoseconds spent releasing 0 JDBC connections;
    13644157 nanoseconds spent preparing 2 JDBC statements;
    23673646 nanoseconds spent executing 2 JDBC statements;
    0 nanoseconds spent executing 0 JDBC batches;
    0 nanoseconds spent performing 0 L2C puts;
    0 nanoseconds spent performing 0 L2C hits;
    0 nanoseconds spent performing 0 L2C misses;
    0 nanoseconds spent executing 0 flushes (flushing a total of 0 entities and 0 collections);
    0 nanoseconds spent executing 0 partial-flushes (flushing a total of 0 entities and 0 collections)
}
Hibernate: 
    select
        enroll0_.id as id1_9_,
        enroll0_.cancel_approved_at as cancel_a2_9_,
        enroll0_.cancel_reason as cancel_r3_9_,
        enroll0_.cancel_requested_at as cancel_r4_9_,
        enroll0_.cancel_status as cancel_s5_9_,
        enroll0_.created_at as created_6_9_,
        enroll0_.created_by as created_7_9_,
        enroll0_.created_ip as created_8_9_,
        enroll0_.days_used_for_refund as days_use9_9_,
        enroll0_.discount_admin_comment as discoun10_9_,
        enroll0_.discount_applied_percentage as discoun11_9_,
        enroll0_.discount_approved_at as discoun12_9_,
        enroll0_.discount_status as discoun13_9_,
        enroll0_.discount_type as discoun14_9_,
        enroll0_.expire_dt as expire_15_9_,
        enroll0_.final_amount as final_a16_9_,
        enroll0_.lesson_id as lesson_31_9_,
        enroll0_.locker_allocated as locker_17_9_,
        enroll0_.locker_no as locker_18_9_,
        enroll0_.locker_pg_token as locker_19_9_,
        enroll0_.membership_type as members20_9_,
        enroll0_.original_pay_status_before_cancel as origina21_9_,
        enroll0_.pay_status as pay_sta22_9_,
        enroll0_.refund_amount as refund_23_9_,
        enroll0_.remain_days as remain_24_9_,
        enroll0_.renewal_flag as renewal25_9_,
        enroll0_.status as status26_9_,
        enroll0_.updated_at as updated27_9_,
        enroll0_.updated_by as updated28_9_,
        enroll0_.updated_ip as updated29_9_,
        enroll0_.user_uuid as user_uu32_9_,
        enroll0_.uses_locker as uses_lo30_9_ 
    from
        enroll enroll0_ 
    where
        enroll0_.pay_status=? 
        and enroll0_.status=? 
        and enroll0_.expire_dt<?
2025-08-06 17:55:00.059  INFO 3856983 --- [       SockJS-1] i.StatisticalLoggingSessionEventListener : Session Metrics {
    10269721 nanoseconds spent acquiring 1 JDBC connections;
    0 nanoseconds spent releasing 0 JDBC connections;
    63138 nanoseconds spent preparing 1 JDBC statements;
    10526737 nanoseconds spent executing 1 JDBC statements;
    0 nanoseconds spent executing 0 JDBC batches;
    0 nanoseconds spent performing 0 L2C puts;
    0 nanoseconds spent performing 0 L2C hits;
    0 nanoseconds spent performing 0 L2C misses;
    0 nanoseconds spent executing 0 flushes (flushing a total of 0 entities and 0 collections);
    27634 nanoseconds spent executing 1 partial-flushes (flushing a total of 0 entities and 0 collections)
}
